Nome da campanha,Dia,Status de veiculação,Nível de veiculação,Nome da conta,Identificação da conta,Valor gasto (BRL),Impressões,Alcance,Cliques no link,CPC (custo por clique no link),Tipo de resultado,Resultados,Custo por resultado,Início dos relatórios,Encerramento dos relatórios,Resultados (iniciais)
[SET]_[N]_Card_Oferta - Feirão,2026-09-30,active,campaign,AUTOPLUS [FORD] LAGES,1439357536110942,7.17,433,362,5,1.434,Conversas por mensagem iniciadas,1,7.17,2026-09-30,2026-09-30,
[SET]_[N]_Vt_Oferta_M/T/R,2026-09-30,active,campaign,AUTOPLUS [FORD] LAGES,1439357536110942,6.25,138,122,7,0.89285714,Conversas por mensagem iniciadas,1,6.25,2026-09-30,2026-09-30,
[SET]_[SN]_Carrossel_Oferta - Estoque [TP],2026-09-30,active,campaign,AUTOPLUS [FORD] LAGES,1439357536110942,1.74,118,105,2,0.87,,,,2026-09-30,2026-09-30,
[SET]_[SN]_Carrossel_Oferta - Estoque,2026-09-30,active,campaign,AUTOPLUS [FORD] LAGES,1439357536110942,6.29,424,310,5,1.258,,,,2026-09-30,2026-09-30,
[SET]_[SN]_Card_Condição - Lote,2026-09-30,active,campaign,AUTOPLUS [FORD] LAGES,1439357536110942,6.79,224,183,2,3.395,Conversas por mensagem iniciadas,1,6.79,2026-09-30,2026-09-30,
[SET]_[N]_Card_Oferta - R/T/M,2026-09-30,active,campaign,AUTOPLUS [FORD] LAGES,1439357536110942,11.33,726,575,7,1.61857143,Conversas por mensagem iniciadas,1,11.33,2026-09-30,2026-09-30,
[SET]_[SN]_Card_Condição - Lote,2026-09-29,active,campaign,AUTOPLUS [FORD] LAGES,1439357536110942,52.22,1546,1212,16,3.26375,Conversas por mensagem iniciadas,3,17.40666667,2026-09-29,2026-09-29,
[SET]_[N]_Card_Oferta - R/T/M,2026-09-29,active,campaign,AUTOPLUS [FORD] LAGES,1439357536110942,69.45,4802,3339,61,1.13852459,Conversas por mensagem iniciadas,9,7.71666667,2026-09-29,2026-09-29,
[SET]_[SN]_Carrossel_Oferta - Estoque,2026-09-29,active,campaign,AUTOPLUS [FORD] LAGES,1439357536110942,47.06,3494,2284,62,0.75903226,Conversas por mensagem iniciadas,9,5.22888889,2026-09-29,2026-09-29,
[SET]_[SN]_Carrossel_Oferta - Estoque [TP],2026-09-29,active,campaign,AUTOPLUS [FORD] LAGES,1439357536110942,12.1,778,647,11,1.1,,,,2026-09-29,2026-09-29,
[SET]_[N]_Vt_Oferta_M/T/R,2026-09-29,active,campaign,AUTOPLUS [FORD] LAGES,1439357536110942,60.17,996,772,51,1.17980392,Conversas por mensagem iniciadas,8,7.52125,2026-09-29,2026-09-29,
[SET]_[N]_Card_Oferta - Feirão,2026-09-29,active,campaign,AUTOPLUS [FORD] LAGES,1439357536110942,43.93,3003,2182,40,1.09825,Conversas por mensagem iniciadas,5,8.786,2026-09-29,2026-09-29,
[SET]_[N]_Card_Oferta - Feirão,2026-09-28,active,campaign,AUTOPLUS [FORD] LAGES,1439357536110942,40.51,3245,2459,22,1.84136364,Conversas por mensagem iniciadas,2,20.255,2026-09-28,2026-09-28,
[SET]_[N]_Vt_Oferta_M/T/R,2026-09-28,active,campaign,AUTOPLUS [FORD] LAGES,1439357536110942,61.48,951,759,43,1.42976744,Conversas por mensagem iniciadas,5,12.296,2026-09-28,2026-09-28,
[SET]_[SN]_Carrossel_Oferta - Estoque [TP],2026-09-28,active,campaign,AUTOPLUS [FORD] LAGES,1439357536110942,12.32,803,716,14,0.88,Conversas por mensagem iniciadas,2,6.16,2026-09-28,2026-09-28,
[SET]_[SN]_Carrossel_Oferta - Estoque,2026-09-28,active,campaign,AUTOPLUS [FORD] LAGES,1439357536110942,47.28,3804,2718,73,0.64767123,Conversas por mensagem iniciadas,8,5.91,2026-09-28,2026-09-28,
[SET]_[SN]_Card_Condição - Lote,2026-09-28,active,campaign,AUTOPLUS [FORD] LAGES,1439357536110942,51.98,2138,1725,14,3.71285714,Conversas por mensagem iniciadas,1,51.98,2026-09-28,2026-09-28,
[SET]_[N]_Card_Oferta - R/T/M,2026-09-28,active,campaign,AUTOPLUS [FORD] LAGES,1439357536110942,68.27,5334,3832,60,1.13783333,Conversas por mensagem iniciadas,5,13.654,2026-09-28,2026-09-28,
[SET]_[SN]_Carrossel_Oferta - Estoque,2026-09-27,active,campaign,AUTOPLUS [FORD] LAGES,1439357536110942,45.72,4362,2835,55,0.83127273,Conversas por mensagem iniciadas,4,11.43,2026-09-27,2026-09-27,
[SET]_[N]_Card_Oferta - R/T/M,2026-09-27,active,campaign,AUTOPLUS [FORD] LAGES,1439357536110942,66.64,5839,3969,43,1.54976744,Conversas por mensagem iniciadas,3,22.21333333,2026-09-27,2026-09-27,
[SET]_[SN]_Card_Condição - Lote,2026-09-27,active,campaign,AUTOPLUS [FORD] LAGES,1439357536110942,43.13,1963,1520,10,4.313,Conversas por mensagem iniciadas,4,10.7825,2026-09-27,2026-09-27,
[SET]_[N]_Card_Oferta - Feirão,2026-09-27,active,campaign,AUTOPLUS [FORD] LAGES,1439357536110942,41.53,3283,2450,36,1.15361111,Conversas por mensagem iniciadas,4,10.3825,2026-09-27,2026-09-27,
[SET]_[SN]_Carrossel_Oferta - Estoque [TP],2026-09-27,active,campaign,AUTOPLUS [FORD] LAGES,1439357536110942,12.91,861,717,17,0.75941176,Conversas por mensagem iniciadas,2,6.455,2026-09-27,2026-09-27,
[SET]_[N]_Vt_Oferta_M/T/R,2026-09-27,active,campaign,AUTOPLUS [FORD] LAGES,1439357536110942,74.13,1221,959,62,1.19564516,Conversas por mensagem iniciadas,11,6.73909091,2026-09-27,2026-09-27,
[SET]_[N]_Card_Oferta - Feirão,2026-09-26,active,campaign,AUTOPLUS [FORD] LAGES,1439357536110942,27.67,2287,1673,15,1.84466667,Conversas por mensagem iniciadas,3,9.22333333,2026-09-26,2026-09-26,
[SET]_[N]_Vt_Oferta_M/T/R,2026-09-26,active,campaign,AUTOPLUS [FORD] LAGES,1439357536110942,40.04,610,479,31,1.2916129,Conversas por mensagem iniciadas,8,5.005,2026-09-26,2026-09-26,
[SET]_[SN]_Carrossel_Oferta - Estoque [TP],2026-09-26,active,campaign,AUTOPLUS [FORD] LAGES,1439357536110942,4.79,413,357,7,0.68428571,,,,2026-09-26,2026-09-26,
[SET]_[SN]_Carrossel_Oferta - Estoque,2026-09-26,active,campaign,AUTOPLUS [FORD] LAGES,1439357536110942,27.69,2372,1552,29,0.95482759,Conversas por mensagem iniciadas,2,13.845,2026-09-26,2026-09-26,
[SET]_[SN]_Card_Condição - Lote,2026-09-26,active,campaign,AUTOPLUS [FORD] LAGES,1439357536110942,25.98,1273,1029,7,3.71142857,Conversas por mensagem iniciadas,1,25.98,2026-09-26,2026-09-26,
[SET]_[N]_Card_Oferta - R/T/M,2026-09-26,active,campaign,AUTOPLUS [FORD] LAGES,1439357536110942,44.49,3574,2496,42,1.05928571,Conversas por mensagem iniciadas,11,4.04454545,2026-09-26,2026-09-26,
[SET]_[N]_Card_Oferta - Feirão,2026-09-25,active,campaign,AUTOPLUS [FORD] LAGES,1439357536110942,29.8,2306,1693,20,1.49,Conversas por mensagem iniciadas,4,7.45,2026-09-25,2026-09-25,
[SET]_[N]_Vt_Oferta_M/T/R,2026-09-25,active,campaign,AUTOPLUS [FORD] LAGES,1439357536110942,44.83,573,444,26,1.72423077,Conversas por mensagem iniciadas,6,7.47166667,2026-09-25,2026-09-25,
[SET]_[SN]_Carrossel_Oferta - Estoque [TP],2026-09-25,active,campaign,AUTOPLUS [FORD] LAGES,1439357536110942,7.12,437,368,5,1.424,Conversas por mensagem iniciadas,1,7.12,2026-09-25,2026-09-25,
[SET]_[SN]_Carrossel_Oferta - Estoque,2026-09-25,active,campaign,AUTOPLUS [FORD] LAGES,1439357536110942,31.68,2272,1446,34,0.93176471,Conversas por mensagem iniciadas,2,15.84,2026-09-25,2026-09-25,
[SET]_[SN]_Card_Condição - Lote,2026-09-25,active,campaign,AUTOPLUS [FORD] LAGES,1439357536110942,29.74,1323,1083,6,4.95666667,Conversas por mensagem iniciadas,3,9.91333333,2026-09-25,2026-09-25,
[SET]_[N]_Card_Oferta - R/T/M,2026-09-25,active,campaign,AUTOPLUS [FORD] LAGES,1439357536110942,43.71,3417,2408,27,1.61888889,Conversas por mensagem iniciadas,6,7.285,2026-09-25,2026-09-25,
[SET]_[SN]_Card_Condição - Lote,2026-09-24,active,campaign,AUTOPLUS [FORD] LAGES,1439357536110942,38.02,1327,1011,19,2.00105263,Conversas por mensagem iniciadas,4,9.505,2026-09-24,2026-09-24,
[SET]_[N]_Card_Oferta - R/T/M,2026-09-24,active,campaign,AUTOPLUS [FORD] LAGES,1439357536110942,51.55,4095,2629,41,1.25731707,Conversas por mensagem iniciadas,5,10.31,2026-09-24,2026-09-24,
[SET]_[SN]_Carrossel_Oferta - Estoque,2026-09-24,active,campaign,AUTOPLUS [FORD] LAGES,1439357536110942,37.4,2881,1891,42,0.89047619,Conversas por mensagem iniciadas,3,12.46666667,2026-09-24,2026-09-24,
[SET]_[SN]_Carrossel_Oferta - Estoque [TP],2026-09-24,active,campaign,AUTOPLUS [FORD] LAGES,1439357536110942,9.54,606,504,9,1.06,,,,2026-09-24,2026-09-24,
[SET]_[N]_Vt_Oferta_M/T/R,2026-09-24,active,campaign,AUTOPLUS [FORD] LAGES,1439357536110942,48.16,688,529,40,1.204,Conversas por mensagem iniciadas,8,6.02,2026-09-24,2026-09-24,
[SET]_[N]_Card_Oferta - Feirão,2026-09-24,active,campaign,AUTOPLUS [FORD] LAGES,1439357536110942,35.25,2797,1849,29,1.21551724,Conversas por mensagem iniciadas,2,17.625,2026-09-24,2026-09-24,
[SET]_[SN]_Carrossel_Oferta - Estoque,2026-09-23,active,campaign,AUTOPLUS [FORD] LAGES,1439357536110942,41.48,3242,2175,47,0.88255319,Conversas por mensagem iniciadas,5,8.296,2026-09-23,2026-09-23,
[SET]_[N]_Card_Oferta - R/T/M,2026-09-23,active,campaign,AUTOPLUS [FORD] LAGES,1439357536110942,59.25,4827,2745,87,0.68103448,Conversas por mensagem iniciadas,7,8.46428571,2026-09-23,2026-09-23,
[SET]_[SN]_Card_Condição - Lote,2026-09-23,active,campaign,AUTOPLUS [FORD] LAGES,1439357536110942,41.89,1725,1301,20,2.0945,Conversas por mensagem iniciadas,6,6.98166667,2026-09-23,2026-09-23,
[SET]_[SN]_Carrossel_Oferta - Estoque [TP],2026-09-23,active,campaign,AUTOPLUS [FORD] LAGES,1439357536110942,9.8,738,617,9,1.08888889,,,,2026-09-23,2026-09-23,
[SET]_[N]_Vt_Oferta_M/T/R,2026-09-23,active,campaign,AUTOPLUS [FORD] LAGES,1439357536110942,61.54,965,728,50,1.2308,Conversas por mensagem iniciadas,10,6.154,2026-09-23,2026-09-23,
[SET]_[N]_Card_Oferta - Feirão,2026-09-23,active,campaign,AUTOPLUS [FORD] LAGES,1439357536110942,39.78,3004,2052,29,1.37172414,Conversas por mensagem iniciadas,6,6.63,2026-09-23,2026-09-23,
[SET]_[N]_Card_Oferta - Feirão,2026-09-22,active,campaign,AUTOPLUS [FORD] LAGES,1439357536110942,47.23,4308,3243,37,1.27648649,Conversas por mensagem iniciadas,4,11.8075,2026-09-22,2026-09-22,
[SET]_[N]_Vt_Oferta_M/T/R,2026-09-22,active,campaign,AUTOPLUS [FORD] LAGES,1439357536110942,71.82,1346,953,72,0.9975,Conversas por mensagem iniciadas,9,7.98,2026-09-22,2026-09-22,
[SET]_[SN]_Carrossel_Oferta - Estoque [TP],2026-09-22,active,campaign,AUTOPLUS [FORD] LAGES,1439357536110942,12.68,929,767,18,0.70444444,Conversas por mensagem iniciadas,2,6.34,2026-09-22,2026-09-22,
[SET]_[SN]_Carrossel_Oferta - Estoque,2026-09-22,active,campaign,AUTOPLUS [FORD] LAGES,1439357536110942,49.29,4146,2845,52,0.94788462,Conversas por mensagem iniciadas,4,12.3225,2026-09-22,2026-09-22,
[SET]_[SN]_Card_Condição - Lote,2026-09-22,active,campaign,AUTOPLUS [FORD] LAGES,1439357536110942,51.23,2326,1675,25,2.0492,Conversas por mensagem iniciadas,5,10.246,2026-09-22,2026-09-22,
[SET]_[N]_Card_Oferta - R/T/M,2026-09-22,active,campaign,AUTOPLUS [FORD] LAGES,1439357536110942,76.42,6245,4825,75,1.01893333,Conversas por mensagem iniciadas,6,12.73666667,2026-09-22,2026-09-22,
[SET]_[SN]_Carrossel_Oferta - Estoque,2026-09-21,active,campaign,AUTOPLUS [FORD] LAGES,1439357536110942,48.1,3793,2464,65,0.74,Conversas por mensagem iniciadas,5,9.62,2026-09-21,2026-09-21,
[SET]_[SN]_Card_Condição - Lote,2026-09-21,active,campaign,AUTOPLUS [FORD] LAGES,1439357536110942,52.8,2080,1580,13,4.06153846,Conversas por mensagem iniciadas,2,26.4,2026-09-21,2026-09-21,
[SET]_[N]_Card_Oferta - R/T/M,2026-09-21,active,campaign,AUTOPLUS [FORD] LAGES,1439357536110942,72.03,5564,4284,55,1.30963636,Conversas por mensagem iniciadas,8,9.00375,2026-09-21,2026-09-21,
[SET]_[SN]_Carrossel_Oferta - Estoque [TP],2026-09-21,active,campaign,AUTOPLUS [FORD] LAGES,1439357536110942,13.73,986,801,15,0.91533333,Conversas por mensagem iniciadas,1,13.73,2026-09-21,2026-09-21,
[SET]_[N]_Vt_Oferta_M/T/R,2026-09-21,active,campaign,AUTOPLUS [FORD] LAGES,1439357536110942,82.62,1410,1056,78,1.05923077,Conversas por mensagem iniciadas,12,6.885,2026-09-21,2026-09-21,
[SET]_[N]_Card_Oferta - Feirão,2026-09-21,active,campaign,AUTOPLUS [FORD] LAGES,1439357536110942,52.93,4400,3563,54,0.98018519,Conversas por mensagem iniciadas,5,10.586,2026-09-21,2026-09-21,
[SET]_[N]_Card_Oferta - Feirão,2026-09-20,active,campaign,AUTOPLUS [FORD] LAGES,1439357536110942,47.34,4569,3432,38,1.24578947,,,,2026-09-20,2026-09-20,
[SET]_[N]_Vt_Oferta_M/T/R,2026-09-20,active,campaign,AUTOPLUS [FORD] LAGES,1439357536110942,70.77,1118,783,68,1.04073529,Conversas por mensagem iniciadas,11,6.43363636,2026-09-20,2026-09-20,
[SET]_[SN]_Carrossel_Oferta - Estoque [TP],2026-09-20,active,campaign,AUTOPLUS [FORD] LAGES,1439357536110942,12.29,841,676,14,0.87785714,,,,2026-09-20,2026-09-20,
[SET]_[SN]_Carrossel_Oferta - Estoque,2026-09-20,active,campaign,AUTOPLUS [FORD] LAGES,1439357536110942,44.35,3975,2801,62,0.71532258,Conversas por mensagem iniciadas,2,22.175,2026-09-20,2026-09-20,
[SET]_[SN]_Card_Condição - Lote,2026-09-20,active,campaign,AUTOPLUS [FORD] LAGES,1439357536110942,40.12,1703,1303,14,2.86571429,Conversas por mensagem iniciadas,4,10.03,2026-09-20,2026-09-20,
[SET]_[N]_Card_Oferta - R/T/M,2026-09-20,active,campaign,AUTOPLUS [FORD] LAGES,1439357536110942,72.55,5133,3728,67,1.08283582,Conversas por mensagem iniciadas,12,6.04583333,2026-09-20,2026-09-20,
[SET]_[N]_Card_Oferta - R/T/M,2026-09-19,active,campaign,AUTOPLUS [FORD] LAGES,1439357536110942,52.12,3957,2885,57,0.91438596,Conversas por mensagem iniciadas,13,4.00923077,2026-09-19,2026-09-19,
[SET]_[SN]_Card_Condição - Lote,2026-09-19,active,campaign,AUTOPLUS [FORD] LAGES,1439357536110942,29.61,1080,832,12,2.4675,Conversas por mensagem iniciadas,3,9.87,2026-09-19,2026-09-19,
[SET]_[SN]_Carrossel_Oferta - Estoque,2026-09-19,active,campaign,AUTOPLUS [FORD] LAGES,1439357536110942,26.75,2620,1777,42,0.63690476,Conversas por mensagem iniciadas,3,8.91666667,2026-09-19,2026-09-19,
[SET]_[SN]_Carrossel_Oferta - Estoque [TP],2026-09-19,active,campaign,AUTOPLUS [FORD] LAGES,1439357536110942,4.82,323,272,8,0.6025,,,,2026-09-19,2026-09-19,
[SET]_[N]_Vt_Oferta_M/T/R,2026-09-19,active,campaign,AUTOPLUS [FORD] LAGES,1439357536110942,41.22,780,565,44,0.93681818,Conversas por mensagem iniciadas,11,3.74727273,2026-09-19,2026-09-19,
[SET]_[N]_Card_Oferta - Feirão,2026-09-19,active,campaign,AUTOPLUS [FORD] LAGES,1439357536110942,37.44,3517,2676,32,1.17,Conversas por mensagem iniciadas,5,7.488,2026-09-19,2026-09-19,
[SET]_[N]_Card_Oferta - Feirão,2026-09-18,active,campaign,AUTOPLUS [FORD] LAGES,1439357536110942,46.72,4175,2977,47,0.99404255,Conversas por mensagem iniciadas,6,7.78666667,2026-09-18,2026-09-18,
[SET]_[N]_Vt_Oferta_M/T/R,2026-09-18,active,campaign,AUTOPLUS [FORD] LAGES,1439357536110942,44.31,637,460,40,1.10775,Conversas por mensagem iniciadas,9,4.92333333,2026-09-18,2026-09-18,
[SET]_[SN]_Carrossel_Oferta - Estoque [TP],2026-09-18,active,campaign,AUTOPLUS [FORD] LAGES,1439357536110942,8.28,564,475,10,0.828,Conversas por mensagem iniciadas,1,8.28,2026-09-18,2026-09-18,
[SET]_[SN]_Carrossel_Oferta - Estoque,2026-09-18,active,campaign,AUTOPLUS [FORD] LAGES,1439357536110942,35.15,2629,1799,42,0.83690476,Conversas por mensagem iniciadas,1,35.15,2026-09-18,2026-09-18,
[SET]_[SN]_Card_Condição - Lote,2026-09-18,active,campaign,AUTOPLUS [FORD] LAGES,1439357536110942,37.09,1188,925,7,5.29857143,Conversas por mensagem iniciadas,2,18.545,2026-09-18,2026-09-18,
[SET]_[N]_Card_Oferta - R/T/M,2026-09-18,active,campaign,AUTOPLUS [FORD] LAGES,1439357536110942,49.5,3369,2445,46,1.07608696,Conversas por mensagem iniciadas,7,7.07142857,2026-09-18,2026-09-18,
[SET]_[SN]_Carrossel_Oferta - Estoque [TP],2026-09-17,active,campaign,AUTOPLUS [FORD] LAGES,1439357536110942,6.41,476,397,10,0.641,,,,2026-09-17,2026-09-17,
[SET]_[N]_Card_Oferta - Feirão,2026-09-17,active,campaign,AUTOPLUS [FORD] LAGES,1439357536110942,32.38,2870,1945,17,1.90470588,Conversas por mensagem iniciadas,1,32.38,2026-09-17,2026-09-17,
[SET]_[N]_Vt_Oferta_M/T/R,2026-09-17,active,campaign,AUTOPLUS [FORD] LAGES,1439357536110942,41.29,662,480,27,1.52925926,Conversas por mensagem iniciadas,3,13.76333333,2026-09-17,2026-09-17,
[SET]_[SN]_Carrossel_Oferta - Estoque,2026-09-17,active,campaign,AUTOPLUS [FORD] LAGES,1439357536110942,32.5,2880,1909,51,0.6372549,Conversas por mensagem iniciadas,5,6.5,2026-09-17,2026-09-17,
[SET]_[N]_Card_Oferta - R/T/M,2026-09-17,active,campaign,AUTOPLUS [FORD] LAGES,1439357536110942,47.27,3795,2753,48,0.98479167,Conversas por mensagem iniciadas,7,6.75285714,2026-09-17,2026-09-17,
[SET]_[SN]_Card_Condição - Lote,2026-09-17,active,campaign,AUTOPLUS [FORD] LAGES,1439357536110942,29.24,1109,869,8,3.655,Conversas por mensagem iniciadas,1,29.24,2026-09-17,2026-09-17,
[SET]_[N]_Card_Oferta - Feirão,2026-09-16,active,campaign,AUTOPLUS [FORD] LAGES,1439357536110942,11.8,961,746,9,1.31111111,,,,2026-09-16,2026-09-16,
[SET]_[N]_Vt_Oferta_M/T/R,2026-09-16,active,campaign,AUTOPLUS [FORD] LAGES,1439357536110942,64.99,895,662,28,2.32107143,Conversas por mensagem iniciadas,5,12.998,2026-09-16,2026-09-16,
[SET]_[SN]_Carrossel_Oferta - Estoque [TP],2026-09-16,active,campaign,AUTOPLUS [FORD] LAGES,1439357536110942,11.32,743,635,12,0.94333333,Conversas por mensagem iniciadas,2,5.66,2026-09-16,2026-09-16,
[SET]_[SN]_Carrossel_Oferta - Estoque,2026-09-16,active,campaign,AUTOPLUS [FORD] LAGES,1439357536110942,39.84,3533,2431,77,0.5174026,Conversas por mensagem iniciadas,3,13.28,2026-09-16,2026-09-16,
[SET]_[SN]_Card_Condição - Lote,2026-09-16,active,campaign,AUTOPLUS [FORD] LAGES,1439357536110942,41.3,1289,995,9,4.58888889,Conversas por mensagem iniciadas,4,10.325,2026-09-16,2026-09-16,
[SET]_[N]_Card_Oferta - R/T/M,2026-09-16,active,campaign,AUTOPLUS [FORD] LAGES,1439357536110942,57.5,4896,3590,51,1.12745098,Conversas por mensagem iniciadas,11,5.22727273,2026-09-16,2026-09-16,
[SET]_[SN]_Carrossel_Oferta - Estoque [TP],2026-09-15,active,campaign,AUTOPLUS [FORD] LAGES,1439357536110942,14.4,717,619,11,1.30909091,Conversas por mensagem iniciadas,1,14.4,2026-09-15,2026-09-15,
[SET]_[N]_Vt_Oferta_M/T/R,2026-09-15,active,campaign,AUTOPLUS [FORD] LAGES,1439357536110942,89.37,1199,889,52,1.71865385,Conversas por mensagem iniciadas,5,17.874,2026-09-15,2026-09-15,
[SET]_[SN]_Carrossel_Oferta - Estoque,2026-09-15,active,campaign,AUTOPLUS [FORD] LAGES,1439357536110942,50.54,3347,2452,55,0.91890909,Conversas por mensagem iniciadas,6,8.42333333,2026-09-15,2026-09-15,
[SET]_[SN]_Card_Condição - Lote,2026-09-15,active,campaign,AUTOPLUS [FORD] LAGES,1439357536110942,52.01,1812,1444,12,4.33416667,Conversas por mensagem iniciadas,3,17.33666667,2026-09-15,2026-09-15,
[SET]_[N]_Card_Oferta - R/T/M,2026-09-15,active,campaign,AUTOPLUS [FORD] LAGES,1439357536110942,73.97,5328,4048,57,1.2977193,Conversas por mensagem iniciadas,6,12.32833333,2026-09-15,2026-09-15,
[SET]_[SN]_Carrossel_Oferta - Estoque,2026-09-14,active,campaign,AUTOPLUS [FORD] LAGES,1439357536110942,54.43,2807,1928,46,1.18326087,Conversas por mensagem iniciadas,7,7.77571429,2026-09-14,2026-09-14,
[SET]_[N]_Card_Oferta - R/T/M,2026-09-14,active,campaign,AUTOPLUS [FORD] LAGES,1439357536110942,81.3,5110,3810,66,1.23181818,Conversas por mensagem iniciadas,7,11.61428571,2026-09-14,2026-09-14,
[SET]_[SN]_Card_Condição - Lote,2026-09-14,active,campaign,AUTOPLUS [FORD] LAGES,1439357536110942,54.18,2001,1552,14,3.87,Conversas por mensagem iniciadas,3,18.06,2026-09-14,2026-09-14,
[SET]_[SN]_Carrossel_Oferta - Estoque [TP],2026-09-14,active,campaign,AUTOPLUS [FORD] LAGES,1439357536110942,12.75,534,463,8,1.59375,Conversas por mensagem iniciadas,1,12.75,2026-09-14,2026-09-14,
[SET]_[N]_Vt_Oferta_M/T/R,2026-09-14,active,campaign,AUTOPLUS [FORD] LAGES,1439357536110942,83.87,1353,980,57,1.47140351,Conversas por mensagem iniciadas,10,8.387,2026-09-14,2026-09-14,
[SET]_[N]_Card_Oferta - R/T/M,2026-09-13,active,campaign,AUTOPLUS [FORD] LAGES,1439357536110942,58.32,3584,2673,32,1.8225,Conversas por mensagem iniciadas,7,8.33142857,2026-09-13,2026-09-13,
[SET]_[SN]_Card_Condição - Lote,2026-09-13,active,campaign,AUTOPLUS [FORD] LAGES,1439357536110942,36.51,1551,1212,16,2.281875,Conversas por mensagem iniciadas,6,6.085,2026-09-13,2026-09-13,
[SET]_[SN]_Carrossel_Oferta - Estoque [TP],2026-09-13,active,campaign,AUTOPLUS [FORD] LAGES,1439357536110942,11.95,571,489,14,0.85357143,Conversas por mensagem iniciadas,2,5.975,2026-09-13,2026-09-13,
[SET]_[SN]_Carrossel_Oferta - Estoque,2026-09-13,active,campaign,AUTOPLUS [FORD] LAGES,1439357536110942,40.74,2247,1639,32,1.273125,Conversas por mensagem iniciadas,1,40.74,2026-09-13,2026-09-13,
[SET]_[N]_Vt_Oferta_M/T/R,2026-09-13,active,campaign,AUTOPLUS [FORD] LAGES,1439357536110942,54.73,846,628,29,1.88724138,,,,2026-09-13,2026-09-13,
[SET]_[N]_Vt_Oferta_M/T/R,2026-09-12,active,campaign,AUTOPLUS [FORD] LAGES,1439357536110942,34.66,625,449,24,1.44416667,Conversas por mensagem iniciadas,6,5.77666667,2026-09-12,2026-09-12,
[SET]_[SN]_Carrossel_Oferta - Estoque [TP],2026-09-12,active,campaign,AUTOPLUS [FORD] LAGES,1439357536110942,3.92,303,281,2,1.96,,,,2026-09-12,2026-09-12,
[SET]_[SN]_Carrossel_Oferta - Estoque,2026-09-12,active,campaign,AUTOPLUS [FORD] LAGES,1439357536110942,24.52,1837,1384,28,0.87571429,Conversas por mensagem iniciadas,3,8.17333333,2026-09-12,2026-09-12,
[SET]_[SN]_Card_Condição - Lote,2026-09-12,active,campaign,AUTOPLUS [FORD] LAGES,1439357536110942,14.51,750,611,9,1.61222222,Conversas por mensagem iniciadas,2,7.255,2026-09-12,2026-09-12,
[SET]_[N]_Card_Oferta - R/T/M,2026-09-12,active,campaign,AUTOPLUS [FORD] LAGES,1439357536110942,40.82,2790,2072,29,1.40758621,Conversas por mensagem iniciadas,4,10.205,2026-09-12,2026-09-12,
[SET]_[N]_Vt_Oferta_M/T/R,2026-09-11,active,campaign,AUTOPLUS [FORD] LAGES,1439357536110942,43.62,604,431,29,1.50413793,Conversas por mensagem iniciadas,7,6.23142857,2026-09-11,2026-09-11,
[SET]_[SN]_Carrossel_Oferta - Estoque [TP],2026-09-11,active,campaign,AUTOPLUS [FORD] LAGES,1439357536110942,9.76,601,488,8,1.22,Conversas por mensagem iniciadas,1,9.76,2026-09-11,2026-09-11,
[SET]_[SN]_Carrossel_Oferta - Estoque,2026-09-11,active,campaign,AUTOPLUS [FORD] LAGES,1439357536110942,29.84,2175,1493,37,0.80648649,Conversas por mensagem iniciadas,4,7.46,2026-09-11,2026-09-11,
[SET]_[SN]_Card_Condição - Lote,2026-09-11,active,campaign,AUTOPLUS [FORD] LAGES,1439357536110942,43.31,2307,1920,17,2.54764706,Conversas por mensagem iniciadas,4,10.8275,2026-09-11,2026-09-11,
[SET]_[N]_Card_Oferta - R/T/M,2026-09-11,active,campaign,AUTOPLUS [FORD] LAGES,1439357536110942,51.61,3856,2814,28,1.84321429,Conversas por mensagem iniciadas,7,7.37285714,2026-09-11,2026-09-11,
[SET]_[SN]_Carrossel_Oferta - Estoque,2026-09-10,active,campaign,AUTOPLUS [FORD] LAGES,1439357536110942,40.1,3158,2067,51,0.78627451,Conversas por mensagem iniciadas,7,5.72857143,2026-09-10,2026-09-10,
[SET]_[SN]_Card_Condição - Lote,2026-09-10,active,campaign,AUTOPLUS [FORD] LAGES,1439357536110942,36.15,2562,2083,20,1.8075,Conversas por mensagem iniciadas,3,12.05,2026-09-10,2026-09-10,
[SET]_[N]_Card_Oferta - R/T/M,2026-09-10,active,campaign,AUTOPLUS [FORD] LAGES,1439357536110942,61.54,4729,3318,33,1.86484848,Conversas por mensagem iniciadas,6,10.25666667,2026-09-10,2026-09-10,
[SET]_[SN]_Carrossel_Oferta - Estoque [TP],2026-09-10,active,campaign,AUTOPLUS [FORD] LAGES,1439357536110942,11.18,751,646,8,1.3975,Conversas por mensagem iniciadas,1,11.18,2026-09-10,2026-09-10,
[SET]_[N]_Vt_Oferta_M/T/R,2026-09-10,active,campaign,AUTOPLUS [FORD] LAGES,1439357536110942,67.33,781,518,28,2.40464286,Conversas por mensagem iniciadas,5,13.466,2026-09-10,2026-09-10,
[SET]_[N]_Card_Oferta - R/T/M,2026-09-09,active,campaign,AUTOPLUS [FORD] LAGES,1439357536110942,80.73,4930,3666,54,1.495,Conversas por mensagem iniciadas,11,7.33909091,2026-09-09,2026-09-09,
[SET]_[SN]_Card_Condição - Lote,2026-09-09,active,campaign,AUTOPLUS [FORD] LAGES,1439357536110942,53.05,2671,2086,25,2.122,Conversas por mensagem iniciadas,6,8.84166667,2026-09-09,2026-09-09,
[SET]_[SN]_Carrossel_Oferta - Estoque [TP],2026-09-09,active,campaign,AUTOPLUS [FORD] LAGES,1439357536110942,13.83,768,669,13,1.06384615,Conversas por mensagem iniciadas,4,3.4575,2026-09-09,2026-09-09,
[SET]_[SN]_Carrossel_Oferta - Estoque,2026-09-09,active,campaign,AUTOPLUS [FORD] LAGES,1439357536110942,55.59,3918,2608,64,0.86859375,Conversas por mensagem iniciadas,9,6.17666667,2026-09-09,2026-09-09,
[SET]_[N]_Vt_Oferta_M/T/R,2026-09-09,active,campaign,AUTOPLUS [FORD] LAGES,1439357536110942,80.03,939,679,48,1.66729167,Conversas por mensagem iniciadas,9,8.89222222,2026-09-09,2026-09-09,
[SET]_[N]_Vt_Oferta_M/T/R,2026-09-08,active,campaign,AUTOPLUS [FORD] LAGES,1439357536110942,59.7,851,639,45,1.32666667,Conversas por mensagem iniciadas,4,14.925,2026-09-08,2026-09-08,
[SET]_[SN]_Carrossel_Oferta - Estoque [TP],2026-09-08,active,campaign,AUTOPLUS [FORD] LAGES,1439357536110942,11.87,794,682,14,0.84785714,Conversas por mensagem iniciadas,2,5.935,2026-09-08,2026-09-08,
[SET]_[SN]_Carrossel_Oferta - Estoque,2026-09-08,active,campaign,AUTOPLUS [FORD] LAGES,1439357536110942,44.67,3198,2412,54,0.82722222,Conversas por mensagem iniciadas,4,11.1675,2026-09-08,2026-09-08,
[SET]_[SN]_Card_Condição - Lote,2026-09-08,active,campaign,AUTOPLUS [FORD] LAGES,1439357536110942,47.47,2513,1981,31,1.53129032,Conversas por mensagem iniciadas,6,7.91166667,2026-09-08,2026-09-08,
[SET]_[N]_Card_Oferta - R/T/M,2026-09-08,active,campaign,AUTOPLUS [FORD] LAGES,1439357536110942,57.22,4279,3428,51,1.12196078,Conversas por mensagem iniciadas,6,9.53666667,2026-09-08,2026-09-08,
[SET]_[SN]_Carrossel_Oferta - Estoque,2026-09-07,active,campaign,AUTOPLUS [FORD] LAGES,1439357536110942,45.54,3752,2710,53,0.85924528,Conversas por mensagem iniciadas,2,22.77,2026-09-07,2026-09-07,
[SET]_[N]_Card_Oferta - R/T/M,2026-09-07,active,campaign,AUTOPLUS [FORD] LAGES,1439357536110942,66.07,4185,3046,40,1.65175,Conversas por mensagem iniciadas,7,9.43857143,2026-09-07,2026-09-07,
[SET]_[SN]_Card_Condição - Lote,2026-09-07,active,campaign,AUTOPLUS [FORD] LAGES,1439357536110942,42.66,2554,2034,23,1.85478261,Conversas por mensagem iniciadas,6,7.11,2026-09-07,2026-09-07,
[SET]_[SN]_Carrossel_Oferta - Estoque [TP],2026-09-07,active,campaign,AUTOPLUS [FORD] LAGES,1439357536110942,7.57,666,544,13,0.58230769,Conversas por mensagem iniciadas,1,7.57,2026-09-07,2026-09-07,
[SET]_[N]_Vt_Oferta_M/T/R,2026-09-07,active,campaign,AUTOPLUS [FORD] LAGES,1439357536110942,58.24,812,560,32,1.82,Conversas por mensagem iniciadas,9,6.47111111,2026-09-07,2026-09-07,
[SET]_[N]_Vt_Oferta_M/T/R,2026-09-06,active,campaign,AUTOPLUS [FORD] LAGES,1439357536110942,76.19,933,647,44,1.73159091,Conversas por mensagem iniciadas,10,7.619,2026-09-06,2026-09-06,
[SET]_[SN]_Carrossel_Oferta - Estoque [TP],2026-09-06,active,campaign,AUTOPLUS [FORD] LAGES,1439357536110942,11.77,849,695,12,0.98083333,Conversas por mensagem iniciadas,1,11.77,2026-09-06,2026-09-06,
[SET]_[SN]_Carrossel_Oferta - Estoque,2026-09-06,active,campaign,AUTOPLUS [FORD] LAGES,1439357536110942,39.62,4353,3103,63,0.62888889,Conversas por mensagem iniciadas,2,19.81,2026-09-06,2026-09-06,
[SET]_[SN]_Card_Condição - Lote,2026-09-06,active,campaign,AUTOPLUS [FORD] LAGES,1439357536110942,42.81,2121,1677,29,1.4762069,Conversas por mensagem iniciadas,6,7.135,2026-09-06,2026-09-06,
[SET]_[N]_Card_Oferta - R/T/M,2026-09-06,active,campaign,AUTOPLUS [FORD] LAGES,1439357536110942,61.75,3961,2826,40,1.54375,Conversas por mensagem iniciadas,5,12.35,2026-09-06,2026-09-06,
[SET]_[SN]_Card_Condição - Lote,2026-09-05,active,campaign,AUTOPLUS [FORD] LAGES,1439357536110942,23.08,1138,932,11,2.09818182,Conversas por mensagem iniciadas,4,5.77,2026-09-05,2026-09-05,
[SET]_[N]_Card_Oferta - R/T/M,2026-09-05,active,campaign,AUTOPLUS [FORD] LAGES,1439357536110942,52.98,3476,2498,46,1.15173913,Conversas por mensagem iniciadas,4,13.245,2026-09-05,2026-09-05,
[SET]_[N]_Vt_Oferta_M/T/R,2026-09-05,active,campaign,AUTOPLUS [FORD] LAGES,1439357536110942,45.34,550,412,29,1.56344828,Conversas por mensagem iniciadas,10,4.534,2026-09-05,2026-09-05,
[SET]_[SN]_Carrossel_Oferta - Estoque,2026-09-05,active,campaign,AUTOPLUS [FORD] LAGES,1439357536110942,24.11,1789,1269,25,0.9644,Conversas por mensagem iniciadas,5,4.822,2026-09-05,2026-09-05,
[SET]_[SN]_Carrossel_Oferta - Estoque [TP],2026-09-05,active,campaign,AUTOPLUS [FORD] LAGES,1439357536110942,4.18,409,353,8,0.5225,,,,2026-09-05,2026-09-05,
[SET]_[N]_Vt_Oferta_M/T/R,2026-09-04,active,campaign,AUTOPLUS [FORD] LAGES,1439357536110942,34.87,452,385,17,2.05117647,Conversas por mensagem iniciadas,3,11.62333333,2026-09-04,2026-09-04,
[SET]_[SN]_Carrossel_Oferta - Estoque [TP],2026-09-04,active,campaign,AUTOPLUS [FORD] LAGES,1439357536110942,6.29,557,479,8,0.78625,Conversas por mensagem iniciadas,1,6.29,2026-09-04,2026-09-04,
[SET]_[SN]_Carrossel_Oferta - Estoque,2026-09-04,active,campaign,AUTOPLUS [FORD] LAGES,1439357536110942,32.41,2326,1730,30,1.08033333,Conversas por mensagem iniciadas,3,10.80333333,2026-09-04,2026-09-04,
[SET]_[SN]_Card_Condição - Lote,2026-09-04,active,campaign,AUTOPLUS [FORD] LAGES,1439357536110942,28.12,1554,1221,22,1.27818182,Conversas por mensagem iniciadas,2,14.06,2026-09-04,2026-09-04,
[SET]_[N]_Card_Oferta - R/T/M,2026-09-04,active,campaign,AUTOPLUS [FORD] LAGES,1439357536110942,60.91,3850,2764,42,1.4502381,Conversas por mensagem iniciadas,4,15.2275,2026-09-04,2026-09-04,
[SET]_[SN]_Carrossel_Oferta - Estoque [TP],2026-09-03,active,campaign,AUTOPLUS [FORD] LAGES,1439357536110942,11.25,647,564,18,0.625,Conversas por mensagem iniciadas,4,2.8125,2026-09-03,2026-09-03,
[SET]_[SN]_Carrossel_Oferta - Estoque,2026-09-03,active,campaign,AUTOPLUS [FORD] LAGES,1439357536110942,44.9,3216,2441,51,0.88039216,Conversas por mensagem iniciadas,4,11.225,2026-09-03,2026-09-03,
[SET]_[SN]_Card_Condição - Lote,2026-09-03,active,campaign,AUTOPLUS [FORD] LAGES,1439357536110942,43.12,2839,2332,28,1.54,Conversas por mensagem iniciadas,5,8.624,2026-09-03,2026-09-03,
[SET]_[N]_Card_Oferta - R/T/M,2026-09-03,active,campaign,AUTOPLUS [FORD] LAGES,1439357536110942,78.59,5420,4064,54,1.45537037,Conversas por mensagem iniciadas,9,8.73222222,2026-09-03,2026-09-03,
[SET]_[SN]_Carrossel_Oferta - Estoque [TP],2026-09-02,active,campaign,AUTOPLUS [FORD] LAGES,1439357536110942,10.49,723,615,24,0.43708333,Conversas por mensagem iniciadas,1,10.49,2026-09-02,2026-09-02,
[SET]_[SN]_Carrossel_Oferta - Estoque,2026-09-02,active,campaign,AUTOPLUS [FORD] LAGES,1439357536110942,33.45,2639,1929,57,0.58684211,Conversas por mensagem iniciadas,2,16.725,2026-09-02,2026-09-02,
[SET]_[SN]_Card_Condição - Lote,2026-09-02,active,campaign,AUTOPLUS [FORD] LAGES,1439357536110942,37.74,2870,2422,33,1.14363636,Conversas por mensagem iniciadas,7,5.39142857,2026-09-02,2026-09-02,
[SET]_[N]_Card_Oferta - R/T/M,2026-09-02,active,campaign,AUTOPLUS [FORD] LAGES,1439357536110942,80.52,5273,4090,74,1.08810811,Conversas por mensagem iniciadas,9,8.94666667,2026-09-02,2026-09-02,
[SET]_[SN]_Carrossel_Oferta - Estoque,2026-09-01,active,campaign,AUTOPLUS [FORD] LAGES,1439357536110942,51.83,4194,3061,96,0.53989583,Conversas por mensagem iniciadas,7,7.40428571,2026-09-01,2026-09-01,
[SET]_[SN]_Card_Condição - Lote,2026-09-01,active,campaign,AUTOPLUS [FORD] LAGES,1439357536110942,52.9,4728,4154,63,0.83968254,Conversas por mensagem iniciadas,6,8.81666667,2026-09-01,2026-09-01,
[SET]_[SN]_Carrossel_Oferta - Estoque [TP],2026-09-01,active,campaign,AUTOPLUS [FORD] LAGES,1439357536110942,13.87,962,835,21,0.66047619,Conversas por mensagem iniciadas,2,6.935,2026-09-01,2026-09-01,
[SET]_[N]_Vt_Oferta_M/T/R,2026-09-01,active,campaign,AUTOPLUS [FORD] LAGES,1439357536110942,0,0,0,,,Conversas por mensagem iniciadas,2,0,2026-09-01,2026-09-01,
[SET]_[N]_Card_Oferta - R/T/M,2026-09-01,active,campaign,AUTOPLUS [FORD] LAGES,1439357536110942,100.7,8460,6588,95,1.06,Conversas por mensagem iniciadas,11,9.15454545,2026-09-01,2026-09-01,
[SET]_[N]_Card_Oferta - Feirão,2026-09-30,active,campaign,AUTOPLUS [FORD] JARAGUÁ DO SUL,189310040817079,5.51,224,181,5,1.102,,,,2026-09-30,2026-09-30,
[SET]_[N]_Vt_Oferta - M/T/R,2026-09-30,active,campaign,AUTOPLUS [FORD] JARAGUÁ DO SUL,189310040817079,1.26,29,29,,,,,,2026-09-30,2026-09-30,
[SET]_[SN]_Carrossel_Oferta - Estoque [TP],2026-09-30,active,campaign,AUTOPLUS [FORD] JARAGUÁ DO SUL,189310040817079,0.92,39,36,,,,,,2026-09-30,2026-09-30,
[SET]_[SN]_Card_Condição - Lote,2026-09-30,active,campaign,AUTOPLUS [FORD] JARAGUÁ DO SUL,189310040817079,6.04,174,152,4,1.51,,,,2026-09-30,2026-09-30,
[SET]_[N]_Card_Oferta - R/T/M,2026-09-30,active,campaign,AUTOPLUS [FORD] JARAGUÁ DO SUL,189310040817079,3.73,264,239,2,1.865,Conversas por mensagem iniciadas,1,3.73,2026-09-30,2026-09-30,
[SET]_[SN]_Carrossel_Oferta - Estoque,2026-09-30,active,campaign,AUTOPLUS [FORD] JARAGUÁ DO SUL,189310040817079,4.58,283,220,11,0.41636364,,,,2026-09-30,2026-09-30,
[SET]_[N]_Card_Oferta - R/T/M,2026-09-29,active,campaign,AUTOPLUS [FORD] JARAGUÁ DO SUL,189310040817079,33.45,1663,1292,11,3.04090909,,,,2026-09-29,2026-09-29,
[SET]_[SN]_Carrossel_Oferta - Estoque,2026-09-29,active,campaign,AUTOPLUS [FORD] JARAGUÁ DO SUL,189310040817079,42.77,2110,1512,30,1.42566667,Conversas por mensagem iniciadas,3,14.25666667,2026-09-29,2026-09-29,
[SET]_[SN]_Card_Condição - Lote,2026-09-29,active,campaign,AUTOPLUS [FORD] JARAGUÁ DO SUL,189310040817079,32.43,1325,1093,13,2.49461538,Conversas por mensagem iniciadas,1,32.43,2026-09-29,2026-09-29,
[SET]_[SN]_Carrossel_Oferta - Estoque [TP],2026-09-29,active,campaign,AUTOPLUS [FORD] JARAGUÁ DO SUL,189310040817079,11.73,449,408,16,0.733125,Conversas por mensagem iniciadas,1,11.73,2026-09-29,2026-09-29,
[SET]_[N]_Vt_Oferta - M/T/R,2026-09-29,active,campaign,AUTOPLUS [FORD] JARAGUÁ DO SUL,189310040817079,18.72,246,213,4,4.68,,,,2026-09-29,2026-09-29,
[SET]_[N]_Card_Oferta - Feirão,2026-09-29,active,campaign,AUTOPLUS [FORD] JARAGUÁ DO SUL,189310040817079,42.33,2000,1380,17,2.49,Conversas por mensagem iniciadas,1,42.33,2026-09-29,2026-09-29,
[SET]_[N]_Card_Oferta - Feirão,2026-09-28,active,campaign,AUTOPLUS [FORD] JARAGUÁ DO SUL,189310040817079,51.22,3318,2417,31,1.65225806,Conversas por mensagem iniciadas,3,17.07333333,2026-09-28,2026-09-28,
[SET]_[N]_Vt_Oferta - M/T/R,2026-09-28,active,campaign,AUTOPLUS [FORD] JARAGUÁ DO SUL,189310040817079,21.98,388,335,17,1.29294118,Conversas por mensagem iniciadas,2,10.99,2026-09-28,2026-09-28,
[SET]_[SN]_Carrossel_Oferta - Estoque [TP],2026-09-28,active,campaign,AUTOPLUS [FORD] JARAGUÁ DO SUL,189310040817079,14.69,723,621,15,0.97933333,Conversas por mensagem iniciadas,2,7.345,2026-09-28,2026-09-28,
[SET]_[SN]_Card_Condição - Lote,2026-09-28,active,campaign,AUTOPLUS [FORD] JARAGUÁ DO SUL,189310040817079,41.7,1931,1637,14,2.97857143,Conversas por mensagem iniciadas,2,20.85,2026-09-28,2026-09-28,
[SET]_[N]_Card_Oferta - R/T/M,2026-09-28,active,campaign,AUTOPLUS [FORD] JARAGUÁ DO SUL,189310040817079,35.83,2140,1700,28,1.27964286,Conversas por mensagem iniciadas,3,11.94333333,2026-09-28,2026-09-28,
[SET]_[SN]_Carrossel_Oferta - Estoque,2026-09-28,active,campaign,AUTOPLUS [FORD] JARAGUÁ DO SUL,189310040817079,52.63,3041,2236,49,1.07408163,Conversas por mensagem iniciadas,7,7.51857143,2026-09-28,2026-09-28,
[SET]_[SN]_Card_Condição - Lote,2026-09-27,active,campaign,AUTOPLUS [FORD] JARAGUÁ DO SUL,189310040817079,38.2,1483,1249,17,2.24705882,Conversas por mensagem iniciadas,3,12.73333333,2026-09-27,2026-09-27,
[SET]_[SN]_Carrossel_Oferta - Estoque,2026-09-27,active,campaign,AUTOPLUS [FORD] JARAGUÁ DO SUL,189310040817079,52.18,3180,2363,44,1.18590909,Conversas por mensagem iniciadas,3,17.39333333,2026-09-27,2026-09-27,
[SET]_[N]_Card_Oferta - R/T/M,2026-09-27,active,campaign,AUTOPLUS [FORD] JARAGUÁ DO SUL,189310040817079,35.39,2021,1584,20,1.7695,Conversas por mensagem iniciadas,3,11.79666667,2026-09-27,2026-09-27,
[SET]_[N]_Card_Oferta - Feirão,2026-09-27,active,campaign,AUTOPLUS [FORD] JARAGUÁ DO SUL,189310040817079,37.44,2128,1571,21,1.78285714,Conversas por mensagem iniciadas,2,18.72,2026-09-27,2026-09-27,
[SET]_[SN]_Carrossel_Oferta - Estoque [TP],2026-09-27,active,campaign,AUTOPLUS [FORD] JARAGUÁ DO SUL,189310040817079,14.13,725,573,19,0.74368421,Conversas por mensagem iniciadas,4,3.5325,2026-09-27,2026-09-27,
[SET]_[N]_Vt_Oferta - M/T/R,2026-09-27,active,campaign,AUTOPLUS [FORD] JARAGUÁ DO SUL,189310040817079,27.96,563,463,9,3.10666667,Conversas por mensagem iniciadas,2,13.98,2026-09-27,2026-09-27,
[SET]_[N]_Card_Oferta - Feirão,2026-09-26,active,campaign,AUTOPLUS [FORD] JARAGUÁ DO SUL,189310040817079,24.58,1473,1100,10,2.458,,,,2026-09-26,2026-09-26,
[SET]_[N]_Vt_Oferta - M/T/R,2026-09-26,active,campaign,AUTOPLUS [FORD] JARAGUÁ DO SUL,189310040817079,9.58,249,221,2,4.79,Conversas por mensagem iniciadas,3,3.19333333,2026-09-26,2026-09-26,
[SET]_[SN]_Carrossel_Oferta - Estoque [TP],2026-09-26,active,campaign,AUTOPLUS [FORD] JARAGUÁ DO SUL,189310040817079,2.4,190,174,5,0.48,,,,2026-09-26,2026-09-26,
[SET]_[SN]_Card_Condição - Lote,2026-09-26,active,campaign,AUTOPLUS [FORD] JARAGUÁ DO SUL,189310040817079,15.64,771,657,3,5.21333333,Conversas por mensagem iniciadas,1,15.64,2026-09-26,2026-09-26,
[SET]_[N]_Card_Oferta - R/T/M,2026-09-26,active,campaign,AUTOPLUS [FORD] JARAGUÁ DO SUL,189310040817079,18.81,1082,849,10,1.881,Conversas por mensagem iniciadas,4,4.7025,2026-09-26,2026-09-26,
[SET]_[SN]_Carrossel_Oferta - Estoque,2026-09-26,active,campaign,AUTOPLUS [FORD] JARAGUÁ DO SUL,189310040817079,20.33,1381,1088,31,0.65580645,Conversas por mensagem iniciadas,3,6.77666667,2026-09-26,2026-09-26,
[SET]_[N]_Card_Oferta - Feirão,2026-09-25,active,campaign,AUTOPLUS [FORD] JARAGUÁ DO SUL,189310040817079,29.9,1625,1129,18,1.66111111,,,,2026-09-25,2026-09-25,
[SET]_[N]_Vt_Oferta - M/T/R,2026-09-25,active,campaign,AUTOPLUS [FORD] JARAGUÁ DO SUL,189310040817079,16.51,226,181,7,2.35857143,Conversas por mensagem iniciadas,1,16.51,2026-09-25,2026-09-25,
[SET]_[SN]_Carrossel_Oferta - Estoque [TP],2026-09-25,active,campaign,AUTOPLUS [FORD] JARAGUÁ DO SUL,189310040817079,5.88,312,275,6,0.98,Conversas por mensagem iniciadas,1,5.88,2026-09-25,2026-09-25,
[SET]_[SN]_Card_Condição - Lote,2026-09-25,active,campaign,AUTOPLUS [FORD] JARAGUÁ DO SUL,189310040817079,24.87,969,810,7,3.55285714,Conversas por mensagem iniciadas,2,12.435,2026-09-25,2026-09-25,
[SET]_[N]_Card_Oferta - R/T/M,2026-09-25,active,campaign,AUTOPLUS [FORD] JARAGUÁ DO SUL,189310040817079,24.9,1427,1133,10,2.49,Conversas por mensagem iniciadas,2,12.45,2026-09-25,2026-09-25,
[SET]_[SN]_Carrossel_Oferta - Estoque,2026-09-25,active,campaign,AUTOPLUS [FORD] JARAGUÁ DO SUL,189310040817079,31.45,1724,1245,20,1.5725,Conversas por mensagem iniciadas,3,10.48333333,2026-09-25,2026-09-25,
[SET]_[N]_Card_Oferta - R/T/M,2026-09-24,active,campaign,AUTOPLUS [FORD] JARAGUÁ DO SUL,189310040817079,28.62,1297,1005,10,2.862,Conversas por mensagem iniciadas,3,9.54,2026-09-24,2026-09-24,
[SET]_[SN]_Carrossel_Oferta - Estoque,2026-09-24,active,campaign,AUTOPLUS [FORD] JARAGUÁ DO SUL,189310040817079,35.11,2259,1670,45,0.78022222,Conversas por mensagem iniciadas,2,17.555,2026-09-24,2026-09-24,
[SET]_[SN]_Card_Condição - Lote,2026-09-24,active,campaign,AUTOPLUS [FORD] JARAGUÁ DO SUL,189310040817079,28.4,1157,959,5,5.68,Conversas por mensagem iniciadas,2,14.2,2026-09-24,2026-09-24,
[SET]_[SN]_Carrossel_Oferta - Estoque [TP],2026-09-24,active,campaign,AUTOPLUS [FORD] JARAGUÁ DO SUL,189310040817079,9.99,352,307,5,1.998,Conversas por mensagem iniciadas,2,4.995,2026-09-24,2026-09-24,
[SET]_[N]_Vt_Oferta - M/T/R,2026-09-24,active,campaign,AUTOPLUS [FORD] JARAGUÁ DO SUL,189310040817079,18.66,280,213,9,2.07333333,Conversas por mensagem iniciadas,5,3.732,2026-09-24,2026-09-24,
[SET]_[N]_Card_Oferta - Feirão,2026-09-24,active,campaign,AUTOPLUS [FORD] JARAGUÁ DO SUL,189310040817079,35.56,1715,1150,20,1.778,Conversas por mensagem iniciadas,5,7.112,2026-09-24,2026-09-24,
[SET]_[SN]_Card_Condição - Lote,2026-09-23,active,campaign,AUTOPLUS [FORD] JARAGUÁ DO SUL,189310040817079,30.73,1227,1023,14,2.195,Conversas por mensagem iniciadas,4,7.6825,2026-09-23,2026-09-23,
[SET]_[SN]_Carrossel_Oferta - Estoque,2026-09-23,active,campaign,AUTOPLUS [FORD] JARAGUÁ DO SUL,189310040817079,40.91,2574,1779,55,0.74381818,Conversas por mensagem iniciadas,6,6.81833333,2026-09-23,2026-09-23,
[SET]_[N]_Card_Oferta - R/T/M,2026-09-23,active,campaign,AUTOPLUS [FORD] JARAGUÁ DO SUL,189310040817079,30.21,1528,1141,18,1.67833333,Conversas por mensagem iniciadas,5,6.042,2026-09-23,2026-09-23,
[SET]_[SN]_Carrossel_Oferta - Estoque [TP],2026-09-23,active,campaign,AUTOPLUS [FORD] JARAGUÁ DO SUL,189310040817079,10.3,556,445,16,0.64375,Conversas por mensagem iniciadas,3,3.43333333,2026-09-23,2026-09-23,
[SET]_[N]_Vt_Oferta - M/T/R,2026-09-23,active,campaign,AUTOPLUS [FORD] JARAGUÁ DO SUL,189310040817079,22.07,324,257,7,3.15285714,Conversas por mensagem iniciadas,1,22.07,2026-09-23,2026-09-23,
[SET]_[N]_Card_Oferta - Feirão,2026-09-23,active,campaign,AUTOPLUS [FORD] JARAGUÁ DO SUL,189310040817079,41.44,1822,1271,21,1.97333333,Conversas por mensagem iniciadas,4,10.36,2026-09-23,2026-09-23,
[SET]_[N]_Card_Oferta - Feirão,2026-09-22,active,campaign,AUTOPLUS [FORD] JARAGUÁ DO SUL,189310040817079,50.39,2960,2139,18,2.79944444,,,,2026-09-22,2026-09-22,
[SET]_[N]_Vt_Oferta - M/T/R,2026-09-22,active,campaign,AUTOPLUS [FORD] JARAGUÁ DO SUL,189310040817079,28.55,481,378,12,2.37916667,Conversas por mensagem iniciadas,4,7.1375,2026-09-22,2026-09-22,
[SET]_[SN]_Carrossel_Oferta - Estoque [TP],2026-09-22,active,campaign,AUTOPLUS [FORD] JARAGUÁ DO SUL,189310040817079,12.67,624,495,12,1.05583333,Conversas por mensagem iniciadas,1,12.67,2026-09-22,2026-09-22,
[SET]_[SN]_Card_Condição - Lote,2026-09-22,active,campaign,AUTOPLUS [FORD] JARAGUÁ DO SUL,189310040817079,37.77,1813,1507,14,2.69785714,Conversas por mensagem iniciadas,4,9.4425,2026-09-22,2026-09-22,
[SET]_[N]_Card_Oferta - R/T/M,2026-09-22,active,campaign,AUTOPLUS [FORD] JARAGUÁ DO SUL,189310040817079,39.04,2279,1815,19,2.05473684,Conversas por mensagem iniciadas,7,5.57714286,2026-09-22,2026-09-22,
[SET]_[SN]_Carrossel_Oferta - Estoque,2026-09-22,active,campaign,AUTOPLUS [FORD] JARAGUÁ DO SUL,189310040817079,52.25,3014,2279,41,1.27439024,Conversas por mensagem iniciadas,6,8.70833333,2026-09-22,2026-09-22,
[SET]_[SN]_Card_Condição - Lote,2026-09-21,active,campaign,AUTOPLUS [FORD] JARAGUÁ DO SUL,189310040817079,40.14,1297,1134,6,6.69,Conversas por mensagem iniciadas,1,40.14,2026-09-21,2026-09-21,
[SET]_[SN]_Carrossel_Oferta - Estoque,2026-09-21,active,campaign,AUTOPLUS [FORD] JARAGUÁ DO SUL,189310040817079,50.4,3351,2415,61,0.82622951,Conversas por mensagem iniciadas,9,5.6,2026-09-21,2026-09-21,
[SET]_[N]_Card_Oferta - R/T/M,2026-09-21,active,campaign,AUTOPLUS [FORD] JARAGUÁ DO SUL,189310040817079,52.1,3136,2599,31,1.68064516,Conversas por mensagem iniciadas,7,7.44285714,2026-09-21,2026-09-21,
[SET]_[SN]_Carrossel_Oferta - Estoque [TP],2026-09-21,active,campaign,AUTOPLUS [FORD] JARAGUÁ DO SUL,189310040817079,14.03,594,498,16,0.876875,,,,2026-09-21,2026-09-21,
[SET]_[N]_Card_Oferta - Feirão,2026-09-21,active,campaign,AUTOPLUS [FORD] JARAGUÁ DO SUL,189310040817079,50,3275,2585,21,2.38095238,Conversas por mensagem iniciadas,1,50,2026-09-21,2026-09-21,
[SET]_[N]_Vt_Oferta - M/T/R,2026-09-21,active,campaign,AUTOPLUS [FORD] JARAGUÁ DO SUL,189310040817079,61.61,818,640,31,1.98741935,Conversas por mensagem iniciadas,2,30.805,2026-09-21,2026-09-21,
[SET]_[N]_Card_Oferta - Feirão,2026-09-20,active,campaign,AUTOPLUS [FORD] JARAGUÁ DO SUL,189310040817079,48.09,3430,2686,30,1.603,Conversas por mensagem iniciadas,3,16.03,2026-09-20,2026-09-20,
[SET]_[N]_Vt_Oferta - M/T/R,2026-09-20,active,campaign,AUTOPLUS [FORD] JARAGUÁ DO SUL,189310040817079,66.14,989,788,27,2.44962963,,,,2026-09-20,2026-09-20,
[SET]_[SN]_Carrossel_Oferta - Estoque [TP],2026-09-20,active,campaign,AUTOPLUS [FORD] JARAGUÁ DO SUL,189310040817079,14.68,673,571,21,0.69904762,Conversas por mensagem iniciadas,3,4.89333333,2026-09-20,2026-09-20,
[SET]_[SN]_Card_Condição - Lote,2026-09-20,active,campaign,AUTOPLUS [FORD] JARAGUÁ DO SUL,189310040817079,32.36,1486,1253,11,2.94181818,Conversas por mensagem iniciadas,1,32.36,2026-09-20,2026-09-20,
[SET]_[N]_Card_Oferta - R/T/M,2026-09-20,active,campaign,AUTOPLUS [FORD] JARAGUÁ DO SUL,189310040817079,64.38,3670,3029,24,2.6825,Conversas por mensagem iniciadas,3,21.46,2026-09-20,2026-09-20,
[SET]_[SN]_Carrossel_Oferta - Estoque,2026-09-20,active,campaign,AUTOPLUS [FORD] JARAGUÁ DO SUL,189310040817079,49.49,3150,2316,61,0.81131148,Conversas por mensagem iniciadas,8,6.18625,2026-09-20,2026-09-20,
[SET]_[SN]_Card_Condição - Lote,2026-09-19,active,campaign,AUTOPLUS [FORD] JARAGUÁ DO SUL,189310040817079,19.56,878,764,4,4.89,,,,2026-09-19,2026-09-19,
[SET]_[SN]_Carrossel_Oferta - Estoque,2026-09-19,active,campaign,AUTOPLUS [FORD] JARAGUÁ DO SUL,189310040817079,20.77,1466,1061,27,0.76925926,Conversas por mensagem iniciadas,3,6.92333333,2026-09-19,2026-09-19,
[SET]_[N]_Card_Oferta - R/T/M,2026-09-19,active,campaign,AUTOPLUS [FORD] JARAGUÁ DO SUL,189310040817079,43.54,2517,1960,22,1.97909091,Conversas por mensagem iniciadas,3,14.51333333,2026-09-19,2026-09-19,
[SET]_[N]_Vt_Oferta - M/T/R,2026-09-19,active,campaign,AUTOPLUS [FORD] JARAGUÁ DO SUL,189310040817079,30.71,468,352,9,3.41222222,Conversas por mensagem iniciadas,1,30.71,2026-09-19,2026-09-19,
[SET]_[SN]_Carrossel_Oferta - Estoque [TP],2026-09-19,active,campaign,AUTOPLUS [FORD] JARAGUÁ DO SUL,189310040817079,3.36,257,229,5,0.672,,,,2026-09-19,2026-09-19,
[SET]_[N]_Card_Oferta - Feirão,2026-09-19,active,campaign,AUTOPLUS [FORD] JARAGUÁ DO SUL,189310040817079,41.97,2587,1943,24,1.74875,Conversas por mensagem iniciadas,3,13.99,2026-09-19,2026-09-19,
[SET]_[N]_Card_Oferta - Feirão,2026-09-18,active,campaign,AUTOPLUS [FORD] JARAGUÁ DO SUL,189310040817079,42.22,2346,1718,19,2.22210526,Conversas por mensagem iniciadas,2,21.11,2026-09-18,2026-09-18,
[SET]_[N]_Vt_Oferta - M/T/R,2026-09-18,active,campaign,AUTOPLUS [FORD] JARAGUÁ DO SUL,189310040817079,44.07,532,396,17,2.59235294,Conversas por mensagem iniciadas,4,11.0175,2026-09-18,2026-09-18,
[SET]_[SN]_Carrossel_Oferta - Estoque [TP],2026-09-18,active,campaign,AUTOPLUS [FORD] JARAGUÁ DO SUL,189310040817079,6.37,381,322,11,0.57909091,,,,2026-09-18,2026-09-18,
[SET]_[SN]_Card_Condição - Lote,2026-09-18,active,campaign,AUTOPLUS [FORD] JARAGUÁ DO SUL,189310040817079,27.61,911,832,5,5.522,Conversas por mensagem iniciadas,2,13.805,2026-09-18,2026-09-18,
[SET]_[N]_Card_Oferta - R/T/M,2026-09-18,active,campaign,AUTOPLUS [FORD] JARAGUÁ DO SUL,189310040817079,51.08,2848,2208,28,1.82428571,Conversas por mensagem iniciadas,2,25.54,2026-09-18,2026-09-18,
[SET]_[SN]_Carrossel_Oferta - Estoque,2026-09-18,active,campaign,AUTOPLUS [FORD] JARAGUÁ DO SUL,189310040817079,33.81,2010,1446,41,0.82463415,Conversas por mensagem iniciadas,1,33.81,2026-09-18,2026-09-18,
[SET]_[N]_Vt_Oferta - M/T/R,2026-09-17,active,campaign,AUTOPLUS [FORD] JARAGUÁ DO SUL,189310040817079,55.54,742,507,22,2.52454545,Conversas por mensagem iniciadas,3,18.51333333,2026-09-17,2026-09-17,
[SET]_[N]_Card_Oferta - Feirão,2026-09-17,active,campaign,AUTOPLUS [FORD] JARAGUÁ DO SUL,189310040817079,33.87,2187,1556,16,2.116875,Conversas por mensagem iniciadas,3,11.29,2026-09-17,2026-09-17,
[SET]_[SN]_Carrossel_Oferta - Estoque [TP],2026-09-17,active,campaign,AUTOPLUS [FORD] JARAGUÁ DO SUL,189310040817079,8.96,411,355,11,0.81454545,Conversas por mensagem iniciadas,2,4.48,2026-09-17,2026-09-17,
[SET]_[SN]_Card_Condição - Lote,2026-09-17,active,campaign,AUTOPLUS [FORD] JARAGUÁ DO SUL,189310040817079,27.53,1058,896,9,3.05888889,Conversas por mensagem iniciadas,3,9.17666667,2026-09-17,2026-09-17,
[SET]_[N]_Card_Oferta - R/T/M,2026-09-17,active,campaign,AUTOPLUS [FORD] JARAGUÁ DO SUL,189310040817079,56.89,3574,2764,35,1.62542857,Conversas por mensagem iniciadas,1,56.89,2026-09-17,2026-09-17,
[SET]_[SN]_Carrossel_Oferta - Estoque,2026-09-17,active,campaign,AUTOPLUS [FORD] JARAGUÁ DO SUL,189310040817079,36.66,2204,1604,51,0.71882353,Conversas por mensagem iniciadas,6,6.11,2026-09-17,2026-09-17,
[SET]_[N]_Card_Oferta - Feirão,2026-09-16,active,campaign,AUTOPLUS [FORD] JARAGUÁ DO SUL,189310040817079,12.82,736,584,3,4.27333333,,,,2026-09-16,2026-09-16,
[SET]_[N]_Vt_Oferta - M/T/R,2026-09-16,active,campaign,AUTOPLUS [FORD] JARAGUÁ DO SUL,189310040817079,74.14,1000,751,34,2.18058824,Conversas por mensagem iniciadas,5,14.828,2026-09-16,2026-09-16,
[SET]_[SN]_Carrossel_Oferta - Estoque [TP],2026-09-16,active,campaign,AUTOPLUS [FORD] JARAGUÁ DO SUL,189310040817079,11.33,575,507,12,0.94416667,,,,2026-09-16,2026-09-16,
[SET]_[SN]_Card_Condição - Lote,2026-09-16,active,campaign,AUTOPLUS [FORD] JARAGUÁ DO SUL,189310040817079,34.87,1292,1069,6,5.81166667,Conversas por mensagem iniciadas,3,11.62333333,2026-09-16,2026-09-16,
[SET]_[N]_Card_Oferta - R/T/M,2026-09-16,active,campaign,AUTOPLUS [FORD] JARAGUÁ DO SUL,189310040817079,63.6,4181,3000,37,1.71891892,Conversas por mensagem iniciadas,5,12.72,2026-09-16,2026-09-16,
[SET]_[SN]_Carrossel_Oferta - Estoque,2026-09-16,active,campaign,AUTOPLUS [FORD] JARAGUÁ DO SUL,189310040817079,45.66,2210,1591,59,0.77389831,Conversas por mensagem iniciadas,9,5.07333333,2026-09-16,2026-09-16,
[SET]_[N]_Card_Oferta - R/T/M,2026-09-15,active,campaign,AUTOPLUS [FORD] JARAGUÁ DO SUL,189310040817079,70.9,4100,3209,37,1.91621622,Conversas por mensagem iniciadas,4,17.725,2026-09-15,2026-09-15,
[SET]_[SN]_Carrossel_Oferta - Estoque,2026-09-15,active,campaign,AUTOPLUS [FORD] JARAGUÁ DO SUL,189310040817079,48.9,2186,1610,48,1.01875,Conversas por mensagem iniciadas,2,24.45,2026-09-15,2026-09-15,
[SET]_[N]_Vt_Oferta - M/T/R,2026-09-15,active,campaign,AUTOPLUS [FORD] JARAGUÁ DO SUL,189310040817079,81.5,1452,1136,38,2.14473684,Conversas por mensagem iniciadas,6,13.58333333,2026-09-15,2026-09-15,
[SET]_[SN]_Card_Condição - Lote,2026-09-15,active,campaign,AUTOPLUS [FORD] JARAGUÁ DO SUL,189310040817079,34.53,1286,1100,6,5.755,Conversas por mensagem iniciadas,2,17.265,2026-09-15,2026-09-15,
[SET]_[SN]_Carrossel_Oferta - Estoque [TP],2026-09-15,active,campaign,AUTOPLUS [FORD] JARAGUÁ DO SUL,189310040817079,14.4,541,469,11,1.30909091,Conversas por mensagem iniciadas,2,7.2,2026-09-15,2026-09-15,
[SET]_[N]_Vt_Oferta - M/T/R,2026-09-14,active,campaign,AUTOPLUS [FORD] JARAGUÁ DO SUL,189310040817079,75.07,1238,921,22,3.41227273,Conversas por mensagem iniciadas,5,15.014,2026-09-14,2026-09-14,
[SET]_[SN]_Carrossel_Oferta - Estoque [TP],2026-09-14,active,campaign,AUTOPLUS [FORD] JARAGUÁ DO SUL,189310040817079,13.57,479,428,11,1.23363636,,,,2026-09-14,2026-09-14,
[SET]_[SN]_Card_Condição - Lote,2026-09-14,active,campaign,AUTOPLUS [FORD] JARAGUÁ DO SUL,189310040817079,35.81,1279,1112,16,2.238125,Conversas por mensagem iniciadas,5,7.162,2026-09-14,2026-09-14,
[SET]_[N]_Card_Oferta - R/T/M,2026-09-14,active,campaign,AUTOPLUS [FORD] JARAGUÁ DO SUL,189310040817079,80.22,3723,2995,37,2.16810811,Conversas por mensagem iniciadas,5,16.044,2026-09-14,2026-09-14,
[SET]_[SN]_Carrossel_Oferta - Estoque,2026-09-14,active,campaign,AUTOPLUS [FORD] JARAGUÁ DO SUL,189310040817079,52.45,2042,1493,35,1.49857143,Conversas por mensagem iniciadas,6,8.74166667,2026-09-14,2026-09-14,
[SET]_[N]_Card_Oferta - R/T/M,2026-09-13,active,campaign,AUTOPLUS [FORD] JARAGUÁ DO SUL,189310040817079,53.62,3110,2492,18,2.97888889,Conversas por mensagem iniciadas,1,53.62,2026-09-13,2026-09-13,
[SET]_[SN]_Carrossel_Oferta - Estoque,2026-09-13,active,campaign,AUTOPLUS [FORD] JARAGUÁ DO SUL,189310040817079,41.67,2108,1430,51,0.81705882,Conversas por mensagem iniciadas,2,20.835,2026-09-13,2026-09-13,
[SET]_[N]_Vt_Oferta - M/T/R,2026-09-13,active,campaign,AUTOPLUS [FORD] JARAGUÁ DO SUL,189310040817079,58.37,1007,800,20,2.9185,Conversas por mensagem iniciadas,2,29.185,2026-09-13,2026-09-13,
[SET]_[SN]_Card_Condição - Lote,2026-09-13,active,campaign,AUTOPLUS [FORD] JARAGUÁ DO SUL,189310040817079,30.04,1197,974,4,7.51,,,,2026-09-13,2026-09-13,
[SET]_[SN]_Carrossel_Oferta - Estoque [TP],2026-09-13,active,campaign,AUTOPLUS [FORD] JARAGUÁ DO SUL,189310040817079,11.88,509,433,7,1.69714286,Conversas por mensagem iniciadas,2,5.94,2026-09-13,2026-09-13,
[SET]_[N]_Vt_Oferta - M/T/R,2026-09-12,active,campaign,AUTOPLUS [FORD] JARAGUÁ DO SUL,189310040817079,28.59,563,433,19,1.50473684,Conversas por mensagem iniciadas,4,7.1475,2026-09-12,2026-09-12,
[SET]_[SN]_Carrossel_Oferta - Estoque [TP],2026-09-12,active,campaign,AUTOPLUS [FORD] JARAGUÁ DO SUL,189310040817079,3.5,226,206,5,0.7,Conversas por mensagem iniciadas,1,3.5,2026-09-12,2026-09-12,
[SET]_[SN]_Card_Condição - Lote,2026-09-12,active,campaign,AUTOPLUS [FORD] JARAGUÁ DO SUL,189310040817079,11.18,628,494,4,2.795,Conversas por mensagem iniciadas,1,11.18,2026-09-12,2026-09-12,
[SET]_[N]_Card_Oferta - R/T/M,2026-09-12,active,campaign,AUTOPLUS [FORD] JARAGUÁ DO SUL,189310040817079,35.62,2439,1931,22,1.61909091,,,,2026-09-12,2026-09-12,
[SET]_[SN]_Carrossel_Oferta - Estoque,2026-09-12,active,campaign,AUTOPLUS [FORD] JARAGUÁ DO SUL,189310040817079,17.87,1222,898,24,0.74458333,Conversas por mensagem iniciadas,1,17.87,2026-09-12,2026-09-12,
[SET]_[SN]_Carrossel_Oferta - Estoque,2026-09-11,active,campaign,AUTOPLUS [FORD] JARAGUÁ DO SUL,189310040817079,32,1921,1299,27,1.18518519,Conversas por mensagem iniciadas,5,6.4,2026-09-11,2026-09-11,
[SET]_[N]_Card_Oferta - R/T/M,2026-09-11,active,campaign,AUTOPLUS [FORD] JARAGUÁ DO SUL,189310040817079,55,3794,2860,32,1.71875,Conversas por mensagem iniciadas,7,7.85714286,2026-09-11,2026-09-11,
[SET]_[SN]_Carrossel_Oferta - Estoque [TP],2026-09-11,active,campaign,AUTOPLUS [FORD] JARAGUÁ DO SUL,189310040817079,7.09,340,285,6,1.18166667,,,,2026-09-11,2026-09-11,
[SET]_[SN]_Card_Condição - Lote,2026-09-11,active,campaign,AUTOPLUS [FORD] JARAGUÁ DO SUL,189310040817079,24.9,1225,995,15,1.66,Conversas por mensagem iniciadas,5,4.98,2026-09-11,2026-09-11,
[SET]_[N]_Vt_Oferta - M/T/R,2026-09-11,active,campaign,AUTOPLUS [FORD] JARAGUÁ DO SUL,189310040817079,44.02,772,560,11,4.00181818,Conversas por mensagem iniciadas,4,11.005,2026-09-11,2026-09-11,
[SET]_[N]_Vt_Oferta - M/T/R,2026-09-10,active,campaign,AUTOPLUS [FORD] JARAGUÁ DO SUL,189310040817079,65.6,1049,674,17,3.85882353,Conversas por mensagem iniciadas,5,13.12,2026-09-10,2026-09-10,
[SET]_[SN]_Carrossel_Oferta - Estoque [TP],2026-09-10,active,campaign,AUTOPLUS [FORD] JARAGUÁ DO SUL,189310040817079,10.63,509,419,13,0.81769231,Conversas por mensagem iniciadas,2,5.315,2026-09-10,2026-09-10,
[SET]_[SN]_Card_Condição - Lote,2026-09-10,active,campaign,AUTOPLUS [FORD] JARAGUÁ DO SUL,189310040817079,29.45,1533,1220,9,3.27222222,Conversas por mensagem iniciadas,1,29.45,2026-09-10,2026-09-10,
[SET]_[N]_Card_Oferta - R/T/M,2026-09-10,active,campaign,AUTOPLUS [FORD] JARAGUÁ DO SUL,189310040817079,72.42,4833,3426,30,2.414,Conversas por mensagem iniciadas,5,14.484,2026-09-10,2026-09-10,
[SET]_[SN]_Carrossel_Oferta - Estoque,2026-09-10,active,campaign,AUTOPLUS [FORD] JARAGUÁ DO SUL,189310040817079,42.01,2339,1723,43,0.97697674,Conversas por mensagem iniciadas,3,14.00333333,2026-09-10,2026-09-10,
[SET]_[N]_Card_Oferta - R/T/M,2026-09-09,active,campaign,AUTOPLUS [FORD] JARAGUÁ DO SUL,189310040817079,85.98,5023,3682,48,1.79125,Conversas por mensagem iniciadas,7,12.28285714,2026-09-09,2026-09-09,
[SET]_[SN]_Carrossel_Oferta - Estoque,2026-09-09,active,campaign,AUTOPLUS [FORD] JARAGUÁ DO SUL,189310040817079,50.06,2842,2137,50,1.0012,Conversas por mensagem iniciadas,5,10.012,2026-09-09,2026-09-09,
[SET]_[N]_Vt_Oferta - M/T/R,2026-09-09,active,campaign,AUTOPLUS [FORD] JARAGUÁ DO SUL,189310040817079,77.77,1097,816,31,2.50870968,Conversas por mensagem iniciadas,7,11.11,2026-09-09,2026-09-09,
[SET]_[SN]_Card_Condição - Lote,2026-09-09,active,campaign,AUTOPLUS [FORD] JARAGUÁ DO SUL,189310040817079,39.71,2049,1735,15,2.64733333,Conversas por mensagem iniciadas,3,13.23666667,2026-09-09,2026-09-09,
[SET]_[SN]_Carrossel_Oferta - Estoque [TP],2026-09-09,active,campaign,AUTOPLUS [FORD] JARAGUÁ DO SUL,189310040817079,12.45,595,495,18,0.69166667,Conversas por mensagem iniciadas,3,4.15,2026-09-09,2026-09-09,
[SET]_[N]_Vt_Oferta - M/T/R,2026-09-08,active,campaign,AUTOPLUS [FORD] JARAGUÁ DO SUL,189310040817079,73.94,1181,893,37,1.99837838,Conversas por mensagem iniciadas,4,18.485,2026-09-08,2026-09-08,
[SET]_[SN]_Carrossel_Oferta - Estoque [TP],2026-09-08,active,campaign,AUTOPLUS [FORD] JARAGUÁ DO SUL,189310040817079,12.04,505,449,11,1.09454545,Conversas por mensagem iniciadas,2,6.02,2026-09-08,2026-09-08,
[SET]_[SN]_Card_Condição - Lote,2026-09-08,active,campaign,AUTOPLUS [FORD] JARAGUÁ DO SUL,189310040817079,40.55,1757,1436,17,2.38529412,Conversas por mensagem iniciadas,7,5.79285714,2026-09-08,2026-09-08,
[SET]_[N]_Card_Oferta - R/T/M,2026-09-08,active,campaign,AUTOPLUS [FORD] JARAGUÁ DO SUL,189310040817079,53.9,3951,3088,23,2.34347826,Conversas por mensagem iniciadas,1,53.9,2026-09-08,2026-09-08,
[SET]_[SN]_Carrossel_Oferta - Estoque,2026-09-08,active,campaign,AUTOPLUS [FORD] JARAGUÁ DO SUL,189310040817079,45.99,2627,2036,48,0.958125,Conversas por mensagem iniciadas,3,15.33,2026-09-08,2026-09-08,
[SET]_[SN]_Card_Condição - Lote,2026-09-07,active,campaign,AUTOPLUS [FORD] JARAGUÁ DO SUL,189310040817079,38.92,2160,1823,24,1.62166667,Conversas por mensagem iniciadas,6,6.48666667,2026-09-07,2026-09-07,
[SET]_[SN]_Carrossel_Oferta - Estoque,2026-09-07,active,campaign,AUTOPLUS [FORD] JARAGUÁ DO SUL,189310040817079,50.1,3317,2479,72,0.69583333,Conversas por mensagem iniciadas,6,8.35,2026-09-07,2026-09-07,
[SET]_[N]_Card_Oferta - R/T/M,2026-09-07,active,campaign,AUTOPLUS [FORD] JARAGUÁ DO SUL,189310040817079,63.86,4530,3499,33,1.93515152,Conversas por mensagem iniciadas,4,15.965,2026-09-07,2026-09-07,
[SET]_[SN]_Carrossel_Oferta - Estoque [TP],2026-09-07,active,campaign,AUTOPLUS [FORD] JARAGUÁ DO SUL,189310040817079,11.38,860,717,10,1.138,,,,2026-09-07,2026-09-07,
[SET]_[N]_Vt_Oferta - M/T/R,2026-09-07,active,campaign,AUTOPLUS [FORD] JARAGUÁ DO SUL,189310040817079,59.35,1010,782,29,2.04655172,Conversas por mensagem iniciadas,4,14.8375,2026-09-07,2026-09-07,
[SET]_[N]_Vt_Oferta - M/T/R,2026-09-06,active,campaign,AUTOPLUS [FORD] JARAGUÁ DO SUL,189310040817079,70.33,890,672,31,2.26870968,Conversas por mensagem iniciadas,3,23.44333333,2026-09-06,2026-09-06,
[SET]_[SN]_Carrossel_Oferta - Estoque [TP],2026-09-06,active,campaign,AUTOPLUS [FORD] JARAGUÁ DO SUL,189310040817079,12.75,756,592,13,0.98076923,,,,2026-09-06,2026-09-06,
[SET]_[SN]_Card_Condição - Lote,2026-09-06,active,campaign,AUTOPLUS [FORD] JARAGUÁ DO SUL,189310040817079,25.18,1426,1141,17,1.48117647,Conversas por mensagem iniciadas,1,25.18,2026-09-06,2026-09-06,
[SET]_[N]_Card_Oferta - R/T/M,2026-09-06,active,campaign,AUTOPLUS [FORD] JARAGUÁ DO SUL,189310040817079,53.12,3217,2423,23,2.30956522,Conversas por mensagem iniciadas,3,17.70666667,2026-09-06,2026-09-06,
[SET]_[SN]_Carrossel_Oferta - Estoque,2026-09-06,active,campaign,AUTOPLUS [FORD] JARAGUÁ DO SUL,189310040817079,41.87,3111,2305,63,0.66460317,Conversas por mensagem iniciadas,7,5.98142857,2026-09-06,2026-09-06,
[SET]_[N]_Card_Oferta - R/T/M,2026-09-05,active,campaign,AUTOPLUS [FORD] JARAGUÁ DO SUL,189310040817079,38.3,2351,1753,20,1.915,Conversas por mensagem iniciadas,4,9.575,2026-09-05,2026-09-05,
[SET]_[SN]_Carrossel_Oferta - Estoque,2026-09-05,active,campaign,AUTOPLUS [FORD] JARAGUÁ DO SUL,189310040817079,19.87,1231,918,39,0.50948718,Conversas por mensagem iniciadas,1,19.87,2026-09-05,2026-09-05,
[SET]_[N]_Vt_Oferta - M/T/R,2026-09-05,active,campaign,AUTOPLUS [FORD] JARAGUÁ DO SUL,189310040817079,50.59,746,563,18,2.81055556,Conversas por mensagem iniciadas,3,16.86333333,2026-09-05,2026-09-05,
[SET]_[SN]_Card_Condição - Lote,2026-09-05,active,campaign,AUTOPLUS [FORD] JARAGUÁ DO SUL,189310040817079,16.14,779,681,3,5.38,,,,2026-09-05,2026-09-05,
[SET]_[SN]_Carrossel_Oferta - Estoque [TP],2026-09-05,active,campaign,AUTOPLUS [FORD] JARAGUÁ DO SUL,189310040817079,2.62,256,224,3,0.87333333,,,,2026-09-05,2026-09-05,
[SET]_[N]_Vt_Oferta - M/T/R,2026-09-04,active,campaign,AUTOPLUS [FORD] JARAGUÁ DO SUL,189310040817079,44.85,579,485,16,2.803125,Conversas por mensagem iniciadas,4,11.2125,2026-09-04,2026-09-04,
[SET]_[SN]_Carrossel_Oferta - Estoque [TP],2026-09-04,active,campaign,AUTOPLUS [FORD] JARAGUÁ DO SUL,189310040817079,6.67,374,320,7,0.95285714,,,,2026-09-04,2026-09-04,
[SET]_[SN]_Card_Condição - Lote,2026-09-04,active,campaign,AUTOPLUS [FORD] JARAGUÁ DO SUL,189310040817079,23.25,1240,1034,22,1.05681818,Conversas por mensagem iniciadas,1,23.25,2026-09-04,2026-09-04,
[SET]_[N]_Card_Oferta - R/T/M,2026-09-04,active,campaign,AUTOPLUS [FORD] JARAGUÁ DO SUL,189310040817079,47.24,2831,2036,24,1.96833333,Conversas por mensagem iniciadas,1,47.24,2026-09-04,2026-09-04,
[SET]_[SN]_Carrossel_Oferta - Estoque,2026-09-04,active,campaign,AUTOPLUS [FORD] JARAGUÁ DO SUL,189310040817079,32.35,2031,1438,54,0.59907407,Conversas por mensagem iniciadas,2,16.175,2026-09-04,2026-09-04,
[SET]_[SN]_Carrossel_Oferta - Estoque [TP],2026-09-03,active,campaign,AUTOPLUS [FORD] JARAGUÁ DO SUL,189310040817079,10.26,514,431,12,0.855,Conversas por mensagem iniciadas,2,5.13,2026-09-03,2026-09-03,
[SET]_[SN]_Card_Condição - Lote,2026-09-03,active,campaign,AUTOPLUS [FORD] JARAGUÁ DO SUL,189310040817079,33.41,1681,1410,17,1.96529412,Conversas por mensagem iniciadas,3,11.13666667,2026-09-03,2026-09-03,
[SET]_[N]_Card_Oferta - R/T/M,2026-09-03,active,campaign,AUTOPLUS [FORD] JARAGUÁ DO SUL,189310040817079,61.27,3977,3077,40,1.53175,Conversas por mensagem iniciadas,6,10.21166667,2026-09-03,2026-09-03,
[SET]_[SN]_Carrossel_Oferta - Estoque,2026-09-03,active,campaign,AUTOPLUS [FORD] JARAGUÁ DO SUL,189310040817079,39.95,2634,1966,48,0.83229167,Conversas por mensagem iniciadas,2,19.975,2026-09-03,2026-09-03,
[SET]_[SN]_Carrossel_Oferta - Estoque [TP],2026-09-02,active,campaign,AUTOPLUS [FORD] JARAGUÁ DO SUL,189310040817079,10.27,917,764,16,0.641875,Conversas por mensagem iniciadas,1,10.27,2026-09-02,2026-09-02,
[SET]_[SN]_Card_Condição - Lote,2026-09-02,active,campaign,AUTOPLUS [FORD] JARAGUÁ DO SUL,189310040817079,33.11,1646,1448,20,1.6555,Conversas por mensagem iniciadas,1,33.11,2026-09-02,2026-09-02,
[SET]_[N]_Card_Oferta - R/T/M,2026-09-02,active,campaign,AUTOPLUS [FORD] JARAGUÁ DO SUL,189310040817079,63.83,4325,3362,42,1.5197619,Conversas por mensagem iniciadas,5,12.766,2026-09-02,2026-09-02,
[SET]_[SN]_Carrossel_Oferta - Estoque,2026-09-02,active,campaign,AUTOPLUS [FORD] JARAGUÁ DO SUL,189310040817079,38.85,2734,2030,68,0.57132353,Conversas por mensagem iniciadas,7,5.55,2026-09-02,2026-09-02,
[SET]_[SN]_Card_Condição - Lote,2026-09-01,active,campaign,AUTOPLUS [FORD] JARAGUÁ DO SUL,189310040817079,34.77,1802,1588,13,2.67461538,,,,2026-09-01,2026-09-01,
[SET]_[N]_Card_Oferta - R/T/M,2026-09-01,active,campaign,AUTOPLUS [FORD] JARAGUÁ DO SUL,189310040817079,67.98,5053,4128,46,1.47782609,Conversas por mensagem iniciadas,7,9.71142857,2026-09-01,2026-09-01,
[SET]_[SN]_Carrossel_Oferta - Estoque [TP],2026-09-01,active,campaign,AUTOPLUS [FORD] JARAGUÁ DO SUL,189310040817079,12.69,754,645,10,1.269,,,,2026-09-01,2026-09-01,
[SET]_[SN]_Carrossel_Oferta - Estoque,2026-09-01,active,campaign,AUTOPLUS [FORD] JARAGUÁ DO SUL,189310040817079,45.58,2916,2161,54,0.84407407,Conversas por mensagem iniciadas,3,15.19333333,2026-09-01,2026-09-01,
[SET]_[SN]_Vídeo_Oferta,2026-09-30,active,campaign,AUTOPLUS [FORD] BLUMENAU,496393841435219,5.5,139,121,,,Conversas por mensagem iniciadas,1,5.5,2026-09-30,2026-09-30,
[SET]_[N]_Card_Oferta - Feirão,2026-09-30,active,campaign,AUTOPLUS [FORD] BLUMENAU,496393841435219,7.68,496,428,1,7.68,,,,2026-09-30,2026-09-30,
[SET]_[N]_Vt_Oferta - M/T/R,2026-09-30,active,campaign,AUTOPLUS [FORD] BLUMENAU,496393841435219,1.36,159,142,1,1.36,,,,2026-09-30,2026-09-30,
[SET]_[SN]_Carrossel_Oferta - Estoque [TP],2026-09-30,active,campaign,AUTOPLUS [FORD] BLUMENAU,496393841435219,1.36,63,59,,,,,,2026-09-30,2026-09-30,
[SET]_[SN]_Card_Condição - Lote,2026-09-30,active,campaign,AUTOPLUS [FORD] BLUMENAU,496393841435219,4.56,220,210,,,,,,2026-09-30,2026-09-30,
[SET]_[N]_Card_Oferta - R/T/M,2026-09-30,active,campaign,AUTOPLUS [FORD] BLUMENAU,496393841435219,4.22,276,231,2,2.11,Conversas por mensagem iniciadas,2,2.11,2026-09-30,2026-09-30,
[SET]_[SN]_Carrossel_Oferta - Estoque,2026-09-30,active,campaign,AUTOPLUS [FORD] BLUMENAU,496393841435219,14.45,492,397,17,0.85,Conversas por mensagem iniciadas,3,4.81666667,2026-09-30,2026-09-30,
[SET]_[SN]_Card_Condição - Lote,2026-09-29,active,campaign,AUTOPLUS [FORD] BLUMENAU,496393841435219,16.83,777,706,6,2.805,Conversas por mensagem iniciadas,1,16.83,2026-09-29,2026-09-29,
[SET]_[SN]_Carrossel_Oferta - Estoque,2026-09-29,active,campaign,AUTOPLUS [FORD] BLUMENAU,496393841435219,83.9,4010,2916,80,1.04875,Conversas por mensagem iniciadas,7,11.98571429,2026-09-29,2026-09-29,
[SET]_[N]_Card_Oferta - R/T/M,2026-09-29,active,campaign,AUTOPLUS [FORD] BLUMENAU,496393841435219,46.6,2356,1705,35,1.33142857,Conversas por mensagem iniciadas,3,15.53333333,2026-09-29,2026-09-29,
[SET]_[SN]_Vídeo_Oferta,2026-09-29,active,campaign,AUTOPLUS [FORD] BLUMENAU,496393841435219,63.14,2118,1765,23,2.74521739,Conversas por mensagem iniciadas,14,4.51,2026-09-29,2026-09-29,
[SET]_[SN]_Carrossel_Oferta - Estoque [TP],2026-09-29,active,campaign,AUTOPLUS [FORD] BLUMENAU,496393841435219,10.69,530,446,13,0.82230769,,,,2026-09-29,2026-09-29,
[SET]_[N]_Vt_Oferta - M/T/R,2026-09-29,active,campaign,AUTOPLUS [FORD] BLUMENAU,496393841435219,10.91,303,275,5,2.182,Conversas por mensagem iniciadas,3,3.63666667,2026-09-29,2026-09-29,
[SET]_[N]_Card_Oferta - Feirão,2026-09-29,active,campaign,AUTOPLUS [FORD] BLUMENAU,496393841435219,84.57,4854,3697,49,1.72591837,Conversas por mensagem iniciadas,8,10.57125,2026-09-29,2026-09-29,
[SET]_[SN]_Carrossel_Oferta - Estoque [TP],2026-09-28,active,campaign,AUTOPLUS [FORD] BLUMENAU,496393841435219,14.03,666,569,14,1.00214286,Conversas por mensagem iniciadas,1,14.03,2026-09-28,2026-09-28,
[SET]_[SN]_Carrossel_Oferta - Estoque,2026-09-28,active,campaign,AUTOPLUS [FORD] BLUMENAU,496393841435219,94.87,4849,3513,88,1.07806818,Conversas por mensagem iniciadas,10,9.487,2026-09-28,2026-09-28,
[SET]_[N]_Card_Oferta - R/T/M,2026-09-28,active,campaign,AUTOPLUS [FORD] BLUMENAU,496393841435219,64.85,3709,2542,50,1.297,Conversas por mensagem iniciadas,5,12.97,2026-09-28,2026-09-28,
[SET]_[SN]_Card_Condição - Lote,2026-09-28,active,campaign,AUTOPLUS [FORD] BLUMENAU,496393841435219,20.52,821,704,6,3.42,,,,2026-09-28,2026-09-28,
[SET]_[N]_Vt_Oferta - M/T/R,2026-09-28,active,campaign,AUTOPLUS [FORD] BLUMENAU,496393841435219,31.07,367,327,8,3.88375,,,,2026-09-28,2026-09-28,
[SET]_[N]_Card_Oferta - Feirão,2026-09-28,active,campaign,AUTOPLUS [FORD] BLUMENAU,496393841435219,91.09,5952,4420,42,2.16880952,Conversas por mensagem iniciadas,7,13.01285714,2026-09-28,2026-09-28,
[SET]_[SN]_Vídeo_Oferta,2026-09-28,active,campaign,AUTOPLUS [FORD] BLUMENAU,496393841435219,73.95,3606,2987,25,2.958,Conversas por mensagem iniciadas,11,6.72272727,2026-09-28,2026-09-28,
[SET]_[SN]_Carrossel_Oferta - Estoque [TP],2026-09-27,active,campaign,AUTOPLUS [FORD] BLUMENAU,496393841435219,13.97,699,559,11,1.27,Conversas por mensagem iniciadas,1,13.97,2026-09-27,2026-09-27,
[SET]_[N]_Card_Oferta - R/T/M,2026-09-27,active,campaign,AUTOPLUS [FORD] BLUMENAU,496393841435219,79.87,4625,3362,49,1.63,Conversas por mensagem iniciadas,3,26.62333333,2026-09-27,2026-09-27,
[SET]_[SN]_Card_Condição - Lote,2026-09-27,active,campaign,AUTOPLUS [FORD] BLUMENAU,496393841435219,31.99,1264,1005,20,1.5995,Conversas por mensagem iniciadas,2,15.995,2026-09-27,2026-09-27,
[SET]_[SN]_Carrossel_Oferta - Estoque,2026-09-27,active,campaign,AUTOPLUS [FORD] BLUMENAU,496393841435219,97.97,4963,3785,103,0.95116505,Conversas por mensagem iniciadas,15,6.53133333,2026-09-27,2026-09-27,
[SET]_[N]_Vt_Oferta - M/T/R,2026-09-27,active,campaign,AUTOPLUS [FORD] BLUMENAU,496393841435219,57.09,1225,1020,29,1.96862069,Conversas por mensagem iniciadas,4,14.2725,2026-09-27,2026-09-27,
[SET]_[N]_Card_Oferta - Feirão,2026-09-27,active,campaign,AUTOPLUS [FORD] BLUMENAU,496393841435219,93.63,6471,4715,44,2.12795455,Conversas por mensagem iniciadas,8,11.70375,2026-09-27,2026-09-27,
[SET]_[SN]_Vídeo_Oferta,2026-09-27,active,campaign,AUTOPLUS [FORD] BLUMENAU,496393841435219,90.73,3928,3106,46,1.9723913,Conversas por mensagem iniciadas,24,3.78041667,2026-09-27,2026-09-27,
[SET]_[SN]_Vídeo_Oferta,2026-09-26,active,campaign,AUTOPLUS [FORD] BLUMENAU,496393841435219,47.64,2276,1870,21,2.26857143,Conversas por mensagem iniciadas,10,4.764,2026-09-26,2026-09-26,
[SET]_[N]_Card_Oferta - Feirão,2026-09-26,active,campaign,AUTOPLUS [FORD] BLUMENAU,496393841435219,55.01,3221,2406,39,1.41051282,Conversas por mensagem iniciadas,7,7.85857143,2026-09-26,2026-09-26,
[SET]_[N]_Vt_Oferta - M/T/R,2026-09-26,active,campaign,AUTOPLUS [FORD] BLUMENAU,496393841435219,19.89,285,227,6,3.315,,,,2026-09-26,2026-09-26,
[SET]_[SN]_Carrossel_Oferta - Estoque [TP],2026-09-26,active,campaign,AUTOPLUS [FORD] BLUMENAU,496393841435219,2.37,171,158,3,0.79,Conversas por mensagem iniciadas,1,2.37,2026-09-26,2026-09-26,
[SET]_[SN]_Card_Condição - Lote,2026-09-26,active,campaign,AUTOPLUS [FORD] BLUMENAU,496393841435219,7.39,299,248,3,2.46333333,Conversas por mensagem iniciadas,1,7.39,2026-09-26,2026-09-26,
[SET]_[N]_Card_Oferta - R/T/M,2026-09-26,active,campaign,AUTOPLUS [FORD] BLUMENAU,496393841435219,42.53,2264,1695,22,1.93318182,Conversas por mensagem iniciadas,3,14.17666667,2026-09-26,2026-09-26,
[SET]_[SN]_Carrossel_Oferta - Estoque,2026-09-26,active,campaign,AUTOPLUS [FORD] BLUMENAU,496393841435219,74.01,3505,2620,64,1.15640625,Conversas por mensagem iniciadas,5,14.802,2026-09-26,2026-09-26,
[SET]_[SN]_Carrossel_Oferta - Estoque [TP],2026-09-25,active,campaign,AUTOPLUS [FORD] BLUMENAU,496393841435219,6.15,302,253,5,1.23,,,,2026-09-25,2026-09-25,
[SET]_[N]_Card_Oferta - R/T/M,2026-09-25,active,campaign,AUTOPLUS [FORD] BLUMENAU,496393841435219,48.5,2653,1938,24,2.02083333,Conversas por mensagem iniciadas,7,6.92857143,2026-09-25,2026-09-25,
[SET]_[SN]_Card_Condição - Lote,2026-09-25,active,campaign,AUTOPLUS [FORD] BLUMENAU,496393841435219,15.68,440,362,11,1.42545455,Conversas por mensagem iniciadas,1,15.68,2026-09-25,2026-09-25,
[SET]_[SN]_Carrossel_Oferta - Estoque,2026-09-25,active,campaign,AUTOPLUS [FORD] BLUMENAU,496393841435219,83.6,3544,2590,72,1.16111111,Conversas por mensagem iniciadas,9,9.28888889,2026-09-25,2026-09-25,
[SET]_[N]_Vt_Oferta - M/T/R,2026-09-25,active,campaign,AUTOPLUS [FORD] BLUMENAU,496393841435219,30.01,432,350,11,2.72818182,Conversas por mensagem iniciadas,6,5.00166667,2026-09-25,2026-09-25,
[SET]_[SN]_Vídeo_Oferta,2026-09-25,active,campaign,AUTOPLUS [FORD] BLUMENAU,496393841435219,61.94,2779,2187,20,3.097,Conversas por mensagem iniciadas,12,5.16166667,2026-09-25,2026-09-25,
[SET]_[N]_Card_Oferta - Feirão,2026-09-25,active,campaign,AUTOPLUS [FORD] BLUMENAU,496393841435219,69.62,4008,2917,41,1.69804878,Conversas por mensagem iniciadas,4,17.405,2026-09-25,2026-09-25,
[SET]_[SN]_Carrossel_Oferta - Estoque [TP],2026-09-24,active,campaign,AUTOPLUS [FORD] BLUMENAU,496393841435219,9.85,383,329,7,1.40714286,Conversas por mensagem iniciadas,1,9.85,2026-09-24,2026-09-24,
[SET]_[N]_Card_Oferta - R/T/M,2026-09-24,active,campaign,AUTOPLUS [FORD] BLUMENAU,496393841435219,54.38,3453,2043,32,1.699375,Conversas por mensagem iniciadas,2,27.19,2026-09-24,2026-09-24,
[SET]_[SN]_Card_Condição - Lote,2026-09-24,active,campaign,AUTOPLUS [FORD] BLUMENAU,496393841435219,20.61,526,424,4,5.1525,,,,2026-09-24,2026-09-24,
[SET]_[SN]_Carrossel_Oferta - Estoque,2026-09-24,active,campaign,AUTOPLUS [FORD] BLUMENAU,496393841435219,81.74,4558,3085,79,1.03468354,Conversas por mensagem iniciadas,8,10.2175,2026-09-24,2026-09-24,
[SET]_[N]_Vt_Oferta - M/T/R,2026-09-24,active,campaign,AUTOPLUS [FORD] BLUMENAU,496393841435219,37.27,429,343,11,3.38818182,Conversas por mensagem iniciadas,4,9.3175,2026-09-24,2026-09-24,
[SET]_[N]_Card_Oferta - Feirão,2026-09-24,active,campaign,AUTOPLUS [FORD] BLUMENAU,496393841435219,73.88,3863,2821,30,2.46266667,Conversas por mensagem iniciadas,3,24.62666667,2026-09-24,2026-09-24,
[SET]_[SN]_Vídeo_Oferta,2026-09-24,active,campaign,AUTOPLUS [FORD] BLUMENAU,496393841435219,70.62,2975,2331,32,2.206875,Conversas por mensagem iniciadas,17,4.15411765,2026-09-24,2026-09-24,
[SET]_[SN]_Vídeo_Oferta,2026-09-23,active,campaign,AUTOPLUS [FORD] BLUMENAU,496393841435219,80.2,3029,2126,40,2.005,Conversas por mensagem iniciadas,25,3.208,2026-09-23,2026-09-23,
[SET]_[N]_Card_Oferta - Feirão,2026-09-23,active,campaign,AUTOPLUS [FORD] BLUMENAU,496393841435219,83.3,3954,2728,36,2.31388889,Conversas por mensagem iniciadas,5,16.66,2026-09-23,2026-09-23,
[SET]_[N]_Vt_Oferta - M/T/R,2026-09-23,active,campaign,AUTOPLUS [FORD] BLUMENAU,496393841435219,43.01,543,435,14,3.07214286,Conversas por mensagem iniciadas,3,14.33666667,2026-09-23,2026-09-23,
[SET]_[SN]_Carrossel_Oferta - Estoque [TP],2026-09-23,active,campaign,AUTOPLUS [FORD] BLUMENAU,496393841435219,11.05,533,453,13,0.85,,,,2026-09-23,2026-09-23,
[SET]_[SN]_Card_Condição - Lote,2026-09-23,active,campaign,AUTOPLUS [FORD] BLUMENAU,496393841435219,23.64,666,542,13,1.81846154,Conversas por mensagem iniciadas,1,23.64,2026-09-23,2026-09-23,
[SET]_[N]_Card_Oferta - R/T/M,2026-09-23,active,campaign,AUTOPLUS [FORD] BLUMENAU,496393841435219,63.52,4115,2389,37,1.71675676,Conversas por mensagem iniciadas,1,63.52,2026-09-23,2026-09-23,
[SET]_[SN]_Carrossel_Oferta - Estoque,2026-09-23,active,campaign,AUTOPLUS [FORD] BLUMENAU,496393841435219,76.17,3597,2564,62,1.22854839,Conversas por mensagem iniciadas,13,5.85923077,2026-09-23,2026-09-23,
[SET]_[SN]_Carrossel_Oferta - Estoque [TP],2026-09-22,active,campaign,AUTOPLUS [FORD] BLUMENAU,496393841435219,12.49,697,579,10,1.249,,,,2026-09-22,2026-09-22,
[SET]_[SN]_Carrossel_Oferta - Estoque,2026-09-22,active,campaign,AUTOPLUS [FORD] BLUMENAU,496393841435219,77.87,5030,3427,69,1.12855072,Conversas por mensagem iniciadas,7,11.12428571,2026-09-22,2026-09-22,
[SET]_[SN]_Card_Condição - Lote,2026-09-22,active,campaign,AUTOPLUS [FORD] BLUMENAU,496393841435219,26.67,773,619,13,2.05153846,Conversas por mensagem iniciadas,1,26.67,2026-09-22,2026-09-22,
[SET]_[N]_Card_Oferta - R/T/M,2026-09-22,active,campaign,AUTOPLUS [FORD] BLUMENAU,496393841435219,77.78,4983,3817,42,1.85190476,Conversas por mensagem iniciadas,3,25.92666667,2026-09-22,2026-09-22,
[SET]_[N]_Vt_Oferta - M/T/R,2026-09-22,active,campaign,AUTOPLUS [FORD] BLUMENAU,496393841435219,56.72,860,690,19,2.98526316,Conversas por mensagem iniciadas,2,28.36,2026-09-22,2026-09-22,
[SET]_[N]_Card_Oferta - Feirão,2026-09-22,active,campaign,AUTOPLUS [FORD] BLUMENAU,496393841435219,106.74,6659,4784,49,2.17836735,Conversas por mensagem iniciadas,5,21.348,2026-09-22,2026-09-22,
[SET]_[SN]_Vídeo_Oferta,2026-09-22,active,campaign,AUTOPLUS [FORD] BLUMENAU,496393841435219,45.68,1538,1145,25,1.8272,Conversas por mensagem iniciadas,9,5.07555556,2026-09-22,2026-09-22,
[SET]_[N]_Card_Oferta - Feirão,2026-09-21,active,campaign,AUTOPLUS [FORD] BLUMENAU,496393841435219,64.53,3513,2602,20,3.2265,Conversas por mensagem iniciadas,2,32.265,2026-09-21,2026-09-21,
[SET]_[N]_Vt_Oferta - M/T/R,2026-09-21,active,campaign,AUTOPLUS [FORD] BLUMENAU,496393841435219,86.8,1075,866,38,2.28421053,Conversas por mensagem iniciadas,4,21.7,2026-09-21,2026-09-21,
[SET]_[SN]_Carrossel_Oferta - Estoque [TP],2026-09-21,active,campaign,AUTOPLUS [FORD] BLUMENAU,496393841435219,14.41,534,450,13,1.10846154,Conversas por mensagem iniciadas,3,4.80333333,2026-09-21,2026-09-21,
[SET]_[SN]_Card_Condição - Lote,2026-09-21,active,campaign,AUTOPLUS [FORD] BLUMENAU,496393841435219,20.56,578,495,9,2.28444444,Conversas por mensagem iniciadas,3,6.85333333,2026-09-21,2026-09-21,
[SET]_[N]_Card_Oferta - R/T/M,2026-09-21,active,campaign,AUTOPLUS [FORD] BLUMENAU,496393841435219,94.17,5403,4160,53,1.77679245,Conversas por mensagem iniciadas,5,18.834,2026-09-21,2026-09-21,
[SET]_[SN]_Carrossel_Oferta - Estoque,2026-09-21,active,campaign,AUTOPLUS [FORD] BLUMENAU,496393841435219,49.96,2989,2253,61,0.81901639,Conversas por mensagem iniciadas,3,16.65333333,2026-09-21,2026-09-21,
[SET]_[SN]_Carrossel_Oferta - Estoque,2026-09-20,active,campaign,AUTOPLUS [FORD] BLUMENAU,496393841435219,23.77,1505,1124,28,0.84892857,Conversas por mensagem iniciadas,2,11.885,2026-09-20,2026-09-20,
[SET]_[N]_Card_Oferta - R/T/M,2026-09-20,active,campaign,AUTOPLUS [FORD] BLUMENAU,496393841435219,86.38,5583,4316,46,1.87782609,Conversas por mensagem iniciadas,3,28.79333333,2026-09-20,2026-09-20,
[SET]_[SN]_Card_Condição - Lote,2026-09-20,active,campaign,AUTOPLUS [FORD] BLUMENAU,496393841435219,25.33,956,772,8,3.16625,,,,2026-09-20,2026-09-20,
[SET]_[SN]_Carrossel_Oferta - Estoque [TP],2026-09-20,active,campaign,AUTOPLUS [FORD] BLUMENAU,496393841435219,13.66,553,481,13,1.05076923,Conversas por mensagem iniciadas,1,13.66,2026-09-20,2026-09-20,
[SET]_[N]_Vt_Oferta - M/T/R,2026-09-20,active,campaign,AUTOPLUS [FORD] BLUMENAU,496393841435219,90.83,1176,926,30,3.02766667,Conversas por mensagem iniciadas,4,22.7075,2026-09-20,2026-09-20,
[SET]_[N]_Card_Oferta - Feirão,2026-09-20,active,campaign,AUTOPLUS [FORD] BLUMENAU,496393841435219,46.13,2623,1870,20,2.3065,Conversas por mensagem iniciadas,5,9.226,2026-09-20,2026-09-20,
[SET]_[N]_Card_Oferta - Feirão,2026-09-19,active,campaign,AUTOPLUS [FORD] BLUMENAU,496393841435219,38.1,2148,1637,24,1.5875,Conversas por mensagem iniciadas,3,12.7,2026-09-19,2026-09-19,
[SET]_[N]_Vt_Oferta - M/T/R,2026-09-19,active,campaign,AUTOPLUS [FORD] BLUMENAU,496393841435219,75.41,1115,895,25,3.0164,Conversas por mensagem iniciadas,4,18.8525,2026-09-19,2026-09-19,
[SET]_[SN]_Carrossel_Oferta - Estoque [TP],2026-09-19,active,campaign,AUTOPLUS [FORD] BLUMENAU,496393841435219,3.44,271,235,6,0.57333333,Conversas por mensagem iniciadas,1,3.44,2026-09-19,2026-09-19,
[SET]_[SN]_Card_Condição - Lote,2026-09-19,active,campaign,AUTOPLUS [FORD] BLUMENAU,496393841435219,11.81,395,333,4,2.9525,,,,2026-09-19,2026-09-19,
[SET]_[N]_Card_Oferta - R/T/M,2026-09-19,active,campaign,AUTOPLUS [FORD] BLUMENAU,496393841435219,62.3,3425,2630,26,2.39615385,Conversas por mensagem iniciadas,3,20.76666667,2026-09-19,2026-09-19,
[SET]_[SN]_Carrossel_Oferta - Estoque,2026-09-19,active,campaign,AUTOPLUS [FORD] BLUMENAU,496393841435219,12.08,924,706,16,0.755,Conversas por mensagem iniciadas,5,2.416,2026-09-19,2026-09-19,
[SET]_[SN]_Card_Condição - Lote,2026-09-18,active,campaign,AUTOPLUS [FORD] BLUMENAU,496393841435219,13.33,411,356,6,2.22166667,,,,2026-09-18,2026-09-18,
[SET]_[N]_Card_Oferta - Feirão,2026-09-18,active,campaign,AUTOPLUS [FORD] BLUMENAU,496393841435219,38.2,1880,1442,20,1.91,Conversas por mensagem iniciadas,3,12.73333333,2026-09-18,2026-09-18,
[SET]_[N]_Vt_Oferta - M/T/R,2026-09-18,active,campaign,AUTOPLUS [FORD] BLUMENAU,496393841435219,71.6,777,668,22,3.25454545,Conversas por mensagem iniciadas,4,17.9,2026-09-18,2026-09-18,
[SET]_[SN]_Carrossel_Oferta - Estoque [TP],2026-09-18,active,campaign,AUTOPLUS [FORD] BLUMENAU,496393841435219,7.12,377,334,10,0.712,,,,2026-09-18,2026-09-18,
[SET]_[N]_Card_Oferta - R/T/M,2026-09-18,active,campaign,AUTOPLUS [FORD] BLUMENAU,496393841435219,61.15,3361,2492,33,1.8530303,Conversas por mensagem iniciadas,3,20.38333333,2026-09-18,2026-09-18,
[SET]_[SN]_Carrossel_Oferta - Estoque,2026-09-18,active,campaign,AUTOPLUS [FORD] BLUMENAU,496393841435219,15.94,1093,806,26,0.61307692,Conversas por mensagem iniciadas,5,3.188,2026-09-18,2026-09-18,
[SET]_[N]_Card_Oferta - Feirão,2026-09-17,active,campaign,AUTOPLUS [FORD] BLUMENAU,496393841435219,42.19,2419,1580,26,1.62269231,Conversas por mensagem iniciadas,1,42.19,2026-09-17,2026-09-17,
[SET]_[N]_Vt_Oferta - M/T/R,2026-09-17,active,campaign,AUTOPLUS [FORD] BLUMENAU,496393841435219,23.82,172,158,7,3.40285714,Conversas por mensagem iniciadas,5,4.764,2026-09-17,2026-09-17,
[SET]_[SN]_Carrossel_Oferta - Estoque [TP],2026-09-17,active,campaign,AUTOPLUS [FORD] BLUMENAU,496393841435219,9.06,362,299,10,0.906,Conversas por mensagem iniciadas,1,9.06,2026-09-17,2026-09-17,
[SET]_[SN]_Card_Condição - Lote,2026-09-17,active,campaign,AUTOPLUS [FORD] BLUMENAU,496393841435219,15.75,532,409,12,1.3125,Conversas por mensagem iniciadas,1,15.75,2026-09-17,2026-09-17,
[SET]_[N]_Card_Oferta - R/T/M,2026-09-17,active,campaign,AUTOPLUS [FORD] BLUMENAU,496393841435219,74.88,4413,3341,35,2.13942857,Conversas por mensagem iniciadas,3,24.96,2026-09-17,2026-09-17,
[SET]_[SN]_Carrossel_Oferta - Estoque,2026-09-17,active,campaign,AUTOPLUS [FORD] BLUMENAU,496393841435219,19.78,1183,886,25,0.7912,Conversas por mensagem iniciadas,2,9.89,2026-09-17,2026-09-17,
[SET]_[SN]_Card_Condição - Lote,2026-09-16,active,campaign,AUTOPLUS [FORD] BLUMENAU,496393841435219,22.76,796,608,14,1.62571429,Conversas por mensagem iniciadas,1,22.76,2026-09-16,2026-09-16,
[SET]_[SN]_Carrossel_Oferta - Estoque,2026-09-16,active,campaign,AUTOPLUS [FORD] BLUMENAU,496393841435219,20.48,1433,1105,25,0.8192,Conversas por mensagem iniciadas,3,6.82666667,2026-09-16,2026-09-16,
[SET]_[N]_Card_Oferta - R/T/M,2026-09-16,active,campaign,AUTOPLUS [FORD] BLUMENAU,496393841435219,82.21,5586,4148,37,2.22189189,Conversas por mensagem iniciadas,1,82.21,2026-09-16,2026-09-16,
[SET]_[SN]_Carrossel_Oferta - Estoque [TP],2026-09-16,active,campaign,AUTOPLUS [FORD] BLUMENAU,496393841435219,10.87,598,497,6,1.81166667,,,,2026-09-16,2026-09-16,
[SET]_[N]_Vt_Oferta - M/T/R,2026-09-16,active,campaign,AUTOPLUS [FORD] BLUMENAU,496393841435219,95.16,1377,966,28,3.39857143,Conversas por mensagem iniciadas,9,10.57333333,2026-09-16,2026-09-16,
[SET]_[N]_Card_Oferta - Feirão,2026-09-16,active,campaign,AUTOPLUS [FORD] BLUMENAU,496393841435219,15.84,952,733,10,1.584,,,,2026-09-16,2026-09-16,
[SET]_[N]_Vt_Oferta - M/T/R,2026-09-15,active,campaign,AUTOPLUS [FORD] BLUMENAU,496393841435219,97.8,1927,1526,36,2.71666667,Conversas por mensagem iniciadas,4,24.45,2026-09-15,2026-09-15,
[SET]_[SN]_Carrossel_Oferta - Estoque [TP],2026-09-15,active,campaign,AUTOPLUS [FORD] BLUMENAU,496393841435219,12.82,539,448,16,0.80125,Conversas por mensagem iniciadas,3,4.27333333,2026-09-15,2026-09-15,
[SET]_[SN]_Card_Condição - Lote,2026-09-15,active,campaign,AUTOPLUS [FORD] BLUMENAU,496393841435219,26.9,721,551,13,2.06923077,Conversas por mensagem iniciadas,2,13.45,2026-09-15,2026-09-15,
[SET]_[N]_Card_Oferta - R/T/M,2026-09-15,active,campaign,AUTOPLUS [FORD] BLUMENAU,496393841435219,85.29,5442,4238,45,1.89533333,Conversas por mensagem iniciadas,4,21.3225,2026-09-15,2026-09-15,
[SET]_[SN]_Carrossel_Oferta - Estoque,2026-09-15,active,campaign,AUTOPLUS [FORD] BLUMENAU,496393841435219,25.05,1181,907,37,0.67702703,Conversas por mensagem iniciadas,9,2.78333333,2026-09-15,2026-09-15,
[SET]_[N]_Card_Oferta - R/T/M,2026-09-14,active,campaign,AUTOPLUS [FORD] BLUMENAU,496393841435219,97.49,5363,4131,43,2.2672093,Conversas por mensagem iniciadas,4,24.3725,2026-09-14,2026-09-14,
[SET]_[SN]_Carrossel_Oferta - Estoque,2026-09-14,active,campaign,AUTOPLUS [FORD] BLUMENAU,496393841435219,24.18,978,769,18,1.34333333,Conversas por mensagem iniciadas,4,6.045,2026-09-14,2026-09-14,
[SET]_[SN]_Carrossel_Oferta - Estoque [TP],2026-09-14,active,campaign,AUTOPLUS [FORD] BLUMENAU,496393841435219,12.74,366,323,5,2.548,,,,2026-09-14,2026-09-14,
[SET]_[N]_Vt_Oferta - M/T/R,2026-09-14,active,campaign,AUTOPLUS [FORD] BLUMENAU,496393841435219,103.05,1794,1432,48,2.146875,Conversas por mensagem iniciadas,6,17.175,2026-09-14,2026-09-14,
[SET]_[SN]_Card_Condição - Lote,2026-09-14,active,campaign,AUTOPLUS [FORD] BLUMENAU,496393841435219,27.97,780,636,12,2.33083333,Conversas por mensagem iniciadas,1,27.97,2026-09-14,2026-09-14,
[SET]_[N]_Vt_Oferta - M/T/R,2026-09-13,active,campaign,AUTOPLUS [FORD] BLUMENAU,496393841435219,59.15,1501,1202,13,4.55,,,,2026-09-13,2026-09-13,
[SET]_[SN]_Carrossel_Oferta - Estoque [TP],2026-09-13,active,campaign,AUTOPLUS [FORD] BLUMENAU,496393841435219,13.8,460,393,5,2.76,,,,2026-09-13,2026-09-13,
[SET]_[SN]_Card_Condição - Lote,2026-09-13,active,campaign,AUTOPLUS [FORD] BLUMENAU,496393841435219,21.39,695,588,27,0.79222222,Conversas por mensagem iniciadas,1,21.39,2026-09-13,2026-09-13,
[SET]_[N]_Card_Oferta - R/T/M,2026-09-13,active,campaign,AUTOPLUS [FORD] BLUMENAU,496393841435219,55.16,3489,2694,30,1.83866667,Conversas por mensagem iniciadas,1,55.16,2026-09-13,2026-09-13,
[SET]_[SN]_Carrossel_Oferta - Estoque,2026-09-13,active,campaign,AUTOPLUS [FORD] BLUMENAU,496393841435219,22.39,978,747,15,1.49266667,Conversas por mensagem iniciadas,3,7.46333333,2026-09-13,2026-09-13,
[SET]_[N]_Vt_Oferta - M/T/R,2026-09-12,active,campaign,AUTOPLUS [FORD] BLUMENAU,496393841435219,22.15,674,576,7,3.16428571,Conversas por mensagem iniciadas,2,11.075,2026-09-12,2026-09-12,
[SET]_[SN]_Carrossel_Oferta - Estoque [TP],2026-09-12,active,campaign,AUTOPLUS [FORD] BLUMENAU,496393841435219,3.19,236,204,3,1.06333333,Conversas por mensagem iniciadas,1,3.19,2026-09-12,2026-09-12,
[SET]_[SN]_Card_Condição - Lote,2026-09-12,active,campaign,AUTOPLUS [FORD] BLUMENAU,496393841435219,4.38,197,168,,,,,,2026-09-12,2026-09-12,
[SET]_[N]_Card_Oferta - R/T/M,2026-09-12,active,campaign,AUTOPLUS [FORD] BLUMENAU,496393841435219,31.55,2889,2325,31,1.01774194,Conversas por mensagem iniciadas,2,15.775,2026-09-12,2026-09-12,
[SET]_[SN]_Carrossel_Oferta - Estoque,2026-09-12,active,campaign,AUTOPLUS [FORD] BLUMENAU,496393841435219,5.37,373,288,8,0.67125,Conversas por mensagem iniciadas,1,5.37,2026-09-12,2026-09-12,
[SET]_[SN]_Carrossel_Oferta - Estoque,2026-09-11,active,campaign,AUTOPLUS [FORD] BLUMENAU,496393841435219,11.82,796,592,19,0.62210526,Conversas por mensagem iniciadas,1,11.82,2026-09-11,2026-09-11,
[SET]_[N]_Vt_Oferta - M/T/R,2026-09-11,active,campaign,AUTOPLUS [FORD] BLUMENAU,496393841435219,51.01,838,668,16,3.188125,Conversas por mensagem iniciadas,4,12.7525,2026-09-11,2026-09-11,
[SET]_[SN]_Carrossel_Oferta - Estoque [TP],2026-09-11,active,campaign,AUTOPLUS [FORD] BLUMENAU,496393841435219,7.09,361,309,12,0.59083333,Conversas por mensagem iniciadas,1,7.09,2026-09-11,2026-09-11,
[SET]_[SN]_Card_Condição - Lote,2026-09-11,active,campaign,AUTOPLUS [FORD] BLUMENAU,496393841435219,19.06,759,646,9,2.11777778,,,,2026-09-11,2026-09-11,
[SET]_[N]_Card_Oferta - R/T/M,2026-09-11,active,campaign,AUTOPLUS [FORD] BLUMENAU,496393841435219,55.04,4533,3378,35,1.57257143,Conversas por mensagem iniciadas,8,6.88,2026-09-11,2026-09-11,
[SET]_[N]_Card_Oferta - R/T/M,2026-09-10,active,campaign,AUTOPLUS [FORD] BLUMENAU,496393841435219,74.55,5355,3848,48,1.553125,Conversas por mensagem iniciadas,9,8.28333333,2026-09-10,2026-09-10,
[SET]_[SN]_Carrossel_Oferta - Estoque,2026-09-10,active,campaign,AUTOPLUS [FORD] BLUMENAU,496393841435219,19.72,1232,947,27,0.73037037,Conversas por mensagem iniciadas,6,3.28666667,2026-09-10,2026-09-10,
[SET]_[SN]_Card_Condição - Lote,2026-09-10,active,campaign,AUTOPLUS [FORD] BLUMENAU,496393841435219,22.96,948,773,6,3.82666667,Conversas por mensagem iniciadas,2,11.48,2026-09-10,2026-09-10,
[SET]_[SN]_Carrossel_Oferta - Estoque [TP],2026-09-10,active,campaign,AUTOPLUS [FORD] BLUMENAU,496393841435219,11.22,529,443,15,0.748,,,,2026-09-10,2026-09-10,
[SET]_[N]_Vt_Oferta - M/T/R,2026-09-10,active,campaign,AUTOPLUS [FORD] BLUMENAU,496393841435219,75.11,1079,846,31,2.42290323,Conversas por mensagem iniciadas,8,9.38875,2026-09-10,2026-09-10,
[SET]_[N]_Vt_Oferta - M/T/R,2026-09-09,active,campaign,AUTOPLUS [FORD] BLUMENAU,496393841435219,78.54,1566,1229,33,2.38,Conversas por mensagem iniciadas,6,13.09,2026-09-09,2026-09-09,
[SET]_[SN]_Carrossel_Oferta - Estoque [TP],2026-09-09,active,campaign,AUTOPLUS [FORD] BLUMENAU,496393841435219,13.08,679,580,14,0.93428571,Conversas por mensagem iniciadas,1,13.08,2026-09-09,2026-09-09,
[SET]_[SN]_Card_Condição - Lote,2026-09-09,active,campaign,AUTOPLUS [FORD] BLUMENAU,496393841435219,29.98,1422,1198,20,1.499,Conversas por mensagem iniciadas,5,5.996,2026-09-09,2026-09-09,
[SET]_[N]_Card_Oferta - R/T/M,2026-09-09,active,campaign,AUTOPLUS [FORD] BLUMENAU,496393841435219,86.72,5017,3689,38,2.28210526,Conversas por mensagem iniciadas,7,12.38857143,2026-09-09,2026-09-09,
[SET]_[SN]_Carrossel_Oferta - Estoque,2026-09-09,active,campaign,AUTOPLUS [FORD] BLUMENAU,496393841435219,27.59,1430,1019,41,0.67292683,Conversas por mensagem iniciadas,8,3.44875,2026-09-09,2026-09-09,
[SET]_[SN]_Card_Condição - Lote,2026-09-08,active,campaign,AUTOPLUS [FORD] BLUMENAU,496393841435219,24.76,1176,996,13,1.90461538,Conversas por mensagem iniciadas,1,24.76,2026-09-08,2026-09-08,
[SET]_[SN]_Carrossel_Oferta - Estoque,2026-09-08,active,campaign,AUTOPLUS [FORD] BLUMENAU,496393841435219,28.88,1214,923,32,0.9025,Conversas por mensagem iniciadas,5,5.776,2026-09-08,2026-09-08,
[SET]_[N]_Card_Oferta - R/T/M,2026-09-08,active,campaign,AUTOPLUS [FORD] BLUMENAU,496393841435219,37.22,2337,1867,17,2.18941176,Conversas por mensagem iniciadas,3,12.40666667,2026-09-08,2026-09-08,
[SET]_[N]_Vt_Oferta - M/T/R,2026-09-08,active,campaign,AUTOPLUS [FORD] BLUMENAU,496393841435219,68.31,3666,3112,257,0.26579767,Conversas por mensagem iniciadas,6,11.385,2026-09-08,2026-09-08,
[SET]_[SN]_Carrossel_Oferta - Estoque [TP],2026-09-08,active,campaign,AUTOPLUS [FORD] BLUMENAU,496393841435219,9.25,464,380,5,1.85,Conversas por mensagem iniciadas,3,3.08333333,2026-09-08,2026-09-08,
[SET]_[SN]_Carrossel_Oferta - Estoque,2026-09-07,active,campaign,AUTOPLUS [FORD] BLUMENAU,496393841435219,21.71,1452,1112,29,0.74862069,,,,2026-09-07,2026-09-07,
[SET]_[N]_Vt_Oferta - M/T/R,2026-09-07,active,campaign,AUTOPLUS [FORD] BLUMENAU,496393841435219,52.99,2467,2062,203,0.26103448,Conversas por mensagem iniciadas,2,26.495,2026-09-07,2026-09-07,
[SET]_[SN]_Carrossel_Oferta - Estoque [TP],2026-09-07,active,campaign,AUTOPLUS [FORD] BLUMENAU,496393841435219,11.44,750,621,11,1.04,Conversas por mensagem iniciadas,1,11.44,2026-09-07,2026-09-07,
[SET]_[SN]_Card_Condição - Lote,2026-09-07,active,campaign,AUTOPLUS [FORD] BLUMENAU,496393841435219,18.59,790,689,4,4.6475,Conversas por mensagem iniciadas,1,18.59,2026-09-07,2026-09-07,
[SET]_[N]_Card_Oferta - R/T/M,2026-09-07,active,campaign,AUTOPLUS [FORD] BLUMENAU,496393841435219,63.89,4326,3320,39,1.63820513,Conversas por mensagem iniciadas,2,31.945,2026-09-07,2026-09-07,
[SET]_[SN]_Card_Condição - Lote,2026-09-06,active,campaign,AUTOPLUS [FORD] BLUMENAU,496393841435219,20.08,806,640,4,5.02,,,,2026-09-06,2026-09-06,
[SET]_[SN]_Carrossel_Oferta - Estoque,2026-09-06,active,campaign,AUTOPLUS [FORD] BLUMENAU,496393841435219,24.74,1819,1376,34,0.72764706,Conversas por mensagem iniciadas,3,8.24666667,2026-09-06,2026-09-06,
[SET]_[N]_Card_Oferta - R/T/M,2026-09-06,active,campaign,AUTOPLUS [FORD] BLUMENAU,496393841435219,70.81,4401,3175,47,1.50659574,Conversas por mensagem iniciadas,4,17.7025,2026-09-06,2026-09-06,
[SET]_[N]_Vt_Oferta - M/T/R,2026-09-06,active,campaign,AUTOPLUS [FORD] BLUMENAU,496393841435219,71.33,2048,1670,167,0.42712575,Conversas por mensagem iniciadas,7,10.19,2026-09-06,2026-09-06,
[SET]_[SN]_Carrossel_Oferta - Estoque [TP],2026-09-06,active,campaign,AUTOPLUS [FORD] BLUMENAU,496393841435219,14.63,816,660,16,0.914375,,,,2026-09-06,2026-09-06,
[SET]_[N]_Vt_Oferta - M/T/R,2026-09-05,active,campaign,AUTOPLUS [FORD] BLUMENAU,496393841435219,52.13,894,686,37,1.40891892,Conversas por mensagem iniciadas,3,17.37666667,2026-09-05,2026-09-05,
[SET]_[SN]_Carrossel_Oferta - Estoque [TP],2026-09-05,active,campaign,AUTOPLUS [FORD] BLUMENAU,496393841435219,3.03,245,219,1,3.03,Conversas por mensagem iniciadas,1,3.03,2026-09-05,2026-09-05,
[SET]_[SN]_Card_Condição - Lote,2026-09-05,active,campaign,AUTOPLUS [FORD] BLUMENAU,496393841435219,11.3,489,414,5,2.26,,,,2026-09-05,2026-09-05,
[SET]_[N]_Card_Oferta - R/T/M,2026-09-05,active,campaign,AUTOPLUS [FORD] BLUMENAU,496393841435219,35.57,2128,1578,23,1.54652174,Conversas por mensagem iniciadas,2,17.785,2026-09-05,2026-09-05,
[SET]_[SN]_Carrossel_Oferta - Estoque,2026-09-05,active,campaign,AUTOPLUS [FORD] BLUMENAU,496393841435219,9.61,771,621,24,0.40041667,Conversas por mensagem iniciadas,4,2.4025,2026-09-05,2026-09-05,
[SET]_[N]_Vt_Oferta - M/T/R,2026-09-04,active,campaign,AUTOPLUS [FORD] BLUMENAU,496393841435219,37.58,741,600,17,2.21058824,Conversas por mensagem iniciadas,5,7.516,2026-09-04,2026-09-04,
[SET]_[SN]_Carrossel_Oferta - Estoque [TP],2026-09-04,active,campaign,AUTOPLUS [FORD] BLUMENAU,496393841435219,5.56,384,326,7,0.79428571,Conversas por mensagem iniciadas,1,5.56,2026-09-04,2026-09-04,
[SET]_[SN]_Card_Condição - Lote,2026-09-04,active,campaign,AUTOPLUS [FORD] BLUMENAU,496393841435219,17.62,766,645,8,2.2025,,,,2026-09-04,2026-09-04,
[SET]_[N]_Card_Oferta - R/T/M,2026-09-04,active,campaign,AUTOPLUS [FORD] BLUMENAU,496393841435219,51.79,2940,2078,29,1.78586207,Conversas por mensagem iniciadas,2,25.895,2026-09-04,2026-09-04,
[SET]_[SN]_Carrossel_Oferta - Estoque,2026-09-04,active,campaign,AUTOPLUS [FORD] BLUMENAU,496393841435219,16.82,908,682,23,0.73130435,Conversas por mensagem iniciadas,1,16.82,2026-09-04,2026-09-04,
[SET]_[SN]_Carrossel_Oferta - Estoque [TP],2026-09-03,active,campaign,AUTOPLUS [FORD] BLUMENAU,496393841435219,9.03,509,426,6,1.505,Conversas por mensagem iniciadas,1,9.03,2026-09-03,2026-09-03,
[SET]_[SN]_Card_Condição - Lote,2026-09-03,active,campaign,AUTOPLUS [FORD] BLUMENAU,496393841435219,19.99,1027,873,9,2.22111111,,,,2026-09-03,2026-09-03,
[SET]_[N]_Card_Oferta - R/T/M,2026-09-03,active,campaign,AUTOPLUS [FORD] BLUMENAU,496393841435219,63.78,3996,2908,38,1.67842105,Conversas por mensagem iniciadas,3,21.26,2026-09-03,2026-09-03,
[SET]_[SN]_Carrossel_Oferta - Estoque,2026-09-03,active,campaign,AUTOPLUS [FORD] BLUMENAU,496393841435219,19.56,1161,881,22,0.88909091,,,,2026-09-03,2026-09-03,
[SET]_[N]_Card_Oferta - R/T/M,2026-09-02,active,campaign,AUTOPLUS [FORD] BLUMENAU,496393841435219,65.45,5036,3745,56,1.16875,Conversas por mensagem iniciadas,9,7.27222222,2026-09-02,2026-09-02,
[SET]_[SN]_Carrossel_Oferta - Estoque,2026-09-02,active,campaign,AUTOPLUS [FORD] BLUMENAU,496393841435219,21.46,1448,1069,31,0.69225806,Conversas por mensagem iniciadas,5,4.292,2026-09-02,2026-09-02,
[SET]_[SN]_Card_Condição - Lote,2026-09-02,active,campaign,AUTOPLUS [FORD] BLUMENAU,496393841435219,20.1,1125,958,7,2.87142857,,,,2026-09-02,2026-09-02,
[SET]_[SN]_Carrossel_Oferta - Estoque [TP],2026-09-02,active,campaign,AUTOPLUS [FORD] BLUMENAU,496393841435219,11.18,832,697,11,1.01636364,Conversas por mensagem iniciadas,3,3.72666667,2026-09-02,2026-09-02,
[SET]_[SN]_Card_Condição - Lote,2026-09-01,active,campaign,AUTOPLUS [FORD] BLUMENAU,496393841435219,23.49,1188,1028,8,2.93625,Conversas por mensagem iniciadas,3,7.83,2026-09-01,2026-09-01,
[SET]_[N]_Card_Oferta - R/T/M,2026-09-01,active,campaign,AUTOPLUS [FORD] BLUMENAU,496393841435219,70.6,4539,3538,61,1.15737705,Conversas por mensagem iniciadas,4,17.65,2026-09-01,2026-09-01,
[SET]_[SN]_Carrossel_Oferta - Estoque [TP],2026-09-01,active,campaign,AUTOPLUS [FORD] BLUMENAU,496393841435219,13.59,901,747,19,0.71526316,Conversas por mensagem iniciadas,3,4.53,2026-09-01,2026-09-01,
[SET]_[SN]_Carrossel_Oferta - Estoque,2026-09-01,active,campaign,AUTOPLUS [FORD] BLUMENAU,496393841435219,25.01,1278,987,31,0.80677419,Conversas por mensagem iniciadas,3,8.33666667,2026-09-01,2026-09-01,
[SET]_[N]_Card_Oferta - Feirão,2026-09-30,active,campaign,AUTOPLUS [FORD] MAFRA,3401392603350599,15.2,660,463,3,5.06666667,Conversas por mensagem iniciadas,1,15.2,2026-09-30,2026-09-30,
[SET]_[N]_Vt_Oferta - M/T/R,2026-09-30,active,campaign,AUTOPLUS [FORD] MAFRA,3401392603350599,2.79,72,65,,,,,,2026-09-30,2026-09-30,
[SET]_[SN]_Carrossel_Oferta - Estoque [TP],2026-09-30,active,campaign,AUTOPLUS [FORD] MAFRA,3401392603350599,3.34,174,155,4,0.835,,,,2026-09-30,2026-09-30,
[SET][SN]_Carrossel_Ofertas - Estoque,2026-09-30,active,campaign,AUTOPLUS [FORD] MAFRA,3401392603350599,14.15,647,474,11,1.28636364,Conversas por mensagem iniciadas,3,4.71666667,2026-09-30,2026-09-30,
[SET]_[N]_Card_Oferta - Feirão,2026-09-29,active,campaign,AUTOPLUS [FORD] MAFRA,3401392603350599,91.9,3952,2352,26,3.53461538,Conversas por mensagem iniciadas,3,30.63333333,2026-09-29,2026-09-29,
[SET]_[N]_Vt_Oferta - M/T/R,2026-09-29,active,campaign,AUTOPLUS [FORD] MAFRA,3401392603350599,11.26,327,269,1,11.26,,,,2026-09-29,2026-09-29,
[SET]_[SN]_Carrossel_Oferta - Estoque [TP],2026-09-29,active,campaign,AUTOPLUS [FORD] MAFRA,3401392603350599,15.99,597,483,14,1.14214286,Conversas por mensagem iniciadas,1,15.99,2026-09-29,2026-09-29,
[SET][SN]_Carrossel_Ofertas - Estoque,2026-09-29,active,campaign,AUTOPLUS [FORD] MAFRA,3401392603350599,62.88,3063,1877,47,1.33787234,Conversas por mensagem iniciadas,2,31.44,2026-09-29,2026-09-29,
[SET]_[N]_Card_Oferta - Feirão,2026-09-28,active,campaign,AUTOPLUS [FORD] MAFRA,3401392603350599,64.3,3095,1977,20,3.215,Conversas por mensagem iniciadas,2,32.15,2026-09-28,2026-09-28,
[SET]_[N]_Vt_Oferta - M/T/R,2026-09-28,active,campaign,AUTOPLUS [FORD] MAFRA,3401392603350599,11.7,548,478,1,11.7,,,,2026-09-28,2026-09-28,
[SET]_[SN]_Carrossel_Oferta - Estoque [TP],2026-09-28,active,campaign,AUTOPLUS [FORD] MAFRA,3401392603350599,13.31,557,459,7,1.90142857,Conversas por mensagem iniciadas,1,13.31,2026-09-28,2026-09-28,
[SET]_[SN]_Card_Condição - Lote,2026-09-28,inactive,campaign,AUTOPLUS [FORD] MAFRA,3401392603350599,1.77,149,124,2,0.885,,,,2026-09-28,2026-09-28,
[SET]_[N]_Card_Oferta- R/T/M,2026-09-28,inactive,campaign,AUTOPLUS [FORD] MAFRA,3401392603350599,12.34,734,569,6,2.05666667,Conversas por mensagem iniciadas,1,12.34,2026-09-28,2026-09-28,
[SET][SN]_Carrossel_Ofertas - Estoque,2026-09-28,active,campaign,AUTOPLUS [FORD] MAFRA,3401392603350599,53.49,2540,1668,44,1.21568182,Conversas por mensagem iniciadas,7,7.64142857,2026-09-28,2026-09-28,
[SET]_[SN]_Card_Condição - Lote,2026-09-27,inactive,campaign,AUTOPLUS [FORD] MAFRA,3401392603350599,9.62,641,553,4,2.405,,,,2026-09-27,2026-09-27,
[SET]_[N]_Card_Oferta- R/T/M,2026-09-27,inactive,campaign,AUTOPLUS [FORD] MAFRA,3401392603350599,78.77,4522,2854,31,2.54096774,Conversas por mensagem iniciadas,3,26.25666667,2026-09-27,2026-09-27,
[SET][SN]_Carrossel_Ofertas - Estoque,2026-09-27,active,campaign,AUTOPLUS [FORD] MAFRA,3401392603350599,28.5,2118,1426,49,0.58163265,Conversas por mensagem iniciadas,4,7.125,2026-09-27,2026-09-27,
[SET]_[SN]_Carrossel_Oferta - Estoque [TP],2026-09-27,active,campaign,AUTOPLUS [FORD] MAFRA,3401392603350599,9.03,381,341,5,1.806,,,,2026-09-27,2026-09-27,
[SET]_[N]_Vt_Oferta - M/T/R,2026-09-27,active,campaign,AUTOPLUS [FORD] MAFRA,3401392603350599,11.33,361,326,5,2.266,,,,2026-09-27,2026-09-27,
[SET]_[N]_Card_Oferta - Feirão,2026-09-27,active,campaign,AUTOPLUS [FORD] MAFRA,3401392603350599,23.18,1142,776,6,3.86333333,Conversas por mensagem iniciadas,2,11.59,2026-09-27,2026-09-27,
[SET]_[N]_Card_Oferta - Feirão,2026-09-26,active,campaign,AUTOPLUS [FORD] MAFRA,3401392603350599,8.3,441,271,5,1.66,,,,2026-09-26,2026-09-26,
[SET]_[N]_Vt_Oferta - M/T/R,2026-09-26,active,campaign,AUTOPLUS [FORD] MAFRA,3401392603350599,8.71,304,255,5,1.742,Conversas por mensagem iniciadas,1,8.71,2026-09-26,2026-09-26,
[SET]_[SN]_Carrossel_Oferta - Estoque [TP],2026-09-26,active,campaign,AUTOPLUS [FORD] MAFRA,3401392603350599,2.51,201,186,8,0.31375,Conversas por mensagem iniciadas,1,2.51,2026-09-26,2026-09-26,
[SET]_[SN]_Card_Condição - Lote,2026-09-26,inactive,campaign,AUTOPLUS [FORD] MAFRA,3401392603350599,3.76,252,226,4,0.94,,,,2026-09-26,2026-09-26,
[SET]_[N]_Card_Oferta- R/T/M,2026-09-26,inactive,campaign,AUTOPLUS [FORD] MAFRA,3401392603350599,48.89,2835,1983,19,2.57315789,Conversas por mensagem iniciadas,1,48.89,2026-09-26,2026-09-26,
[SET][SN]_Carrossel_Ofertas - Estoque,2026-09-26,active,campaign,AUTOPLUS [FORD] MAFRA,3401392603350599,22.09,1358,985,24,0.92041667,Conversas por mensagem iniciadas,1,22.09,2026-09-26,2026-09-26,
[SET][SN]_Carrossel_Ofertas - Estoque,2026-09-25,active,campaign,AUTOPLUS [FORD] MAFRA,3401392603350599,38.25,2113,1416,34,1.125,Conversas por mensagem iniciadas,6,6.375,2026-09-25,2026-09-25,
[SET]_[N]_Card_Oferta- R/T/M,2026-09-25,inactive,campaign,AUTOPLUS [FORD] MAFRA,3401392603350599,65.91,3832,2470,18,3.66166667,Conversas por mensagem iniciadas,3,21.97,2026-09-25,2026-09-25,
[SET]_[SN]_Card_Condição - Lote,2026-09-25,inactive,campaign,AUTOPLUS [FORD] MAFRA,3401392603350599,7.76,354,299,3,2.58666667,,,,2026-09-25,2026-09-25,
[SET]_[SN]_Carrossel_Oferta - Estoque [TP],2026-09-25,active,campaign,AUTOPLUS [FORD] MAFRA,3401392603350599,7.69,278,235,7,1.09857143,Conversas por mensagem iniciadas,1,7.69,2026-09-25,2026-09-25,
[SET]_[N]_Vt_Oferta - M/T/R,2026-09-25,active,campaign,AUTOPLUS [FORD] MAFRA,3401392603350599,10.68,378,288,1,10.68,Conversas por mensagem iniciadas,1,10.68,2026-09-25,2026-09-25,
[SET]_[N]_Card_Oferta - Feirão,2026-09-25,active,campaign,AUTOPLUS [FORD] MAFRA,3401392603350599,17.11,759,440,6,2.85166667,,,,2026-09-25,2026-09-25,
[SET]_[N]_Card_Oferta - Feirão,2026-09-24,active,campaign,AUTOPLUS [FORD] MAFRA,3401392603350599,22.76,1036,642,11,2.06909091,Conversas por mensagem iniciadas,4,5.69,2026-09-24,2026-09-24,
[SET]_[N]_Vt_Oferta - M/T/R,2026-09-24,active,campaign,AUTOPLUS [FORD] MAFRA,3401392603350599,11.43,386,324,2,5.715,,,,2026-09-24,2026-09-24,
[SET]_[SN]_Carrossel_Oferta - Estoque [TP],2026-09-24,active,campaign,AUTOPLUS [FORD] MAFRA,3401392603350599,9.8,506,417,16,0.6125,,,,2026-09-24,2026-09-24,
[SET]_[SN]_Card_Condição - Lote,2026-09-24,inactive,campaign,AUTOPLUS [FORD] MAFRA,3401392603350599,9.12,630,542,4,2.28,,,,2026-09-24,2026-09-24,
[SET]_[N]_Card_Oferta- R/T/M,2026-09-24,inactive,campaign,AUTOPLUS [FORD] MAFRA,3401392603350599,79.97,4689,3167,35,2.28485714,Conversas por mensagem iniciadas,4,19.9925,2026-09-24,2026-09-24,
[SET][SN]_Carrossel_Ofertas - Estoque,2026-09-24,active,campaign,AUTOPLUS [FORD] MAFRA,3401392603350599,42.34,2060,1476,25,1.6936,,,,2026-09-24,2026-09-24,
[SET]_[SN]_Card_Condição - Lote,2026-09-23,inactive,campaign,AUTOPLUS [FORD] MAFRA,3401392603350599,10.58,790,685,8,1.3225,Conversas por mensagem iniciadas,1,10.58,2026-09-23,2026-09-23,
[SET][SN]_Carrossel_Ofertas - Estoque,2026-09-23,active,campaign,AUTOPLUS [FORD] MAFRA,3401392603350599,45.8,2605,1803,20,2.29,Conversas por mensagem iniciadas,2,22.9,2026-09-23,2026-09-23,
[SET]_[N]_Card_Oferta- R/T/M,2026-09-23,inactive,campaign,AUTOPLUS [FORD] MAFRA,3401392603350599,78.29,6223,4081,27,2.89962963,Conversas por mensagem iniciadas,1,78.29,2026-09-23,2026-09-23,
[SET]_[N]_Card_Oferta - Feirão,2026-09-23,active,campaign,AUTOPLUS [FORD] MAFRA,3401392603350599,25.76,1615,1041,10,2.576,,,,2026-09-23,2026-09-23,
[SET]_[SN]_Carrossel_Oferta - Estoque [TP],2026-09-23,active,campaign,AUTOPLUS [FORD] MAFRA,3401392603350599,10.44,555,456,7,1.49142857,Conversas por mensagem iniciadas,2,5.22,2026-09-23,2026-09-23,
[SET]_[N]_Vt_Oferta - M/T/R,2026-09-23,active,campaign,AUTOPLUS [FORD] MAFRA,3401392603350599,11.06,336,299,4,2.765,,,,2026-09-23,2026-09-23,
[SET]_[N]_Card_Oferta - Feirão,2026-09-22,active,campaign,AUTOPLUS [FORD] MAFRA,3401392603350599,39.08,2327,1503,14,2.79142857,Conversas por mensagem iniciadas,2,19.54,2026-09-22,2026-09-22,
[SET]_[N]_Vt_Oferta - M/T/R,2026-09-22,active,campaign,AUTOPLUS [FORD] MAFRA,3401392603350599,11.48,399,353,2,5.74,Conversas por mensagem iniciadas,1,11.48,2026-09-22,2026-09-22,
[SET]_[SN]_Carrossel_Oferta - Estoque [TP],2026-09-22,active,campaign,AUTOPLUS [FORD] MAFRA,3401392603350599,15.14,821,675,12,1.26166667,Conversas por mensagem iniciadas,1,15.14,2026-09-22,2026-09-22,
[SET]_[SN]_Card_Condição - Lote,2026-09-22,inactive,campaign,AUTOPLUS [FORD] MAFRA,3401392603350599,16.47,1056,892,5,3.294,,,,2026-09-22,2026-09-22,
[SET]_[N]_Card_Oferta- R/T/M,2026-09-22,inactive,campaign,AUTOPLUS [FORD] MAFRA,3401392603350599,126.77,7961,5503,39,3.25051282,Conversas por mensagem iniciadas,3,42.25666667,2026-09-22,2026-09-22,
[SET][SN]_Carrossel_Ofertas - Estoque,2026-09-22,active,campaign,AUTOPLUS [FORD] MAFRA,3401392603350599,46.2,2471,1702,20,2.31,Conversas por mensagem iniciadas,3,15.4,2026-09-22,2026-09-22,
[SET]_[N]_Card_Oferta - Feirão,2026-09-21,active,campaign,AUTOPLUS [FORD] MAFRA,3401392603350599,38.23,2728,1730,10,3.823,,,,2026-09-21,2026-09-21,
[SET]_[N]_Vt_Oferta - M/T/R,2026-09-21,active,campaign,AUTOPLUS [FORD] MAFRA,3401392603350599,14,738,543,3,4.66666667,,,,2026-09-21,2026-09-21,
[SET]_[SN]_Carrossel_Oferta - Estoque [TP],2026-09-21,active,campaign,AUTOPLUS [FORD] MAFRA,3401392603350599,15.04,781,568,5,3.008,,,,2026-09-21,2026-09-21,
[SET]_[SN]_Card_Condição - Lote,2026-09-21,inactive,campaign,AUTOPLUS [FORD] MAFRA,3401392603350599,14.38,1191,985,4,3.595,,,,2026-09-21,2026-09-21,
[SET]_[N]_Card_Oferta- R/T/M,2026-09-21,inactive,campaign,AUTOPLUS [FORD] MAFRA,3401392603350599,111.7,7531,4593,34,3.28529412,Conversas por mensagem iniciadas,1,111.7,2026-09-21,2026-09-21,
[SET][SN]_Carrossel_Ofertas - Estoque,2026-09-21,active,campaign,AUTOPLUS [FORD] MAFRA,3401392603350599,38.87,1576,918,9,4.31888889,,,,2026-09-21,2026-09-21,
[SET][SN]_Carrossel_Ofertas - Estoque,2026-09-20,active,campaign,AUTOPLUS [FORD] MAFRA,3401392603350599,46.22,2130,1309,30,1.54066667,,,,2026-09-20,2026-09-20,
[SET]_[N]_Card_Oferta- R/T/M,2026-09-20,inactive,campaign,AUTOPLUS [FORD] MAFRA,3401392603350599,48.45,5872,4109,26,1.86346154,,,,2026-09-20,2026-09-20,
[SET]_[SN]_Card_Condição - Lote,2026-09-20,inactive,campaign,AUTOPLUS [FORD] MAFRA,3401392603350599,7.9,824,682,5,1.58,,,,2026-09-20,2026-09-20,
[SET]_[SN]_Carrossel_Oferta - Estoque [TP],2026-09-20,active,campaign,AUTOPLUS [FORD] MAFRA,3401392603350599,9.31,668,503,7,1.33,Conversas por mensagem iniciadas,1,9.31,2026-09-20,2026-09-20,
[SET]_[N]_Card_Oferta - Feirão,2026-09-20,active,campaign,AUTOPLUS [FORD] MAFRA,3401392603350599,27.31,2512,1595,15,1.82066667,,,,2026-09-20,2026-09-20,
[SET]_[N]_Vt_Oferta - M/T/R,2026-09-20,active,campaign,AUTOPLUS [FORD] MAFRA,3401392603350599,25.64,1214,875,10,2.564,Conversas por mensagem iniciadas,1,25.64,2026-09-20,2026-09-20,
[SET]_[SN]_Card_Condição - Lote,2026-09-19,inactive,campaign,AUTOPLUS [FORD] MAFRA,3401392603350599,5.58,454,404,1,5.58,,,,2026-09-19,2026-09-19,
[SET]_[N]_Card_Oferta- R/T/M,2026-09-19,inactive,campaign,AUTOPLUS [FORD] MAFRA,3401392603350599,70.51,5554,4115,34,2.07382353,Conversas por mensagem iniciadas,1,70.51,2026-09-19,2026-09-19,
[SET][SN]_Carrossel_Ofertas - Estoque,2026-09-19,active,campaign,AUTOPLUS [FORD] MAFRA,3401392603350599,34.11,2341,1637,30,1.137,Conversas por mensagem iniciadas,2,17.055,2026-09-19,2026-09-19,
[SET]_[SN]_Carrossel_Oferta - Estoque [TP],2026-09-19,active,campaign,AUTOPLUS [FORD] MAFRA,3401392603350599,6.37,419,356,10,0.637,,,,2026-09-19,2026-09-19,
[SET]_[N]_Vt_Oferta - M/T/R,2026-09-19,active,campaign,AUTOPLUS [FORD] MAFRA,3401392603350599,9.79,532,429,4,2.4475,Conversas por mensagem iniciadas,1,9.79,2026-09-19,2026-09-19,
[SET]_[N]_Card_Oferta - Feirão,2026-09-19,active,campaign,AUTOPLUS [FORD] MAFRA,3401392603350599,43.85,3303,2024,16,2.740625,Conversas por mensagem iniciadas,2,21.925,2026-09-19,2026-09-19,
[SET]_[N]_Card_Oferta - Feirão,2026-09-18,active,campaign,AUTOPLUS [FORD] MAFRA,3401392603350599,44.31,2756,1655,14,3.165,Conversas por mensagem iniciadas,1,44.31,2026-09-18,2026-09-18,
[SET]_[N]_Vt_Oferta - M/T/R,2026-09-18,active,campaign,AUTOPLUS [FORD] MAFRA,3401392603350599,20.04,599,396,2,10.02,,,,2026-09-18,2026-09-18,
[SET]_[SN]_Carrossel_Oferta - Estoque [TP],2026-09-18,active,campaign,AUTOPLUS [FORD] MAFRA,3401392603350599,6.95,393,329,9,0.77222222,Conversas por mensagem iniciadas,1,6.95,2026-09-18,2026-09-18,
[SET]_[SN]_Card_Condição - Lote,2026-09-18,inactive,campaign,AUTOPLUS [FORD] MAFRA,3401392603350599,7.85,478,428,5,1.57,Conversas por mensagem iniciadas,1,7.85,2026-09-18,2026-09-18,
[SET]_[N]_Card_Oferta- R/T/M,2026-09-18,inactive,campaign,AUTOPLUS [FORD] MAFRA,3401392603350599,82.21,6481,4735,40,2.05525,Conversas por mensagem iniciadas,2,41.105,2026-09-18,2026-09-18,
[SET][SN]_Carrossel_Ofertas - Estoque,2026-09-18,active,campaign,AUTOPLUS [FORD] MAFRA,3401392603350599,29.94,1598,1073,16,1.87125,Conversas por mensagem iniciadas,1,29.94,2026-09-18,2026-09-18,
[SET]_[SN]_Card_Condição - Lote,2026-09-17,inactive,campaign,AUTOPLUS [FORD] MAFRA,3401392603350599,7.34,460,414,4,1.835,Conversas por mensagem iniciadas,1,7.34,2026-09-17,2026-09-17,
[SET]_[N]_Card_Oferta - Feirão,2026-09-17,active,campaign,AUTOPLUS [FORD] MAFRA,3401392603350599,33.35,1690,947,13,2.56538462,Conversas por mensagem iniciadas,1,33.35,2026-09-17,2026-09-17,
[SET]_[N]_Vt_Oferta - M/T/R,2026-09-17,active,campaign,AUTOPLUS [FORD] MAFRA,3401392603350599,23.02,811,565,4,5.755,Conversas por mensagem iniciadas,1,23.02,2026-09-17,2026-09-17,
[SET]_[SN]_Carrossel_Oferta - Estoque [TP],2026-09-17,active,campaign,AUTOPLUS [FORD] MAFRA,3401392603350599,6.47,527,450,6,1.07833333,,,,2026-09-17,2026-09-17,
[SET]_[N]_Card_Oferta- R/T/M,2026-09-17,inactive,campaign,AUTOPLUS [FORD] MAFRA,3401392603350599,69.03,4208,3048,33,2.09181818,Conversas por mensagem iniciadas,4,17.2575,2026-09-17,2026-09-17,
[SET][SN]_Carrossel_Ofertas - Estoque,2026-09-17,active,campaign,AUTOPLUS [FORD] MAFRA,3401392603350599,34.14,1669,1168,23,1.48434783,Conversas por mensagem iniciadas,2,17.07,2026-09-17,2026-09-17,
[SET]_[N]_Card_Oferta - Feirão,2026-09-16,active,campaign,AUTOPLUS [FORD] MAFRA,3401392603350599,9.2,625,411,2,4.6,,,,2026-09-16,2026-09-16,
[SET]_[N]_Vt_Oferta - M/T/R,2026-09-16,active,campaign,AUTOPLUS [FORD] MAFRA,3401392603350599,26.36,951,669,11,2.39636364,Conversas por mensagem iniciadas,3,8.78666667,2026-09-16,2026-09-16,
[SET]_[SN]_Carrossel_Oferta - Estoque [TP],2026-09-16,active,campaign,AUTOPLUS [FORD] MAFRA,3401392603350599,9.48,735,609,6,1.58,,,,2026-09-16,2026-09-16,
[SET]_[SN]_Card_Condição - Lote,2026-09-16,inactive,campaign,AUTOPLUS [FORD] MAFRA,3401392603350599,10.36,669,599,10,1.036,Conversas por mensagem iniciadas,2,5.18,2026-09-16,2026-09-16,
[SET]_[N]_Card_Oferta- R/T/M,2026-09-16,inactive,campaign,AUTOPLUS [FORD] MAFRA,3401392603350599,82.73,5768,3894,36,2.29805556,Conversas por mensagem iniciadas,9,9.19222222,2026-09-16,2026-09-16,
[SET][SN]_Carrossel_Ofertas - Estoque,2026-09-16,active,campaign,AUTOPLUS [FORD] MAFRA,3401392603350599,40.24,2188,1462,25,1.6096,Conversas por mensagem iniciadas,1,40.24,2026-09-16,2026-09-16,
[SET]_[N]_Card_Oferta- R/T/M,2026-09-15,inactive,campaign,AUTOPLUS [FORD] MAFRA,3401392603350599,73.76,5039,3350,33,2.23515152,Conversas por mensagem iniciadas,6,12.29333333,2026-09-15,2026-09-15,
[SET][SN]_Carrossel_Ofertas - Estoque,2026-09-15,active,campaign,AUTOPLUS [FORD] MAFRA,3401392603350599,52.07,2104,1410,33,1.57787879,Conversas por mensagem iniciadas,1,52.07,2026-09-15,2026-09-15,
[SET]_[SN]_Carrossel_Oferta - Estoque [TP],2026-09-15,active,campaign,AUTOPLUS [FORD] MAFRA,3401392603350599,13.39,665,552,8,1.67375,,,,2026-09-15,2026-09-15,
[SET]_[SN]_Card_Condição - Lote,2026-09-15,inactive,campaign,AUTOPLUS [FORD] MAFRA,3401392603350599,13.74,683,587,3,4.58,Conversas por mensagem iniciadas,1,13.74,2026-09-15,2026-09-15,
[SET]_[N]_Vt_Oferta - M/T/R,2026-09-15,active,campaign,AUTOPLUS [FORD] MAFRA,3401392603350599,27.43,770,569,1,27.43,,,,2026-09-15,2026-09-15,
[SET]_[N]_Vt_Oferta - M/T/R,2026-09-14,active,campaign,AUTOPLUS [FORD] MAFRA,3401392603350599,40.67,973,693,8,5.08375,,,,2026-09-14,2026-09-14,
[SET]_[SN]_Carrossel_Oferta - Estoque [TP],2026-09-14,active,campaign,AUTOPLUS [FORD] MAFRA,3401392603350599,13.03,650,530,14,0.93071429,Conversas por mensagem iniciadas,3,4.34333333,2026-09-14,2026-09-14,
[SET]_[SN]_Card_Condição - Lote,2026-09-14,inactive,campaign,AUTOPLUS [FORD] MAFRA,3401392603350599,15.04,749,665,7,2.14857143,Conversas por mensagem iniciadas,1,15.04,2026-09-14,2026-09-14,
[SET]_[N]_Card_Oferta- R/T/M,2026-09-14,inactive,campaign,AUTOPLUS [FORD] MAFRA,3401392603350599,83.57,3843,2603,19,4.39842105,Conversas por mensagem iniciadas,4,20.8925,2026-09-14,2026-09-14,
[SET][SN]_Carrossel_Ofertas - Estoque,2026-09-14,active,campaign,AUTOPLUS [FORD] MAFRA,3401392603350599,45.37,2154,1376,22,2.06227273,Conversas por mensagem iniciadas,1,45.37,2026-09-14,2026-09-14,
[SET]_[N]_Card_Oferta- R/T/M,2026-09-13,inactive,campaign,AUTOPLUS [FORD] MAFRA,3401392603350599,48.55,2893,2052,15,3.23666667,,,,2026-09-13,2026-09-13,
[SET][SN]_Carrossel_Ofertas - Estoque,2026-09-13,active,campaign,AUTOPLUS [FORD] MAFRA,3401392603350599,44.09,2299,1408,15,2.93933333,,,,2026-09-13,2026-09-13,
[SET]_[SN]_Card_Condição - Lote,2026-09-13,inactive,campaign,AUTOPLUS [FORD] MAFRA,3401392603350599,10.03,502,450,1,10.03,,,,2026-09-13,2026-09-13,
[SET]_[SN]_Carrossel_Oferta - Estoque [TP],2026-09-13,active,campaign,AUTOPLUS [FORD] MAFRA,3401392603350599,14.18,693,555,9,1.57555556,Conversas por mensagem iniciadas,2,7.09,2026-09-13,2026-09-13,
[SET]_[N]_Vt_Oferta - M/T/R,2026-09-13,active,campaign,AUTOPLUS [FORD] MAFRA,3401392603350599,44.44,1453,1044,7,6.34857143,Conversas por mensagem iniciadas,1,44.44,2026-09-13,2026-09-13,
[SET]_[N]_Vt_Oferta - M/T/R,2026-09-12,active,campaign,AUTOPLUS [FORD] MAFRA,3401392603350599,36.68,1231,850,4,9.17,Conversas por mensagem iniciadas,1,36.68,2026-09-12,2026-09-12,
[SET]_[SN]_Carrossel_Oferta - Estoque [TP],2026-09-12,active,campaign,AUTOPLUS [FORD] MAFRA,3401392603350599,2.06,205,188,3,0.68666667,Conversas por mensagem iniciadas,1,2.06,2026-09-12,2026-09-12,
[SET]_[SN]_Card_Condição - Lote,2026-09-12,inactive,campaign,AUTOPLUS [FORD] MAFRA,3401392603350599,8.08,479,430,5,1.616,,,,2026-09-12,2026-09-12,
[SET]_[N]_Card_Oferta- R/T/M,2026-09-12,inactive,campaign,AUTOPLUS [FORD] MAFRA,3401392603350599,41.31,2053,1378,12,3.4425,Conversas por mensagem iniciadas,1,41.31,2026-09-12,2026-09-12,
[SET][SN]_Carrossel_Ofertas - Estoque,2026-09-12,active,campaign,AUTOPLUS [FORD] MAFRA,3401392603350599,18.51,1166,849,9,2.05666667,,,,2026-09-12,2026-09-12,
[SET]_[SN]_Card_Condição - Lote,2026-09-11,inactive,campaign,AUTOPLUS [FORD] MAFRA,3401392603350599,9.24,624,525,5,1.848,,,,2026-09-11,2026-09-11,
[SET][SN]_Carrossel_Ofertas - Estoque,2026-09-11,active,campaign,AUTOPLUS [FORD] MAFRA,3401392603350599,27.63,1426,980,12,2.3025,Conversas por mensagem iniciadas,3,9.21,2026-09-11,2026-09-11,
[SET]_[N]_Card_Oferta- R/T/M,2026-09-11,inactive,campaign,AUTOPLUS [FORD] MAFRA,3401392603350599,55.47,3009,1913,10,5.547,Conversas por mensagem iniciadas,2,27.735,2026-09-11,2026-09-11,
[SET]_[N]_Vt_Oferta - M/T/R,2026-09-11,active,campaign,AUTOPLUS [FORD] MAFRA,3401392603350599,47.86,1221,770,5,9.572,Conversas por mensagem iniciadas,1,47.86,2026-09-11,2026-09-11,
[SET]_[SN]_Carrossel_Oferta - Estoque [TP],2026-09-11,active,campaign,AUTOPLUS [FORD] MAFRA,3401392603350599,9.68,522,450,7,1.38285714,Conversas por mensagem iniciadas,1,9.68,2026-09-11,2026-09-11,
[SET][SN]_Carrossel_Ofertas - Estoque,2026-09-10,active,campaign,AUTOPLUS [FORD] MAFRA,3401392603350599,44.07,2059,1262,26,1.695,Conversas por mensagem iniciadas,5,8.814,2026-09-10,2026-09-10,
[SET]_[N]_Vt_Oferta - M/T/R,2026-09-10,active,campaign,AUTOPLUS [FORD] MAFRA,3401392603350599,52.02,1428,869,6,8.67,Conversas por mensagem iniciadas,1,52.02,2026-09-10,2026-09-10,
[SET]_[SN]_Carrossel_Oferta - Estoque [TP],2026-09-10,active,campaign,AUTOPLUS [FORD] MAFRA,3401392603350599,15.41,860,746,14,1.10071429,,,,2026-09-10,2026-09-10,
[SET]_[SN]_Card_Condição - Lote,2026-09-10,inactive,campaign,AUTOPLUS [FORD] MAFRA,3401392603350599,15.35,713,567,5,3.07,Conversas por mensagem iniciadas,1,15.35,2026-09-10,2026-09-10,
[SET]_[N]_Card_Oferta- R/T/M,2026-09-10,inactive,campaign,AUTOPLUS [FORD] MAFRA,3401392603350599,86.35,4304,2695,29,2.97758621,Conversas por mensagem iniciadas,5,17.27,2026-09-10,2026-09-10,
[SET]_[N]_Card_Oferta- R/T/M,2026-09-09,inactive,campaign,AUTOPLUS [FORD] MAFRA,3401392603350599,69.67,4300,3286,18,3.87055556,Conversas por mensagem iniciadas,3,23.22333333,2026-09-09,2026-09-09,
[SET][SN]_Carrossel_Ofertas - Estoque,2026-09-09,active,campaign,AUTOPLUS [FORD] MAFRA,3401392603350599,62.26,3267,2410,26,2.39461538,Conversas por mensagem iniciadas,2,31.13,2026-09-09,2026-09-09,
[SET]_[SN]_Carrossel_Oferta - Estoque [TP],2026-09-09,active,campaign,AUTOPLUS [FORD] MAFRA,3401392603350599,15.32,910,811,9,1.70222222,Conversas por mensagem iniciadas,1,15.32,2026-09-09,2026-09-09,
[SET]_[N]_Vt_Oferta - M/T/R,2026-09-09,active,campaign,AUTOPLUS [FORD] MAFRA,3401392603350599,86.95,5020,4310,16,5.434375,Conversas por mensagem iniciadas,2,43.475,2026-09-09,2026-09-09,
[SET]_[SN]_Card_Condição - Lote,2026-09-09,inactive,campaign,AUTOPLUS [FORD] MAFRA,3401392603350599,40.34,1790,1446,8,5.0425,,,,2026-09-09,2026-09-09,
[SET]_[N]_Vt_Oferta - M/T/R,2026-09-08,active,campaign,AUTOPLUS [FORD] MAFRA,3401392603350599,66.91,1828,1187,13,5.14692308,,,,2026-09-08,2026-09-08,
[SET]_[SN]_Carrossel_Oferta - Estoque [TP],2026-09-08,active,campaign,AUTOPLUS [FORD] MAFRA,3401392603350599,9.38,587,529,7,1.34,,,,2026-09-08,2026-09-08,
[SET]_[SN]_Card_Condição - Lote,2026-09-08,inactive,campaign,AUTOPLUS [FORD] MAFRA,3401392603350599,40.92,2051,1358,14,2.92285714,Conversas por mensagem iniciadas,1,40.92,2026-09-08,2026-09-08,
[SET]_[N]_Card_Oferta- R/T/M,2026-09-08,inactive,campaign,AUTOPLUS [FORD] MAFRA,3401392603350599,54.1,3887,2450,22,2.45909091,Conversas por mensagem iniciadas,3,18.03333333,2026-09-08,2026-09-08,
[SET][SN]_Carrossel_Ofertas - Estoque,2026-09-08,active,campaign,AUTOPLUS [FORD] MAFRA,3401392603350599,50.02,2528,1686,17,2.94235294,Conversas por mensagem iniciadas,2,25.01,2026-09-08,2026-09-08,
[SET]_[N]_Card_Oferta- R/T/M,2026-09-07,inactive,campaign,AUTOPLUS [FORD] MAFRA,3401392603350599,66.1,5544,3611,32,2.065625,Conversas por mensagem iniciadas,3,22.03333333,2026-09-07,2026-09-07,
[SET][SN]_Carrossel_Ofertas - Estoque,2026-09-07,active,campaign,AUTOPLUS [FORD] MAFRA,3401392603350599,43.97,2412,1558,19,2.31421053,Conversas por mensagem iniciadas,1,43.97,2026-09-07,2026-09-07,
[SET]_[SN]_Card_Condição - Lote,2026-09-07,inactive,campaign,AUTOPLUS [FORD] MAFRA,3401392603350599,27.58,2132,1420,6,4.59666667,,,,2026-09-07,2026-09-07,
[SET]_[SN]_Carrossel_Oferta - Estoque [TP],2026-09-07,active,campaign,AUTOPLUS [FORD] MAFRA,3401392603350599,9.3,969,811,4,2.325,,,,2026-09-07,2026-09-07,
[SET]_[N]_Vt_Oferta - M/T/R,2026-09-07,active,campaign,AUTOPLUS [FORD] MAFRA,3401392603350599,48.28,1955,1008,16,3.0175,Conversas por mensagem iniciadas,2,24.14,2026-09-07,2026-09-07,
[SET]_[N]_Vt_Oferta - M/T/R,2026-09-06,active,campaign,AUTOPLUS [FORD] MAFRA,3401392603350599,52.53,3796,2039,18,2.91833333,Conversas por mensagem iniciadas,2,26.265,2026-09-06,2026-09-06,
[SET]_[SN]_Carrossel_Oferta - Estoque [TP],2026-09-06,active,campaign,AUTOPLUS [FORD] MAFRA,3401392603350599,8.8,916,823,6,1.46666667,,,,2026-09-06,2026-09-06,
[SET]_[SN]_Card_Condição - Lote,2026-09-06,inactive,campaign,AUTOPLUS [FORD] MAFRA,3401392603350599,28.65,2052,1366,10,2.865,,,,2026-09-06,2026-09-06,
[SET]_[N]_Card_Oferta- R/T/M,2026-09-06,inactive,campaign,AUTOPLUS [FORD] MAFRA,3401392603350599,44.02,4010,2596,25,1.7608,Conversas por mensagem iniciadas,1,44.02,2026-09-06,2026-09-06,
[SET][SN]_Carrossel_Ofertas - Estoque,2026-09-06,active,campaign,AUTOPLUS [FORD] MAFRA,3401392603350599,33.45,2673,1883,30,1.115,Conversas por mensagem iniciadas,1,33.45,2026-09-06,2026-09-06,
[SET]_[N]_Card_Oferta- R/T/M,2026-09-05,inactive,campaign,AUTOPLUS [FORD] MAFRA,3401392603350599,32.81,2888,1860,10,3.281,,,,2026-09-05,2026-09-05,
[SET][SN]_Carrossel_Ofertas - Estoque,2026-09-05,active,campaign,AUTOPLUS [FORD] MAFRA,3401392603350599,24.79,1571,1095,18,1.37722222,Conversas por mensagem iniciadas,2,12.395,2026-09-05,2026-09-05,
[SET]_[N]_Vt_Oferta - M/T/R,2026-09-05,active,campaign,AUTOPLUS [FORD] MAFRA,3401392603350599,63.67,3880,2326,8,7.95875,,,,2026-09-05,2026-09-05,
[SET]_[SN]_Card_Condição - Lote,2026-09-05,inactive,campaign,AUTOPLUS [FORD] MAFRA,3401392603350599,13.19,1020,785,9,1.46555556,Conversas por mensagem iniciadas,1,13.19,2026-09-05,2026-09-05,
[SET]_[SN]_Carrossel_Oferta - Estoque [TP],2026-09-05,active,campaign,AUTOPLUS [FORD] MAFRA,3401392603350599,2.81,294,261,1,2.81,,,,2026-09-05,2026-09-05,
[SET]_[N]_Vt_Oferta - M/T/R,2026-09-04,active,campaign,AUTOPLUS [FORD] MAFRA,3401392603350599,17.55,982,781,4,4.3875,Conversas por mensagem iniciadas,1,17.55,2026-09-04,2026-09-04,
[SET]_[SN]_Carrossel_Oferta - Estoque [TP],2026-09-04,active,campaign,AUTOPLUS [FORD] MAFRA,3401392603350599,6.83,486,428,8,0.85375,Conversas por mensagem iniciadas,1,6.83,2026-09-04,2026-09-04,
[SET]_[SN]_Card_Condição - Lote,2026-09-04,inactive,campaign,AUTOPLUS [FORD] MAFRA,3401392603350599,19.93,1435,1034,4,4.9825,,,,2026-09-04,2026-09-04,
[SET]_[N]_Card_Oferta- R/T/M,2026-09-04,inactive,campaign,AUTOPLUS [FORD] MAFRA,3401392603350599,46.89,3595,2208,27,1.73666667,Conversas por mensagem iniciadas,2,23.445,2026-09-04,2026-09-04,
[SET][SN]_Carrossel_Ofertas - Estoque,2026-09-04,active,campaign,AUTOPLUS [FORD] MAFRA,3401392603350599,32.13,1271,883,15,2.142,Conversas por mensagem iniciadas,3,10.71,2026-09-04,2026-09-04,
[SET]_[SN]_Carrossel_Oferta - Estoque [TP],2026-09-03,active,campaign,AUTOPLUS [FORD] MAFRA,3401392603350599,10.01,573,490,10,1.001,Conversas por mensagem iniciadas,3,3.33666667,2026-09-03,2026-09-03,
[SET]_[SN]_Card_Condição - Lote,2026-09-03,inactive,campaign,AUTOPLUS [FORD] MAFRA,3401392603350599,32.93,1626,1073,8,4.11625,,,,2026-09-03,2026-09-03,
[SET]_[N]_Card_Oferta- R/T/M,2026-09-03,inactive,campaign,AUTOPLUS [FORD] MAFRA,3401392603350599,71.78,3531,1989,22,3.26272727,Conversas por mensagem iniciadas,2,35.89,2026-09-03,2026-09-03,
[SET][SN]_Carrossel_Ofertas - Estoque,2026-09-03,active,campaign,AUTOPLUS [FORD] MAFRA,3401392603350599,42.07,2017,1333,14,3.005,Conversas por mensagem iniciadas,2,21.035,2026-09-03,2026-09-03,
[SET]_[SN]_Carrossel_Oferta - Estoque [TP],2026-09-02,active,campaign,AUTOPLUS [FORD] MAFRA,3401392603350599,11.77,465,378,10,1.177,Conversas por mensagem iniciadas,1,11.77,2026-09-02,2026-09-02,
[SET]_[SN]_Card_Condição - Lote,2026-09-02,inactive,campaign,AUTOPLUS [FORD] MAFRA,3401392603350599,31.46,1826,1091,16,1.96625,Conversas por mensagem iniciadas,1,31.46,2026-09-02,2026-09-02,
[SET]_[N]_Card_Oferta- R/T/M,2026-09-02,inactive,campaign,AUTOPLUS [FORD] MAFRA,3401392603350599,69.74,3143,1571,18,3.87444444,Conversas por mensagem iniciadas,2,34.87,2026-09-02,2026-09-02,
[SET][SN]_Carrossel_Ofertas - Estoque,2026-09-02,active,campaign,AUTOPLUS [FORD] MAFRA,3401392603350599,36.18,1333,820,13,2.78307692,Conversas por mensagem iniciadas,1,36.18,2026-09-02,2026-09-02,
[SET]_[SN]_Card_Condição - Lote,2026-09-01,inactive,campaign,AUTOPLUS [FORD] MAFRA,3401392603350599,48.94,3677,2505,35,1.39828571,Conversas por mensagem iniciadas,2,24.47,2026-09-01,2026-09-01,
[SET]_[N]_Card_Oferta- R/T/M,2026-09-01,inactive,campaign,AUTOPLUS [FORD] MAFRA,3401392603350599,87.82,7079,4252,44,1.99590909,Conversas por mensagem iniciadas,5,17.564,2026-09-01,2026-09-01,
[SET]_[SN]_Carrossel_Oferta - Estoque [TP],2026-09-01,active,campaign,AUTOPLUS [FORD] MAFRA,3401392603350599,16.65,1050,878,18,0.925,,,,2026-09-01,2026-09-01,
[SET][SN]_Carrossel_Ofertas - Estoque,2026-09-01,active,campaign,AUTOPLUS [FORD] MAFRA,3401392603350599,64.73,3968,2630,45,1.43844444,Conversas por mensagem iniciadas,4,16.1825,2026-09-01,2026-09-01,
[SET]_[N]_Card_Oferta - Feirão,2026-09-30,active,campaign,AUTOPLUS [FORD] CONCÓRDIA,171365955111522,5.64,372,298,3,1.88,Conversas por mensagem iniciadas,2,2.82,2026-09-30,2026-09-30,
[SET]_[N]_Vt_Modelo - [M/R/T],2026-09-30,active,campaign,AUTOPLUS [FORD] CONCÓRDIA,171365955111522,2.95,68,61,4,0.7375,,,,2026-09-30,2026-09-30,
[SET]_[SN]_Carrossel_Oferta - Estoque [TP],2026-09-30,active,campaign,AUTOPLUS [FORD] CONCÓRDIA,171365955111522,1.3,68,62,1,1.3,,,,2026-09-30,2026-09-30,
[SET]_[SN]_Carrossel_Oferta - Estoque,2026-09-30,active,campaign,AUTOPLUS [FORD] CONCÓRDIA,171365955111522,7.01,327,252,1,7.01,,,,2026-09-30,2026-09-30,
[SET]_[SN]_Card_Condição - Lote,2026-09-30,active,campaign,AUTOPLUS [FORD] CONCÓRDIA,171365955111522,3.3,83,73,,,,,,2026-09-30,2026-09-30,
[SET]_[N]_Card_Oferta -- R/T/M,2026-09-30,active,campaign,AUTOPLUS [FORD] CONCÓRDIA,171365955111522,4.98,345,284,,,,,,2026-09-30,2026-09-30,
[SET]_[SN]_Card_Condição - Lote,2026-09-29,active,campaign,AUTOPLUS [FORD] CONCÓRDIA,171365955111522,13.03,587,431,9,1.44777778,Conversas por mensagem iniciadas,4,3.2575,2026-09-29,2026-09-29,
[SET]_[N]_Card_Oferta -- R/T/M,2026-09-29,active,campaign,AUTOPLUS [FORD] CONCÓRDIA,171365955111522,32.01,1898,1410,25,1.2804,Conversas por mensagem iniciadas,3,10.67,2026-09-29,2026-09-29,
[SET]_[SN]_Carrossel_Oferta - Estoque,2026-09-29,active,campaign,AUTOPLUS [FORD] CONCÓRDIA,171365955111522,44.89,2281,1474,41,1.09487805,Conversas por mensagem iniciadas,4,11.2225,2026-09-29,2026-09-29,
[SET]_[SN]_Carrossel_Oferta - Estoque [TP],2026-09-29,active,campaign,AUTOPLUS [FORD] CONCÓRDIA,171365955111522,10.72,605,457,11,0.97454545,Conversas por mensagem iniciadas,3,3.57333333,2026-09-29,2026-09-29,
[SET]_[N]_Vt_Modelo - [M/R/T],2026-09-29,active,campaign,AUTOPLUS [FORD] CONCÓRDIA,171365955111522,13.11,242,195,7,1.87285714,Conversas por mensagem iniciadas,3,4.37,2026-09-29,2026-09-29,
[SET]_[N]_Card_Oferta - Feirão,2026-09-29,active,campaign,AUTOPLUS [FORD] CONCÓRDIA,171365955111522,41.91,2768,1845,40,1.04775,Conversas por mensagem iniciadas,4,10.4775,2026-09-29,2026-09-29,
[SET]_[N]_Card_Oferta - Feirão,2026-09-28,active,campaign,AUTOPLUS [FORD] CONCÓRDIA,171365955111522,50.79,4638,3016,39,1.30230769,Conversas por mensagem iniciadas,3,16.93,2026-09-28,2026-09-28,
[SET]_[N]_Vt_Modelo - [M/R/T],2026-09-28,active,campaign,AUTOPLUS [FORD] CONCÓRDIA,171365955111522,23.21,452,365,21,1.1052381,Conversas por mensagem iniciadas,2,11.605,2026-09-28,2026-09-28,
[SET]_[SN]_Carrossel_Oferta - Estoque [TP],2026-09-28,active,campaign,AUTOPLUS [FORD] CONCÓRDIA,171365955111522,11.7,812,613,13,0.9,,,,2026-09-28,2026-09-28,
[SET]_[SN]_Carrossel_Oferta - Estoque,2026-09-28,active,campaign,AUTOPLUS [FORD] CONCÓRDIA,171365955111522,52.93,3409,2184,38,1.39289474,Conversas por mensagem iniciadas,6,8.82166667,2026-09-28,2026-09-28,
[SET]_[SN]_Card_Condição - Lote,2026-09-28,active,campaign,AUTOPLUS [FORD] CONCÓRDIA,171365955111522,14.28,705,531,6,2.38,Conversas por mensagem iniciadas,2,7.14,2026-09-28,2026-09-28,
[SET]_[N]_Card_Oferta -- R/T/M,2026-09-28,active,campaign,AUTOPLUS [FORD] CONCÓRDIA,171365955111522,36.41,2590,1830,32,1.1378125,Conversas por mensagem iniciadas,3,12.13666667,2026-09-28,2026-09-28,
[SET]_[SN]_Carrossel_Oferta - Estoque,2026-09-27,active,campaign,AUTOPLUS [FORD] CONCÓRDIA,171365955111522,41.95,3269,2137,44,0.95340909,Conversas por mensagem iniciadas,3,13.98333333,2026-09-27,2026-09-27,
[SET]_[N]_Card_Oferta -- R/T/M,2026-09-27,active,campaign,AUTOPLUS [FORD] CONCÓRDIA,171365955111522,36.33,3529,2449,30,1.211,Conversas por mensagem iniciadas,3,12.11,2026-09-27,2026-09-27,
[SET]_[SN]_Card_Condição - Lote,2026-09-27,active,campaign,AUTOPLUS [FORD] CONCÓRDIA,171365955111522,15.02,872,664,6,2.50333333,Conversas por mensagem iniciadas,1,15.02,2026-09-27,2026-09-27,
[SET]_[N]_Card_Oferta - Feirão,2026-09-27,active,campaign,AUTOPLUS [FORD] CONCÓRDIA,171365955111522,39.53,3495,2304,29,1.36310345,Conversas por mensagem iniciadas,2,19.765,2026-09-27,2026-09-27,
[SET]_[SN]_Carrossel_Oferta - Estoque [TP],2026-09-27,active,campaign,AUTOPLUS [FORD] CONCÓRDIA,171365955111522,13.14,1023,794,27,0.48666667,Conversas por mensagem iniciadas,3,4.38,2026-09-27,2026-09-27,
[SET]_[N]_Vt_Modelo - [M/R/T],2026-09-27,active,campaign,AUTOPLUS [FORD] CONCÓRDIA,171365955111522,26.27,665,478,11,2.38818182,Conversas por mensagem iniciadas,3,8.75666667,2026-09-27,2026-09-27,
[SET]_[N]_Card_Oferta - Feirão,2026-09-26,active,campaign,AUTOPLUS [FORD] CONCÓRDIA,171365955111522,33.53,2491,1670,20,1.6765,Conversas por mensagem iniciadas,3,11.17666667,2026-09-26,2026-09-26,
[SET]_[N]_Vt_Modelo - [M/R/T],2026-09-26,active,campaign,AUTOPLUS [FORD] CONCÓRDIA,171365955111522,6.64,212,163,4,1.66,Conversas por mensagem iniciadas,1,6.64,2026-09-26,2026-09-26,
[SET]_[SN]_Carrossel_Oferta - Estoque [TP],2026-09-26,active,campaign,AUTOPLUS [FORD] CONCÓRDIA,171365955111522,4.16,331,276,7,0.59428571,,,,2026-09-26,2026-09-26,
[SET]_[SN]_Carrossel_Oferta - Estoque,2026-09-26,active,campaign,AUTOPLUS [FORD] CONCÓRDIA,171365955111522,33.91,2516,1550,44,0.77068182,Conversas por mensagem iniciadas,1,33.91,2026-09-26,2026-09-26,
[SET]_[SN]_Card_Condição - Lote,2026-09-26,active,campaign,AUTOPLUS [FORD] CONCÓRDIA,171365955111522,6.25,366,273,,,,,,2026-09-26,2026-09-26,
[SET]_[N]_Card_Oferta -- R/T/M,2026-09-26,active,campaign,AUTOPLUS [FORD] CONCÓRDIA,171365955111522,23.38,1719,1245,15,1.55866667,Conversas por mensagem iniciadas,2,11.69,2026-09-26,2026-09-26,
[SET]_[N]_Card_Oferta - Feirão,2026-09-25,active,campaign,AUTOPLUS [FORD] CONCÓRDIA,171365955111522,34.67,2384,1612,23,1.5073913,Conversas por mensagem iniciadas,1,34.67,2026-09-25,2026-09-25,
[SET]_[N]_Vt_Modelo - [M/R/T],2026-09-25,active,campaign,AUTOPLUS [FORD] CONCÓRDIA,171365955111522,14.44,242,189,9,1.60444444,Conversas por mensagem iniciadas,3,4.81333333,2026-09-25,2026-09-25,
[SET]_[SN]_Carrossel_Oferta - Estoque [TP],2026-09-25,active,campaign,AUTOPLUS [FORD] CONCÓRDIA,171365955111522,7.42,448,356,6,1.23666667,,,,2026-09-25,2026-09-25,
[SET]_[SN]_Carrossel_Oferta - Estoque,2026-09-25,active,campaign,AUTOPLUS [FORD] CONCÓRDIA,171365955111522,33.29,2179,1339,32,1.0403125,,,,2026-09-25,2026-09-25,
[SET]_[SN]_Card_Condição - Lote,2026-09-25,active,campaign,AUTOPLUS [FORD] CONCÓRDIA,171365955111522,8.15,378,300,3,2.71666667,Conversas por mensagem iniciadas,1,8.15,2026-09-25,2026-09-25,
[SET]_[N]_Card_Oferta -- R/T/M,2026-09-25,active,campaign,AUTOPLUS [FORD] CONCÓRDIA,171365955111522,26.67,2287,1664,15,1.778,,,,2026-09-25,2026-09-25,
[SET]_[SN]_Carrossel_Oferta - Estoque,2026-09-24,active,campaign,AUTOPLUS [FORD] CONCÓRDIA,171365955111522,31.64,2210,1404,25,1.2656,Conversas por mensagem iniciadas,1,31.64,2026-09-24,2026-09-24,
[SET]_[N]_Card_Oferta -- R/T/M,2026-09-24,active,campaign,AUTOPLUS [FORD] CONCÓRDIA,171365955111522,26.75,2459,1742,27,0.99074074,Conversas por mensagem iniciadas,1,26.75,2026-09-24,2026-09-24,
[SET]_[SN]_Card_Condição - Lote,2026-09-24,active,campaign,AUTOPLUS [FORD] CONCÓRDIA,171365955111522,10.84,508,417,6,1.80666667,Conversas por mensagem iniciadas,1,10.84,2026-09-24,2026-09-24,
[SET]_[SN]_Carrossel_Oferta - Estoque [TP],2026-09-24,active,campaign,AUTOPLUS [FORD] CONCÓRDIA,171365955111522,9.9,611,488,9,1.1,Conversas por mensagem iniciadas,1,9.9,2026-09-24,2026-09-24,
[SET]_[N]_Vt_Modelo - [M/R/T],2026-09-24,active,campaign,AUTOPLUS [FORD] CONCÓRDIA,171365955111522,18.7,465,340,9,2.07777778,Conversas por mensagem iniciadas,1,18.7,2026-09-24,2026-09-24,
[SET]_[N]_Card_Oferta - Feirão,2026-09-24,active,campaign,AUTOPLUS [FORD] CONCÓRDIA,171365955111522,36.59,2470,1573,13,2.81461538,,,,2026-09-24,2026-09-24,
[SET]_[N]_Card_Oferta - Feirão,2026-09-23,active,campaign,AUTOPLUS [FORD] CONCÓRDIA,171365955111522,27,2196,1468,18,1.5,Conversas por mensagem iniciadas,1,27,2026-09-23,2026-09-23,
[SET]_[N]_Vt_Modelo - [M/R/T],2026-09-23,active,campaign,AUTOPLUS [FORD] CONCÓRDIA,171365955111522,23.52,529,418,13,1.80923077,Conversas por mensagem iniciadas,2,11.76,2026-09-23,2026-09-23,
[SET]_[SN]_Carrossel_Oferta - Estoque [TP],2026-09-23,active,campaign,AUTOPLUS [FORD] CONCÓRDIA,171365955111522,9.79,631,480,8,1.22375,Conversas por mensagem iniciadas,1,9.79,2026-09-23,2026-09-23,
[SET]_[SN]_Carrossel_Oferta - Estoque,2026-09-23,active,campaign,AUTOPLUS [FORD] CONCÓRDIA,171365955111522,37.38,2265,1438,27,1.38444444,Conversas por mensagem iniciadas,2,18.69,2026-09-23,2026-09-23,
[SET]_[SN]_Card_Condição - Lote,2026-09-23,active,campaign,AUTOPLUS [FORD] CONCÓRDIA,171365955111522,10.16,486,434,5,2.032,,,,2026-09-23,2026-09-23,
[SET]_[N]_Card_Oferta -- R/T/M,2026-09-23,active,campaign,AUTOPLUS [FORD] CONCÓRDIA,171365955111522,24.5,2482,1893,11,2.22727273,,,,2026-09-23,2026-09-23,
[SET]_[SN]_Carrossel_Oferta - Estoque,2026-09-22,active,campaign,AUTOPLUS [FORD] CONCÓRDIA,171365955111522,51.08,3389,2013,53,0.96377358,Conversas por mensagem iniciadas,5,10.216,2026-09-22,2026-09-22,
[SET]_[N]_Card_Oferta -- R/T/M,2026-09-22,active,campaign,AUTOPLUS [FORD] CONCÓRDIA,171365955111522,39.6,2799,2149,21,1.88571429,Conversas por mensagem iniciadas,2,19.8,2026-09-22,2026-09-22,
[SET]_[SN]_Card_Condição - Lote,2026-09-22,active,campaign,AUTOPLUS [FORD] CONCÓRDIA,171365955111522,15.07,809,632,8,1.88375,Conversas por mensagem iniciadas,2,7.535,2026-09-22,2026-09-22,
[SET]_[SN]_Carrossel_Oferta - Estoque [TP],2026-09-22,active,campaign,AUTOPLUS [FORD] CONCÓRDIA,171365955111522,13.48,836,639,18,0.74888889,Conversas por mensagem iniciadas,2,6.74,2026-09-22,2026-09-22,
[SET]_[N]_Vt_Modelo - [M/R/T],2026-09-22,active,campaign,AUTOPLUS [FORD] CONCÓRDIA,171365955111522,28.41,637,471,10,2.841,Conversas por mensagem iniciadas,1,28.41,2026-09-22,2026-09-22,
[SET]_[N]_Card_Oferta - Feirão,2026-09-22,active,campaign,AUTOPLUS [FORD] CONCÓRDIA,171365955111522,51.76,4412,3087,35,1.47885714,Conversas por mensagem iniciadas,3,17.25333333,2026-09-22,2026-09-22,
[SET]_[N]_Card_Oferta - Feirão,2026-09-21,active,campaign,AUTOPLUS [FORD] CONCÓRDIA,171365955111522,51.69,3839,2761,32,1.6153125,Conversas por mensagem iniciadas,1,51.69,2026-09-21,2026-09-21,
[SET]_[N]_Vt_Modelo - [M/R/T],2026-09-21,active,campaign,AUTOPLUS [FORD] CONCÓRDIA,171365955111522,52.48,823,642,29,1.80965517,Conversas por mensagem iniciadas,3,17.49333333,2026-09-21,2026-09-21,
[SET]_[SN]_Carrossel_Oferta - Estoque [TP],2026-09-21,active,campaign,AUTOPLUS [FORD] CONCÓRDIA,171365955111522,14.08,872,692,16,0.88,Conversas por mensagem iniciadas,1,14.08,2026-09-21,2026-09-21,
[SET]_[SN]_Carrossel_Oferta - Estoque,2026-09-21,active,campaign,AUTOPLUS [FORD] CONCÓRDIA,171365955111522,52.7,3330,2142,46,1.14565217,Conversas por mensagem iniciadas,3,17.56666667,2026-09-21,2026-09-21,
[SET]_[SN]_Card_Condição - Lote,2026-09-21,active,campaign,AUTOPLUS [FORD] CONCÓRDIA,171365955111522,23.58,947,779,8,2.9475,Conversas por mensagem iniciadas,1,23.58,2026-09-21,2026-09-21,
[SET]_[N]_Card_Oferta -- R/T/M,2026-09-21,active,campaign,AUTOPLUS [FORD] CONCÓRDIA,171365955111522,60.81,4046,3184,47,1.29382979,Conversas por mensagem iniciadas,5,12.162,2026-09-21,2026-09-21,
[SET]_[SN]_Carrossel_Oferta - Estoque,2026-09-20,active,campaign,AUTOPLUS [FORD] CONCÓRDIA,171365955111522,39.83,3156,2232,47,0.84744681,Conversas por mensagem iniciadas,2,19.915,2026-09-20,2026-09-20,
[SET]_[N]_Card_Oferta -- R/T/M,2026-09-20,active,campaign,AUTOPLUS [FORD] CONCÓRDIA,171365955111522,62.73,5273,3875,48,1.306875,Conversas por mensagem iniciadas,18,3.485,2026-09-20,2026-09-20,
[SET]_[SN]_Card_Condição - Lote,2026-09-20,active,campaign,AUTOPLUS [FORD] CONCÓRDIA,171365955111522,20.1,1029,846,5,4.02,,,,2026-09-20,2026-09-20,
[SET]_[N]_Card_Oferta - Feirão,2026-09-20,active,campaign,AUTOPLUS [FORD] CONCÓRDIA,171365955111522,44.72,3642,2714,26,1.72,Conversas por mensagem iniciadas,2,22.36,2026-09-20,2026-09-20,
[SET]_[SN]_Carrossel_Oferta - Estoque [TP],2026-09-20,active,campaign,AUTOPLUS [FORD] CONCÓRDIA,171365955111522,11.02,722,546,15,0.73466667,,,,2026-09-20,2026-09-20,
[SET]_[N]_Vt_Modelo - [M/R/T],2026-09-20,active,campaign,AUTOPLUS [FORD] CONCÓRDIA,171365955111522,60.74,1037,743,26,2.33615385,Conversas por mensagem iniciadas,2,30.37,2026-09-20,2026-09-20,
[SET]_[N]_Card_Oferta - Feirão,2026-09-19,active,campaign,AUTOPLUS [FORD] CONCÓRDIA,171365955111522,36.79,2911,2054,32,1.1496875,Conversas por mensagem iniciadas,3,12.26333333,2026-09-19,2026-09-19,
[SET]_[N]_Vt_Modelo - [M/R/T],2026-09-19,active,campaign,AUTOPLUS [FORD] CONCÓRDIA,171365955111522,36.54,767,543,17,2.14941176,Conversas por mensagem iniciadas,1,36.54,2026-09-19,2026-09-19,
[SET]_[SN]_Carrossel_Oferta - Estoque [TP],2026-09-19,active,campaign,AUTOPLUS [FORD] CONCÓRDIA,171365955111522,4.47,311,243,7,0.63857143,Conversas por mensagem iniciadas,1,4.47,2026-09-19,2026-09-19,
[SET]_[SN]_Carrossel_Oferta - Estoque,2026-09-19,active,campaign,AUTOPLUS [FORD] CONCÓRDIA,171365955111522,24.15,1756,1196,29,0.83275862,,,,2026-09-19,2026-09-19,
[SET]_[SN]_Card_Condição - Lote,2026-09-19,active,campaign,AUTOPLUS [FORD] CONCÓRDIA,171365955111522,15.52,757,630,5,3.104,,,,2026-09-19,2026-09-19,
[SET]_[N]_Card_Oferta -- R/T/M,2026-09-19,active,campaign,AUTOPLUS [FORD] CONCÓRDIA,171365955111522,45.15,2923,2268,27,1.67222222,Conversas por mensagem iniciadas,5,9.03,2026-09-19,2026-09-19,
[SET]_[SN]_Carrossel_Oferta - Estoque,2026-09-18,active,campaign,AUTOPLUS [FORD] CONCÓRDIA,171365955111522,31.88,1959,1322,33,0.96606061,Conversas por mensagem iniciadas,1,31.88,2026-09-18,2026-09-18,
[SET]_[N]_Card_Oferta -- R/T/M,2026-09-18,active,campaign,AUTOPLUS [FORD] CONCÓRDIA,171365955111522,48.57,3380,2594,45,1.07933333,Conversas por mensagem iniciadas,5,9.714,2026-09-18,2026-09-18,
[SET]_[SN]_Card_Condição - Lote,2026-09-18,active,campaign,AUTOPLUS [FORD] CONCÓRDIA,171365955111522,17.23,750,630,10,1.723,Conversas por mensagem iniciadas,1,17.23,2026-09-18,2026-09-18,
[SET]_[N]_Card_Oferta - Feirão,2026-09-18,active,campaign,AUTOPLUS [FORD] CONCÓRDIA,171365955111522,42.94,3688,2579,28,1.53357143,Conversas por mensagem iniciadas,6,7.15666667,2026-09-18,2026-09-18,
[SET]_[SN]_Carrossel_Oferta - Estoque [TP],2026-09-18,active,campaign,AUTOPLUS [FORD] CONCÓRDIA,171365955111522,8.72,484,411,12,0.72666667,Conversas por mensagem iniciadas,2,4.36,2026-09-18,2026-09-18,
[SET]_[N]_Vt_Modelo - [M/R/T],2026-09-18,active,campaign,AUTOPLUS [FORD] CONCÓRDIA,171365955111522,43.97,625,471,13,3.38230769,Conversas por mensagem iniciadas,1,43.97,2026-09-18,2026-09-18,
[SET]_[SN]_Card_Condição - Lote,2026-09-17,active,campaign,AUTOPLUS [FORD] CONCÓRDIA,171365955111522,15.86,843,664,6,2.64333333,,,,2026-09-17,2026-09-17,
[SET]_[N]_Card_Oferta - Feirão,2026-09-17,active,campaign,AUTOPLUS [FORD] CONCÓRDIA,171365955111522,36.93,3275,2155,31,1.19129032,Conversas por mensagem iniciadas,3,12.31,2026-09-17,2026-09-17,
[SET]_[N]_Vt_Modelo - [M/R/T],2026-09-17,active,campaign,AUTOPLUS [FORD] CONCÓRDIA,171365955111522,44.16,699,476,20,2.208,Conversas por mensagem iniciadas,6,7.36,2026-09-17,2026-09-17,
[SET]_[SN]_Carrossel_Oferta - Estoque [TP],2026-09-17,active,campaign,AUTOPLUS [FORD] CONCÓRDIA,171365955111522,8.52,640,516,11,0.77454545,,,,2026-09-17,2026-09-17,
[SET]_[SN]_Carrossel_Oferta - Estoque,2026-09-17,active,campaign,AUTOPLUS [FORD] CONCÓRDIA,171365955111522,36.22,2852,1916,38,0.95315789,Conversas por mensagem iniciadas,2,18.11,2026-09-17,2026-09-17,
[SET]_[N]_Card_Oferta -- R/T/M,2026-09-17,active,campaign,AUTOPLUS [FORD] CONCÓRDIA,171365955111522,56.06,3979,2892,34,1.64882353,Conversas por mensagem iniciadas,4,14.015,2026-09-17,2026-09-17,
[SET]_[N]_Card_Oferta - Feirão,2026-09-16,active,campaign,AUTOPLUS [FORD] CONCÓRDIA,171365955111522,14.43,1203,834,10,1.443,,,,2026-09-16,2026-09-16,
[SET]_[N]_Vt_Modelo - [M/R/T],2026-09-16,active,campaign,AUTOPLUS [FORD] CONCÓRDIA,171365955111522,66.57,1002,714,25,2.6628,Conversas por mensagem iniciadas,3,22.19,2026-09-16,2026-09-16,
[SET]_[SN]_Carrossel_Oferta - Estoque [TP],2026-09-16,active,campaign,AUTOPLUS [FORD] CONCÓRDIA,171365955111522,11.05,877,706,14,0.78928571,Conversas por mensagem iniciadas,2,5.525,2026-09-16,2026-09-16,
[SET]_[SN]_Carrossel_Oferta - Estoque,2026-09-16,active,campaign,AUTOPLUS [FORD] CONCÓRDIA,171365955111522,43.25,3595,2473,64,0.67578125,Conversas por mensagem iniciadas,3,14.41666667,2026-09-16,2026-09-16,
[SET]_[SN]_Card_Condição - Lote,2026-09-16,active,campaign,AUTOPLUS [FORD] CONCÓRDIA,171365955111522,20.01,1010,798,4,5.0025,Conversas por mensagem iniciadas,2,10.005,2026-09-16,2026-09-16,
[SET]_[N]_Card_Oferta -- R/T/M,2026-09-16,active,campaign,AUTOPLUS [FORD] CONCÓRDIA,171365955111522,60.36,4647,3279,34,1.77529412,Conversas por mensagem iniciadas,1,60.36,2026-09-16,2026-09-16,
[SET]_[SN]_Card_Condição - Lote,2026-09-15,active,campaign,AUTOPLUS [FORD] CONCÓRDIA,171365955111522,22.63,961,797,9,2.51444444,Conversas por mensagem iniciadas,3,7.54333333,2026-09-15,2026-09-15,
[SET]_[N]_Card_Oferta -- R/T/M,2026-09-15,active,campaign,AUTOPLUS [FORD] CONCÓRDIA,171365955111522,71.41,5325,4015,32,2.2315625,Conversas por mensagem iniciadas,2,35.705,2026-09-15,2026-09-15,
[SET]_[SN]_Carrossel_Oferta - Estoque,2026-09-15,active,campaign,AUTOPLUS [FORD] CONCÓRDIA,171365955111522,50.65,3595,2646,46,1.10108696,Conversas por mensagem iniciadas,2,25.325,2026-09-15,2026-09-15,
[SET]_[SN]_Carrossel_Oferta - Estoque [TP],2026-09-15,active,campaign,AUTOPLUS [FORD] CONCÓRDIA,171365955111522,12.28,801,676,15,0.81866667,,,,2026-09-15,2026-09-15,
[SET]_[N]_Vt_Modelo - [M/R/T],2026-09-15,active,campaign,AUTOPLUS [FORD] CONCÓRDIA,171365955111522,80.63,1499,1152,26,3.10115385,Conversas por mensagem iniciadas,4,20.1575,2026-09-15,2026-09-15,
[SET]_[N]_Vídeo_Post individual,2026-09-15,completed,campaign,AUTOPLUS [FORD] CONCÓRDIA,171365955111522,25.89,1361,1010,2,12.945,Conversas por mensagem iniciadas,1,25.89,2026-09-15,2026-09-15,
[SET]_[N]_Vídeo_Post individual,2026-09-14,completed,campaign,AUTOPLUS [FORD] CONCÓRDIA,171365955111522,49.77,1790,1238,5,9.954,,,,2026-09-14,2026-09-14,
[SET]_[N]_Vt_Modelo - [M/R/T],2026-09-14,active,campaign,AUTOPLUS [FORD] CONCÓRDIA,171365955111522,81.51,1600,1143,38,2.145,Conversas por mensagem iniciadas,8,10.18875,2026-09-14,2026-09-14,
[SET]_[SN]_Carrossel_Oferta - Estoque [TP],2026-09-14,active,campaign,AUTOPLUS [FORD] CONCÓRDIA,171365955111522,13.2,658,563,4,3.3,Conversas por mensagem iniciadas,1,13.2,2026-09-14,2026-09-14,
[SET]_[SN]_Carrossel_Oferta - Estoque,2026-09-14,active,campaign,AUTOPLUS [FORD] CONCÓRDIA,171365955111522,56.2,2224,1545,39,1.44102564,Conversas por mensagem iniciadas,5,11.24,2026-09-14,2026-09-14,
[SET]_[SN]_Card_Condição - Lote,2026-09-14,active,campaign,AUTOPLUS [FORD] CONCÓRDIA,171365955111522,26.53,1143,975,8,3.31625,Conversas por mensagem iniciadas,1,26.53,2026-09-14,2026-09-14,
[SET]_[N]_Card_Oferta -- R/T/M,2026-09-14,active,campaign,AUTOPLUS [FORD] CONCÓRDIA,171365955111522,78.88,5284,3901,43,1.8344186,Conversas por mensagem iniciadas,1,78.88,2026-09-14,2026-09-14,
[SET]_[SN]_Carrossel_Oferta - Estoque,2026-09-13,active,campaign,AUTOPLUS [FORD] CONCÓRDIA,171365955111522,37.61,1818,1196,32,1.1753125,Conversas por mensagem iniciadas,4,9.4025,2026-09-13,2026-09-13,
[SET]_[N]_Card_Oferta -- R/T/M,2026-09-13,active,campaign,AUTOPLUS [FORD] CONCÓRDIA,171365955111522,59.42,4603,3329,33,1.80060606,Conversas por mensagem iniciadas,2,29.71,2026-09-13,2026-09-13,
[SET]_[SN]_Card_Condição - Lote,2026-09-13,active,campaign,AUTOPLUS [FORD] CONCÓRDIA,171365955111522,22.17,1032,825,7,3.16714286,Conversas por mensagem iniciadas,2,11.085,2026-09-13,2026-09-13,
[SET]_[N]_Vídeo_Post individual,2026-09-13,completed,campaign,AUTOPLUS [FORD] CONCÓRDIA,171365955111522,42.65,1800,1292,7,6.09285714,,,,2026-09-13,2026-09-13,
[SET]_[SN]_Carrossel_Oferta - Estoque [TP],2026-09-13,active,campaign,AUTOPLUS [FORD] CONCÓRDIA,171365955111522,11.71,638,540,9,1.30111111,Conversas por mensagem iniciadas,1,11.71,2026-09-13,2026-09-13,
[SET]_[N]_Vt_Modelo - [M/R/T],2026-09-13,active,campaign,AUTOPLUS [FORD] CONCÓRDIA,171365955111522,66.1,1467,1056,32,2.065625,Conversas por mensagem iniciadas,12,5.50833333,2026-09-13,2026-09-13,
[SET]_[N]_Vídeo_Post individual,2026-09-12,completed,campaign,AUTOPLUS [FORD] CONCÓRDIA,171365955111522,35.47,2211,1516,8,4.43375,Conversas por mensagem iniciadas,1,35.47,2026-09-12,2026-09-12,
[SET]_[N]_Vt_Modelo - [M/R/T],2026-09-12,active,campaign,AUTOPLUS [FORD] CONCÓRDIA,171365955111522,98.96,2968,2155,44,2.24909091,Conversas por mensagem iniciadas,7,14.13714286,2026-09-12,2026-09-12,
[SET]_[SN]_Carrossel_Oferta - Estoque [TP],2026-09-12,active,campaign,AUTOPLUS [FORD] CONCÓRDIA,171365955111522,5.13,379,333,4,1.2825,Conversas por mensagem iniciadas,1,5.13,2026-09-12,2026-09-12,
[SET]_[SN]_Carrossel_Oferta - Estoque,2026-09-12,active,campaign,AUTOPLUS [FORD] CONCÓRDIA,171365955111522,25.53,1759,1236,24,1.06375,Conversas por mensagem iniciadas,2,12.765,2026-09-12,2026-09-12,
[SET]_[SN]_Card_Condição - Lote,2026-09-12,active,campaign,AUTOPLUS [FORD] CONCÓRDIA,171365955111522,8.27,413,331,2,4.135,Conversas por mensagem iniciadas,1,8.27,2026-09-12,2026-09-12,
[SET]_[N]_Card_Oferta -- R/T/M,2026-09-12,active,campaign,AUTOPLUS [FORD] CONCÓRDIA,171365955111522,42.74,3146,2261,26,1.64384615,Conversas por mensagem iniciadas,3,14.24666667,2026-09-12,2026-09-12,
[SET]_[N]_Vídeo_Post individual,2026-09-11,completed,campaign,AUTOPLUS [FORD] CONCÓRDIA,171365955111522,24.76,1474,969,3,8.25333333,,,,2026-09-11,2026-09-11,
[SET]_[N]_Vt_Modelo - [M/R/T],2026-09-11,active,campaign,AUTOPLUS [FORD] CONCÓRDIA,171365955111522,41.06,5177,3874,126,0.32587302,Conversas por mensagem iniciadas,2,20.53,2026-09-11,2026-09-11,
[SET]_[SN]_Carrossel_Oferta - Estoque [TP],2026-09-11,active,campaign,AUTOPLUS [FORD] CONCÓRDIA,171365955111522,8.92,624,507,6,1.48666667,Conversas por mensagem iniciadas,1,8.92,2026-09-11,2026-09-11,
[SET]_[SN]_Carrossel_Oferta - Estoque,2026-09-11,active,campaign,AUTOPLUS [FORD] CONCÓRDIA,171365955111522,35.46,2142,1416,24,1.4775,Conversas por mensagem iniciadas,4,8.865,2026-09-11,2026-09-11,
[SET]_[SN]_Card_Condição - Lote,2026-09-11,active,campaign,AUTOPLUS [FORD] CONCÓRDIA,171365955111522,17.33,921,737,6,2.88833333,Conversas por mensagem iniciadas,1,17.33,2026-09-11,2026-09-11,
[SET]_[N]_Card_Oferta -- R/T/M,2026-09-11,active,campaign,AUTOPLUS [FORD] CONCÓRDIA,171365955111522,50.33,3626,2415,37,1.36027027,Conversas por mensagem iniciadas,4,12.5825,2026-09-11,2026-09-11,
[SET]_[SN]_Carrossel_Oferta - Estoque,2026-09-10,active,campaign,AUTOPLUS [FORD] CONCÓRDIA,171365955111522,42.07,2884,1768,33,1.27484848,Conversas por mensagem iniciadas,1,42.07,2026-09-10,2026-09-10,
[SET]_[N]_Card_Oferta -- R/T/M,2026-09-10,active,campaign,AUTOPLUS [FORD] CONCÓRDIA,171365955111522,66.81,4624,2814,40,1.67025,Conversas por mensagem iniciadas,3,22.27,2026-09-10,2026-09-10,
[SET]_[SN]_Card_Condição - Lote,2026-09-10,active,campaign,AUTOPLUS [FORD] CONCÓRDIA,171365955111522,20.54,1182,875,9,2.28222222,Conversas por mensagem iniciadas,3,6.84666667,2026-09-10,2026-09-10,
[SET]_[SN]_Carrossel_Oferta - Estoque [TP],2026-09-10,active,campaign,AUTOPLUS [FORD] CONCÓRDIA,171365955111522,10.55,805,639,15,0.70333333,,,,2026-09-10,2026-09-10,
[SET]_[N]_Vt_Modelo - [M/R/T],2026-09-10,active,campaign,AUTOPLUS [FORD] CONCÓRDIA,171365955111522,70,9976,5944,309,0.22653722,Conversas por mensagem iniciadas,1,70,2026-09-10,2026-09-10,
[SET]_[N]_Vt_Modelo - [M/R/T],2026-09-09,active,campaign,AUTOPLUS [FORD] CONCÓRDIA,171365955111522,22.27,4223,2886,135,0.16496296,,,,2026-09-09,2026-09-09,
[SET]_[SN]_Carrossel_Oferta - Estoque [TP],2026-09-09,active,campaign,AUTOPLUS [FORD] CONCÓRDIA,171365955111522,13.27,907,737,11,1.20636364,,,,2026-09-09,2026-09-09,
[SET]_[SN]_Carrossel_Oferta - Estoque,2026-09-09,active,campaign,AUTOPLUS [FORD] CONCÓRDIA,171365955111522,51.09,3131,2070,48,1.064375,Conversas por mensagem iniciadas,4,12.7725,2026-09-09,2026-09-09,
[SET]_[SN]_Card_Condição - Lote,2026-09-09,active,campaign,AUTOPLUS [FORD] CONCÓRDIA,171365955111522,24.73,1451,1121,10,2.473,Conversas por mensagem iniciadas,2,12.365,2026-09-09,2026-09-09,
[SET]_[N]_Card_Oferta -- R/T/M,2026-09-09,active,campaign,AUTOPLUS [FORD] CONCÓRDIA,171365955111522,81.33,4857,3176,33,2.46454545,Conversas por mensagem iniciadas,3,27.11,2026-09-09,2026-09-09,
[SET]_[SN]_Card_Condição - Lote,2026-09-08,active,campaign,AUTOPLUS [FORD] CONCÓRDIA,171365955111522,24.14,1580,1297,8,3.0175,,,,2026-09-08,2026-09-08,
[SET]_[N]_Card_Oferta -- R/T/M,2026-09-08,active,campaign,AUTOPLUS [FORD] CONCÓRDIA,171365955111522,57.09,3915,2833,16,3.568125,Conversas por mensagem iniciadas,1,57.09,2026-09-08,2026-09-08,
[SET]_[SN]_Carrossel_Oferta - Estoque [TP],2026-09-08,active,campaign,AUTOPLUS [FORD] CONCÓRDIA,171365955111522,8.65,591,479,11,0.78636364,Conversas por mensagem iniciadas,1,8.65,2026-09-08,2026-09-08,
[SET]_[SN]_Carrossel_Oferta - Estoque,2026-09-08,active,campaign,AUTOPLUS [FORD] CONCÓRDIA,171365955111522,42.37,2939,1916,41,1.03341463,Conversas por mensagem iniciadas,3,14.12333333,2026-09-08,2026-09-08,
[SET]_[N]_Vt_Modelo - [M/R/T],2026-09-08,active,campaign,AUTOPLUS [FORD] CONCÓRDIA,171365955111522,49.02,6989,4661,660,0.07427273,Conversas por mensagem iniciadas,1,49.02,2026-09-08,2026-09-08,
[SET]_[N]_Vt_Modelo - [M/R/T],2026-09-07,active,campaign,AUTOPLUS [FORD] CONCÓRDIA,171365955111522,69.83,7829,5053,1231,0.05672624,Conversas por mensagem iniciadas,2,34.915,2026-09-07,2026-09-07,
[SET]_[SN]_Carrossel_Oferta - Estoque [TP],2026-09-07,active,campaign,AUTOPLUS [FORD] CONCÓRDIA,171365955111522,10.56,984,782,7,1.50857143,,,,2026-09-07,2026-09-07,
[SET]_[SN]_Carrossel_Oferta - Estoque,2026-09-07,active,campaign,AUTOPLUS [FORD] CONCÓRDIA,171365955111522,41.35,3622,2313,47,0.87978723,Conversas por mensagem iniciadas,2,20.675,2026-09-07,2026-09-07,
[SET]_[SN]_Card_Condição - Lote,2026-09-07,active,campaign,AUTOPLUS [FORD] CONCÓRDIA,171365955111522,22.6,1542,1182,14,1.61428571,Conversas por mensagem iniciadas,3,7.53333333,2026-09-07,2026-09-07,
[SET]_[N]_Card_Oferta -- R/T/M,2026-09-07,active,campaign,AUTOPLUS [FORD] CONCÓRDIA,171365955111522,54.61,4013,2768,37,1.47594595,Conversas por mensagem iniciadas,1,54.61,2026-09-07,2026-09-07,
[SET]_[SN]_Card_Condição - Lote,2026-09-06,active,campaign,AUTOPLUS [FORD] CONCÓRDIA,171365955111522,22.34,1370,1046,12,1.86166667,Conversas por mensagem iniciadas,4,5.585,2026-09-06,2026-09-06,
[SET]_[N]_Card_Oferta -- R/T/M,2026-09-06,active,campaign,AUTOPLUS [FORD] CONCÓRDIA,171365955111522,65.99,5104,3431,34,1.94088235,Conversas por mensagem iniciadas,4,16.4975,2026-09-06,2026-09-06,
[SET]_[SN]_Carrossel_Oferta - Estoque,2026-09-06,active,campaign,AUTOPLUS [FORD] CONCÓRDIA,171365955111522,41.53,3700,2297,53,0.78358491,Conversas por mensagem iniciadas,4,10.3825,2026-09-06,2026-09-06,
[SET]_[SN]_Carrossel_Oferta - Estoque [TP],2026-09-06,active,campaign,AUTOPLUS [FORD] CONCÓRDIA,171365955111522,12.81,1021,783,18,0.71166667,Conversas por mensagem iniciadas,2,6.405,2026-09-06,2026-09-06,
[SET]_[N]_Vt_Modelo - [M/R/T],2026-09-06,active,campaign,AUTOPLUS [FORD] CONCÓRDIA,171365955111522,59.53,6703,4520,1029,0.05785228,Conversas por mensagem iniciadas,2,29.765,2026-09-06,2026-09-06,
[SET]_[N]_Vt_Modelo - [M/R/T],2026-09-05,active,campaign,AUTOPLUS [FORD] CONCÓRDIA,171365955111522,32.57,3466,2785,524,0.06215649,Conversas por mensagem iniciadas,1,32.57,2026-09-05,2026-09-05,
[SET]_[SN]_Carrossel_Oferta - Estoque [TP],2026-09-05,active,campaign,AUTOPLUS [FORD] CONCÓRDIA,171365955111522,4.28,376,315,4,1.07,Conversas por mensagem iniciadas,1,4.28,2026-09-05,2026-09-05,
[SET]_[SN]_Carrossel_Oferta - Estoque,2026-09-05,active,campaign,AUTOPLUS [FORD] CONCÓRDIA,171365955111522,27.33,2353,1586,32,0.8540625,Conversas por mensagem iniciadas,2,13.665,2026-09-05,2026-09-05,
[SET]_[SN]_Card_Condição - Lote,2026-09-05,active,campaign,AUTOPLUS [FORD] CONCÓRDIA,171365955111522,9.6,661,546,4,2.4,,,,2026-09-05,2026-09-05,
[SET]_[N]_Card_Oferta -- R/T/M,2026-09-05,active,campaign,AUTOPLUS [FORD] CONCÓRDIA,171365955111522,39.95,2874,1947,21,1.90238095,Conversas por mensagem iniciadas,2,19.975,2026-09-05,2026-09-05,
[SET]_[SN]_Carrossel_Oferta - Estoque,2026-09-04,active,campaign,AUTOPLUS [FORD] CONCÓRDIA,171365955111522,34.62,2853,2049,47,0.73659574,Conversas por mensagem iniciadas,5,6.924,2026-09-04,2026-09-04,
[SET]_[N]_Card_Oferta -- R/T/M,2026-09-04,active,campaign,AUTOPLUS [FORD] CONCÓRDIA,171365955111522,45.66,3164,2053,24,1.9025,Conversas por mensagem iniciadas,2,22.83,2026-09-04,2026-09-04,
[SET]_[SN]_Card_Condição - Lote,2026-09-04,active,campaign,AUTOPLUS [FORD] CONCÓRDIA,171365955111522,16.02,1026,759,8,2.0025,Conversas por mensagem iniciadas,1,16.02,2026-09-04,2026-09-04,
[SET]_[N]_Vt_Modelo - [M/R/T],2026-09-04,active,campaign,AUTOPLUS [FORD] CONCÓRDIA,171365955111522,51.2,4315,3604,366,0.13989071,Conversas por mensagem iniciadas,1,51.2,2026-09-04,2026-09-04,
[SET]_[SN]_Carrossel_Oferta - Estoque [TP],2026-09-04,active,campaign,AUTOPLUS [FORD] CONCÓRDIA,171365955111522,6.79,624,515,12,0.56583333,,,,2026-09-04,2026-09-04,
[SET]_[SN]_Carrossel_Oferta - Estoque [TP],2026-09-03,active,campaign,AUTOPLUS [FORD] CONCÓRDIA,171365955111522,8.31,700,581,10,0.831,Conversas por mensagem iniciadas,3,2.77,2026-09-03,2026-09-03,
[SET]_[SN]_Carrossel_Oferta - Estoque,2026-09-03,active,campaign,AUTOPLUS [FORD] CONCÓRDIA,171365955111522,42.51,3589,2404,55,0.77290909,Conversas por mensagem iniciadas,2,21.255,2026-09-03,2026-09-03,
[SET]_[SN]_Card_Condição - Lote,2026-09-03,active,campaign,AUTOPLUS [FORD] CONCÓRDIA,171365955111522,25.4,1805,1501,21,1.20952381,Conversas por mensagem iniciadas,1,25.4,2026-09-03,2026-09-03,
[SET]_[N]_Card_Oferta -- R/T/M,2026-09-03,active,campaign,AUTOPLUS [FORD] CONCÓRDIA,171365955111522,60.2,4568,3307,50,1.204,Conversas por mensagem iniciadas,12,5.01666667,2026-09-03,2026-09-03,
[SET]_[SN]_Card_Condição - Lote,2026-09-02,active,campaign,AUTOPLUS [FORD] CONCÓRDIA,171365955111522,22.47,2088,1828,8,2.80875,,,,2026-09-02,2026-09-02,
[SET]_[N]_Card_Oferta -- R/T/M,2026-09-02,active,campaign,AUTOPLUS [FORD] CONCÓRDIA,171365955111522,61.48,5981,4480,52,1.18230769,Conversas por mensagem iniciadas,7,8.78285714,2026-09-02,2026-09-02,
[SET]_[SN]_Carrossel_Oferta - Estoque,2026-09-02,active,campaign,AUTOPLUS [FORD] CONCÓRDIA,171365955111522,38.6,3541,2423,61,0.63278689,Conversas por mensagem iniciadas,3,12.86666667,2026-09-02,2026-09-02,
[SET]_[SN]_Carrossel_Oferta - Estoque [TP],2026-09-02,active,campaign,AUTOPLUS [FORD] CONCÓRDIA,171365955111522,10.71,1147,963,11,0.97363636,Conversas por mensagem iniciadas,3,3.57,2026-09-02,2026-09-02,
[SET]_[SN]_Carrossel_Oferta - Estoque,2026-09-01,active,campaign,AUTOPLUS [FORD] CONCÓRDIA,171365955111522,42.85,3866,2788,87,0.49252874,Conversas por mensagem iniciadas,5,8.57,2026-09-01,2026-09-01,
[SET]_[SN]_Card_Condição - Lote,2026-09-01,active,campaign,AUTOPLUS [FORD] CONCÓRDIA,171365955111522,23.41,1827,1643,10,2.341,Conversas por mensagem iniciadas,1,23.41,2026-09-01,2026-09-01,
[SET]_[SN]_Carrossel_Oferta - Estoque [TP],2026-09-01,active,campaign,AUTOPLUS [FORD] CONCÓRDIA,171365955111522,14.59,1156,961,24,0.60791667,Conversas por mensagem iniciadas,1,14.59,2026-09-01,2026-09-01,
[SET]_[N]_Card_Oferta -- R/T/M,2026-09-01,active,campaign,AUTOPLUS [FORD] CONCÓRDIA,171365955111522,73.56,6983,5267,76,0.96789474,Conversas por mensagem iniciadas,9,8.17333333,2026-09-01,2026-09-01,
[SET]_[N]_Card_Oferta - Feirão,2026-09-30,active,campaign,AUTOPLUS [FORD] CAÇADOR,596131121400908,4.84,364,291,2,2.42,,,,2026-09-30,2026-09-30,
[SET]_[N]_Vt_Oferta - M/T/R,2026-09-30,active,campaign,AUTOPLUS [FORD] CAÇADOR,596131121400908,1.91,38,30,,,,,,2026-09-30,2026-09-30,
[SET]_[SN]_Carrossel_Oferta - Estoque [TP],2026-09-30,active,campaign,AUTOPLUS [FORD] CAÇADOR,596131121400908,1.45,55,50,1,1.45,,,,2026-09-30,2026-09-30,
[SET]_[SN]_Card_Condição - Lote,2026-09-30,active,campaign,AUTOPLUS [FORD] CAÇADOR,596131121400908,0.2,14,11,,,,,,2026-09-30,2026-09-30,
[SET]_[N]_Card_Oferta - R/T/M,2026-09-30,active,campaign,AUTOPLUS [FORD] CAÇADOR,596131121400908,6.45,314,244,5,1.29,,,,2026-09-30,2026-09-30,
[SET]_[SN]_Carrossel_Oferta - Estoque,2026-09-30,active,campaign,AUTOPLUS [FORD] CAÇADOR,596131121400908,6.61,514,337,15,0.44066667,Conversas por mensagem iniciadas,2,3.305,2026-09-30,2026-09-30,
[SET]_[N]_Card_Oferta - R/T/M,2026-09-29,active,campaign,AUTOPLUS [FORD] CAÇADOR,596131121400908,52.49,3354,2233,27,1.94407407,Conversas por mensagem iniciadas,3,17.49666667,2026-09-29,2026-09-29,
[SET]_[SN]_Carrossel_Oferta - Estoque,2026-09-29,active,campaign,AUTOPLUS [FORD] CAÇADOR,596131121400908,56.44,3789,2063,92,0.61347826,Conversas por mensagem iniciadas,7,8.06285714,2026-09-29,2026-09-29,
[SET]_[SN]_Card_Condição - Lote,2026-09-29,active,campaign,AUTOPLUS [FORD] CAÇADOR,596131121400908,17.7,845,657,5,3.54,Conversas por mensagem iniciadas,1,17.7,2026-09-29,2026-09-29,
[SET]_[SN]_Carrossel_Oferta - Estoque [TP],2026-09-29,active,campaign,AUTOPLUS [FORD] CAÇADOR,596131121400908,9.68,640,506,7,1.38285714,Conversas por mensagem iniciadas,2,4.84,2026-09-29,2026-09-29,
[SET]_[N]_Vt_Oferta - M/T/R,2026-09-29,active,campaign,AUTOPLUS [FORD] CAÇADOR,596131121400908,12.04,239,195,10,1.204,Conversas por mensagem iniciadas,2,6.02,2026-09-29,2026-09-29,
[SET]_[N]_Card_Oferta - Feirão,2026-09-29,active,campaign,AUTOPLUS [FORD] CAÇADOR,596131121400908,42.62,2368,1666,23,1.85304348,Conversas por mensagem iniciadas,3,14.20666667,2026-09-29,2026-09-29,
[SET]_[N]_Card_Oferta - Feirão,2026-09-28,active,campaign,AUTOPLUS [FORD] CAÇADOR,596131121400908,47.91,3953,2850,26,1.84269231,Conversas por mensagem iniciadas,1,47.91,2026-09-28,2026-09-28,
[SET]_[N]_Vt_Oferta - M/T/R,2026-09-28,active,campaign,AUTOPLUS [FORD] CAÇADOR,596131121400908,33.97,517,449,26,1.30653846,Conversas por mensagem iniciadas,3,11.32333333,2026-09-28,2026-09-28,
[SET]_[SN]_Carrossel_Oferta - Estoque [TP],2026-09-28,active,campaign,AUTOPLUS [FORD] CAÇADOR,596131121400908,12.85,757,634,6,2.14166667,,,,2026-09-28,2026-09-28,
[SET]_[SN]_Card_Condição - Lote,2026-09-28,active,campaign,AUTOPLUS [FORD] CAÇADOR,596131121400908,26.52,1029,806,2,13.26,Conversas por mensagem iniciadas,1,26.52,2026-09-28,2026-09-28,
[SET]_[N]_Card_Oferta - R/T/M,2026-09-28,active,campaign,AUTOPLUS [FORD] CAÇADOR,596131121400908,56.9,5004,3345,49,1.16122449,Conversas por mensagem iniciadas,3,18.96666667,2026-09-28,2026-09-28,
[SET]_[SN]_Carrossel_Oferta - Estoque,2026-09-28,active,campaign,AUTOPLUS [FORD] CAÇADOR,596131121400908,61.91,4564,2760,101,0.6129703,Conversas por mensagem iniciadas,9,6.87888889,2026-09-28,2026-09-28,
[SET]_[SN]_Card_Condição - Lote,2026-09-27,active,campaign,AUTOPLUS [FORD] CAÇADOR,596131121400908,29.71,1550,1164,9,3.30111111,Conversas por mensagem iniciadas,2,14.855,2026-09-27,2026-09-27,
[SET]_[SN]_Carrossel_Oferta - Estoque,2026-09-27,active,campaign,AUTOPLUS [FORD] CAÇADOR,596131121400908,55.34,4557,2818,87,0.63609195,Conversas por mensagem iniciadas,4,13.835,2026-09-27,2026-09-27,
[SET]_[N]_Card_Oferta - R/T/M,2026-09-27,active,campaign,AUTOPLUS [FORD] CAÇADOR,596131121400908,58.11,5322,3657,47,1.23638298,Conversas por mensagem iniciadas,2,29.055,2026-09-27,2026-09-27,
[SET]_[N]_Card_Oferta - Feirão,2026-09-27,active,campaign,AUTOPLUS [FORD] CAÇADOR,596131121400908,40.89,3650,2756,25,1.6356,Conversas por mensagem iniciadas,3,13.63,2026-09-27,2026-09-27,
[SET]_[SN]_Carrossel_Oferta - Estoque [TP],2026-09-27,active,campaign,AUTOPLUS [FORD] CAÇADOR,596131121400908,12.77,905,746,14,0.91214286,Conversas por mensagem iniciadas,1,12.77,2026-09-27,2026-09-27,
[SET]_[N]_Vt_Oferta - M/T/R,2026-09-27,active,campaign,AUTOPLUS [FORD] CAÇADOR,596131121400908,49.83,1086,870,29,1.71827586,Conversas por mensagem iniciadas,3,16.61,2026-09-27,2026-09-27,
[SET]_[N]_Card_Oferta - Feirão,2026-09-26,active,campaign,AUTOPLUS [FORD] CAÇADOR,596131121400908,26.32,2771,2008,14,1.88,Conversas por mensagem iniciadas,2,13.16,2026-09-26,2026-09-26,
[SET]_[N]_Vt_Oferta - M/T/R,2026-09-26,active,campaign,AUTOPLUS [FORD] CAÇADOR,596131121400908,21.01,515,419,8,2.62625,Conversas por mensagem iniciadas,2,10.505,2026-09-26,2026-09-26,
[SET]_[SN]_Carrossel_Oferta - Estoque [TP],2026-09-26,active,campaign,AUTOPLUS [FORD] CAÇADOR,596131121400908,4.61,322,263,3,1.53666667,,,,2026-09-26,2026-09-26,
[SET]_[SN]_Card_Condição - Lote,2026-09-26,active,campaign,AUTOPLUS [FORD] CAÇADOR,596131121400908,7.87,474,385,2,3.935,,,,2026-09-26,2026-09-26,
[SET]_[N]_Card_Oferta - R/T/M,2026-09-26,active,campaign,AUTOPLUS [FORD] CAÇADOR,596131121400908,25.48,1971,1418,19,1.34105263,Conversas por mensagem iniciadas,2,12.74,2026-09-26,2026-09-26,
[SET]_[SN]_Carrossel_Oferta - Estoque,2026-09-26,active,campaign,AUTOPLUS [FORD] CAÇADOR,596131121400908,31.03,2591,1675,40,0.77575,Conversas por mensagem iniciadas,1,31.03,2026-09-26,2026-09-26,
[SET]_[N]_Card_Oferta - Feirão,2026-09-25,active,campaign,AUTOPLUS [FORD] CAÇADOR,596131121400908,33.4,2783,1875,28,1.19285714,Conversas por mensagem iniciadas,2,16.7,2026-09-25,2026-09-25,
[SET]_[N]_Vt_Oferta - M/T/R,2026-09-25,active,campaign,AUTOPLUS [FORD] CAÇADOR,596131121400908,28.85,526,414,21,1.37380952,Conversas por mensagem iniciadas,4,7.2125,2026-09-25,2026-09-25,
[SET]_[SN]_Carrossel_Oferta - Estoque [TP],2026-09-25,active,campaign,AUTOPLUS [FORD] CAÇADOR,596131121400908,7.82,486,390,6,1.30333333,Conversas por mensagem iniciadas,1,7.82,2026-09-25,2026-09-25,
[SET]_[SN]_Card_Condição - Lote,2026-09-25,active,campaign,AUTOPLUS [FORD] CAÇADOR,596131121400908,14.63,790,623,7,2.09,Conversas por mensagem iniciadas,2,7.315,2026-09-25,2026-09-25,
[SET]_[N]_Card_Oferta - R/T/M,2026-09-25,active,campaign,AUTOPLUS [FORD] CAÇADOR,596131121400908,33.64,2580,1908,24,1.40166667,Conversas por mensagem iniciadas,2,16.82,2026-09-25,2026-09-25,
[SET]_[SN]_Carrossel_Oferta - Estoque,2026-09-25,active,campaign,AUTOPLUS [FORD] CAÇADOR,596131121400908,43.51,2883,1686,64,0.67984375,Conversas por mensagem iniciadas,5,8.702,2026-09-25,2026-09-25,
[SET]_[N]_Card_Oferta - R/T/M,2026-09-24,active,campaign,AUTOPLUS [FORD] CAÇADOR,596131121400908,35.16,2432,1668,29,1.21241379,Conversas por mensagem iniciadas,4,8.79,2026-09-24,2026-09-24,
[SET]_[SN]_Carrossel_Oferta - Estoque,2026-09-24,active,campaign,AUTOPLUS [FORD] CAÇADOR,596131121400908,44.17,3188,1960,43,1.0272093,Conversas por mensagem iniciadas,3,14.72333333,2026-09-24,2026-09-24,
[SET]_[SN]_Card_Condição - Lote,2026-09-24,active,campaign,AUTOPLUS [FORD] CAÇADOR,596131121400908,17.01,914,706,5,3.402,Conversas por mensagem iniciadas,1,17.01,2026-09-24,2026-09-24,
[SET]_[SN]_Carrossel_Oferta - Estoque [TP],2026-09-24,active,campaign,AUTOPLUS [FORD] CAÇADOR,596131121400908,9.89,599,476,11,0.89909091,Conversas por mensagem iniciadas,4,2.4725,2026-09-24,2026-09-24,
[SET]_[N]_Vt_Oferta - M/T/R,2026-09-24,active,campaign,AUTOPLUS [FORD] CAÇADOR,596131121400908,34.9,669,521,15,2.32666667,Conversas por mensagem iniciadas,3,11.63333333,2026-09-24,2026-09-24,
[SET]_[N]_Card_Oferta - Feirão,2026-09-24,active,campaign,AUTOPLUS [FORD] CAÇADOR,596131121400908,35.58,2209,1595,25,1.4232,Conversas por mensagem iniciadas,2,17.79,2026-09-24,2026-09-24,
[SET]_[SN]_Card_Condição - Lote,2026-09-23,active,campaign,AUTOPLUS [FORD] CAÇADOR,596131121400908,20.24,1011,800,7,2.89142857,Conversas por mensagem iniciadas,1,20.24,2026-09-23,2026-09-23,
[SET]_[SN]_Carrossel_Oferta - Estoque,2026-09-23,active,campaign,AUTOPLUS [FORD] CAÇADOR,596131121400908,49.12,3564,2079,54,0.90962963,Conversas por mensagem iniciadas,1,49.12,2026-09-23,2026-09-23,
[SET]_[N]_Card_Oferta - R/T/M,2026-09-23,active,campaign,AUTOPLUS [FORD] CAÇADOR,596131121400908,42.67,2968,2144,22,1.93954545,Conversas por mensagem iniciadas,4,10.6675,2026-09-23,2026-09-23,
[SET]_[SN]_Carrossel_Oferta - Estoque [TP],2026-09-23,active,campaign,AUTOPLUS [FORD] CAÇADOR,596131121400908,10.54,654,512,4,2.635,,,,2026-09-23,2026-09-23,
[SET]_[N]_Vt_Oferta - M/T/R,2026-09-23,active,campaign,AUTOPLUS [FORD] CAÇADOR,596131121400908,42.4,816,611,21,2.01904762,Conversas por mensagem iniciadas,2,21.2,2026-09-23,2026-09-23,
[SET]_[N]_Card_Oferta - Feirão,2026-09-23,active,campaign,AUTOPLUS [FORD] CAÇADOR,596131121400908,37.2,2330,1637,21,1.77142857,,,,2026-09-23,2026-09-23,
[SET]_[N]_Card_Oferta - Feirão,2026-09-22,active,campaign,AUTOPLUS [FORD] CAÇADOR,596131121400908,53.17,4657,3268,43,1.23651163,Conversas por mensagem iniciadas,5,10.634,2026-09-22,2026-09-22,
[SET]_[N]_Vt_Oferta - M/T/R,2026-09-22,active,campaign,AUTOPLUS [FORD] CAÇADOR,596131121400908,57.89,1177,912,25,2.3156,Conversas por mensagem iniciadas,4,14.4725,2026-09-22,2026-09-22,
[SET]_[SN]_Carrossel_Oferta - Estoque [TP],2026-09-22,active,campaign,AUTOPLUS [FORD] CAÇADOR,596131121400908,13.3,892,704,6,2.21666667,Conversas por mensagem iniciadas,1,13.3,2026-09-22,2026-09-22,
[SET]_[SN]_Card_Condição - Lote,2026-09-22,active,campaign,AUTOPLUS [FORD] CAÇADOR,596131121400908,26.58,1473,1150,12,2.215,Conversas por mensagem iniciadas,2,13.29,2026-09-22,2026-09-22,
[SET]_[N]_Card_Oferta - R/T/M,2026-09-22,active,campaign,AUTOPLUS [FORD] CAÇADOR,596131121400908,53.88,4925,3649,40,1.347,Conversas por mensagem iniciadas,2,26.94,2026-09-22,2026-09-22,
[SET]_[SN]_Carrossel_Oferta - Estoque,2026-09-22,active,campaign,AUTOPLUS [FORD] CAÇADOR,596131121400908,64.21,4787,2827,84,0.76440476,Conversas por mensagem iniciadas,3,21.40333333,2026-09-22,2026-09-22,
[SET]_[SN]_Card_Condição - Lote,2026-09-21,active,campaign,AUTOPLUS [FORD] CAÇADOR,596131121400908,31.01,1260,955,8,3.87625,Conversas por mensagem iniciadas,2,15.505,2026-09-21,2026-09-21,
[SET]_[SN]_Carrossel_Oferta - Estoque,2026-09-21,active,campaign,AUTOPLUS [FORD] CAÇADOR,596131121400908,46.1,3935,2710,74,0.62297297,Conversas por mensagem iniciadas,5,9.22,2026-09-21,2026-09-21,
[SET]_[N]_Card_Oferta - R/T/M,2026-09-21,active,campaign,AUTOPLUS [FORD] CAÇADOR,596131121400908,78.86,7184,5381,59,1.33661017,Conversas por mensagem iniciadas,4,19.715,2026-09-21,2026-09-21,
[SET]_[SN]_Carrossel_Oferta - Estoque [TP],2026-09-21,active,campaign,AUTOPLUS [FORD] CAÇADOR,596131121400908,10.25,756,625,11,0.93181818,,,,2026-09-21,2026-09-21,
[SET]_[N]_Card_Oferta - Feirão,2026-09-21,active,campaign,AUTOPLUS [FORD] CAÇADOR,596131121400908,50.83,4456,3311,44,1.15522727,Conversas por mensagem iniciadas,5,10.166,2026-09-21,2026-09-21,
[SET]_[N]_Vt_Oferta - M/T/R,2026-09-21,active,campaign,AUTOPLUS [FORD] CAÇADOR,596131121400908,68.03,1318,1049,45,1.51177778,Conversas por mensagem iniciadas,5,13.606,2026-09-21,2026-09-21,
[SET]_[N]_Card_Oferta - Feirão,2026-09-20,active,campaign,AUTOPLUS [FORD] CAÇADOR,596131121400908,43.49,3828,2768,13,3.34538462,,,,2026-09-20,2026-09-20,
[SET]_[N]_Vt_Oferta - M/T/R,2026-09-20,active,campaign,AUTOPLUS [FORD] CAÇADOR,596131121400908,72.64,1262,945,25,2.9056,Conversas por mensagem iniciadas,3,24.21333333,2026-09-20,2026-09-20,
[SET]_[SN]_Carrossel_Oferta - Estoque [TP],2026-09-20,active,campaign,AUTOPLUS [FORD] CAÇADOR,596131121400908,13.54,891,716,21,0.6447619,Conversas por mensagem iniciadas,1,13.54,2026-09-20,2026-09-20,
[SET]_[SN]_Card_Condição - Lote,2026-09-20,active,campaign,AUTOPLUS [FORD] CAÇADOR,596131121400908,22.64,1134,892,11,2.05818182,Conversas por mensagem iniciadas,2,11.32,2026-09-20,2026-09-20,
[SET]_[N]_Card_Oferta - R/T/M,2026-09-20,active,campaign,AUTOPLUS [FORD] CAÇADOR,596131121400908,86.34,8228,6033,61,1.41540984,Conversas por mensagem iniciadas,4,21.585,2026-09-20,2026-09-20,
[SET]_[SN]_Carrossel_Oferta - Estoque,2026-09-20,active,campaign,AUTOPLUS [FORD] CAÇADOR,596131121400908,26.35,2157,1637,38,0.69342105,Conversas por mensagem iniciadas,2,13.175,2026-09-20,2026-09-20,
[SET]_[SN]_Card_Condição - Lote,2026-09-19,active,campaign,AUTOPLUS [FORD] CAÇADOR,596131121400908,7.25,407,303,4,1.8125,Conversas por mensagem iniciadas,1,7.25,2026-09-19,2026-09-19,
[SET]_[SN]_Carrossel_Oferta - Estoque,2026-09-19,active,campaign,AUTOPLUS [FORD] CAÇADOR,596131121400908,9.94,983,807,17,0.58470588,,,,2026-09-19,2026-09-19,
[SET]_[N]_Card_Oferta - R/T/M,2026-09-19,active,campaign,AUTOPLUS [FORD] CAÇADOR,596131121400908,54.01,4583,3267,46,1.17413043,Conversas por mensagem iniciadas,6,9.00166667,2026-09-19,2026-09-19,
[SET]_[N]_Vt_Oferta - M/T/R,2026-09-19,active,campaign,AUTOPLUS [FORD] CAÇADOR,596131121400908,35.3,813,613,23,1.53478261,Conversas por mensagem iniciadas,4,8.825,2026-09-19,2026-09-19,
[SET]_[SN]_Carrossel_Oferta - Estoque [TP],2026-09-19,active,campaign,AUTOPLUS [FORD] CAÇADOR,596131121400908,3.31,333,285,9,0.36777778,,,,2026-09-19,2026-09-19,
[SET]_[N]_Card_Oferta - Feirão,2026-09-19,active,campaign,AUTOPLUS [FORD] CAÇADOR,596131121400908,37.78,3427,2340,32,1.180625,Conversas por mensagem iniciadas,6,6.29666667,2026-09-19,2026-09-19,
[SET]_[N]_Card_Oferta - Feirão,2026-09-18,active,campaign,AUTOPLUS [FORD] CAÇADOR,596131121400908,40.1,3486,2473,25,1.604,Conversas por mensagem iniciadas,1,40.1,2026-09-18,2026-09-18,
[SET]_[N]_Vt_Oferta - M/T/R,2026-09-18,active,campaign,AUTOPLUS [FORD] CAÇADOR,596131121400908,45.93,809,615,19,2.41736842,Conversas por mensagem iniciadas,2,22.965,2026-09-18,2026-09-18,
[SET]_[SN]_Carrossel_Oferta - Estoque [TP],2026-09-18,active,campaign,AUTOPLUS [FORD] CAÇADOR,596131121400908,6.92,505,425,8,0.865,Conversas por mensagem iniciadas,1,6.92,2026-09-18,2026-09-18,
[SET]_[SN]_Card_Condição - Lote,2026-09-18,active,campaign,AUTOPLUS [FORD] CAÇADOR,596131121400908,13.7,581,479,4,3.425,,,,2026-09-18,2026-09-18,
[SET]_[N]_Card_Oferta - R/T/M,2026-09-18,active,campaign,AUTOPLUS [FORD] CAÇADOR,596131121400908,58.63,4516,3138,32,1.8321875,Conversas por mensagem iniciadas,9,6.51444444,2026-09-18,2026-09-18,
[SET]_[SN]_Carrossel_Oferta - Estoque,2026-09-18,active,campaign,AUTOPLUS [FORD] CAÇADOR,596131121400908,17.89,1277,974,27,0.66259259,Conversas por mensagem iniciadas,6,2.98166667,2026-09-18,2026-09-18,
[SET]_[N]_Vt_Oferta - M/T/R,2026-09-17,active,campaign,AUTOPLUS [FORD] CAÇADOR,596131121400908,57.19,1128,788,31,1.84483871,Conversas por mensagem iniciadas,6,9.53166667,2026-09-17,2026-09-17,
[SET]_[N]_Card_Oferta - Feirão,2026-09-17,active,campaign,AUTOPLUS [FORD] CAÇADOR,596131121400908,39.08,3535,2309,28,1.39571429,Conversas por mensagem iniciadas,2,19.54,2026-09-17,2026-09-17,
[SET]_[SN]_Carrossel_Oferta - Estoque [TP],2026-09-17,active,campaign,AUTOPLUS [FORD] CAÇADOR,596131121400908,9.05,633,527,13,0.69615385,Conversas por mensagem iniciadas,1,9.05,2026-09-17,2026-09-17,
[SET]_[SN]_Card_Condição - Lote,2026-09-17,active,campaign,AUTOPLUS [FORD] CAÇADOR,596131121400908,18.25,892,717,12,1.52083333,Conversas por mensagem iniciadas,1,18.25,2026-09-17,2026-09-17,
[SET]_[N]_Card_Oferta - R/T/M,2026-09-17,active,campaign,AUTOPLUS [FORD] CAÇADOR,596131121400908,69.35,6636,4515,65,1.06692308,Conversas por mensagem iniciadas,4,17.3375,2026-09-17,2026-09-17,
[SET]_[SN]_Carrossel_Oferta - Estoque,2026-09-17,active,campaign,AUTOPLUS [FORD] CAÇADOR,596131121400908,21.14,1537,1162,32,0.660625,Conversas por mensagem iniciadas,1,21.14,2026-09-17,2026-09-17,
[SET]_[N]_Card_Oferta - Feirão,2026-09-16,active,campaign,AUTOPLUS [FORD] CAÇADOR,596131121400908,14.2,1599,1211,10,1.42,Conversas por mensagem iniciadas,1,14.2,2026-09-16,2026-09-16,
[SET]_[N]_Vt_Oferta - M/T/R,2026-09-16,active,campaign,AUTOPLUS [FORD] CAÇADOR,596131121400908,69.58,1595,1102,42,1.65666667,Conversas por mensagem iniciadas,4,17.395,2026-09-16,2026-09-16,
[SET]_[SN]_Carrossel_Oferta - Estoque [TP],2026-09-16,active,campaign,AUTOPLUS [FORD] CAÇADOR,596131121400908,10.38,741,600,18,0.57666667,Conversas por mensagem iniciadas,1,10.38,2026-09-16,2026-09-16,
[SET]_[SN]_Card_Condição - Lote,2026-09-16,active,campaign,AUTOPLUS [FORD] CAÇADOR,596131121400908,22.21,871,676,9,2.46777778,Conversas por mensagem iniciadas,2,11.105,2026-09-16,2026-09-16,
[SET]_[N]_Card_Oferta - R/T/M,2026-09-16,active,campaign,AUTOPLUS [FORD] CAÇADOR,596131121400908,81.76,7899,5401,68,1.20235294,Conversas por mensagem iniciadas,8,10.22,2026-09-16,2026-09-16,
[SET]_[SN]_Carrossel_Oferta - Estoque,2026-09-16,active,campaign,AUTOPLUS [FORD] CAÇADOR,596131121400908,23.32,1847,1416,28,0.83285714,Conversas por mensagem iniciadas,2,11.66,2026-09-16,2026-09-16,
[SET]_[N]_Card_Oferta - R/T/M,2026-09-15,active,campaign,AUTOPLUS [FORD] CAÇADOR,596131121400908,95.72,8167,5768,81,1.1817284,Conversas por mensagem iniciadas,2,47.86,2026-09-15,2026-09-15,
[SET]_[SN]_Carrossel_Oferta - Estoque,2026-09-15,active,campaign,AUTOPLUS [FORD] CAÇADOR,596131121400908,28.84,1847,1487,27,1.06814815,Conversas por mensagem iniciadas,3,9.61333333,2026-09-15,2026-09-15,
[SET]_[N]_Vt_Oferta - M/T/R,2026-09-15,active,campaign,AUTOPLUS [FORD] CAÇADOR,596131121400908,77.84,2209,1725,52,1.49692308,Conversas por mensagem iniciadas,4,19.46,2026-09-15,2026-09-15,
[SET]_[SN]_Card_Condição - Lote,2026-09-15,active,campaign,AUTOPLUS [FORD] CAÇADOR,596131121400908,24.92,934,749,7,3.56,,,,2026-09-15,2026-09-15,
[SET]_[SN]_Carrossel_Oferta - Estoque [TP],2026-09-15,active,campaign,AUTOPLUS [FORD] CAÇADOR,596131121400908,13.53,798,678,14,0.96642857,,,,2026-09-15,2026-09-15,
[SET]_[N]_Vt_Oferta - M/T/R,2026-09-14,active,campaign,AUTOPLUS [FORD] CAÇADOR,596131121400908,74.02,2055,1533,60,1.23366667,Conversas por mensagem iniciadas,6,12.33666667,2026-09-14,2026-09-14,
[SET]_[SN]_Carrossel_Oferta - Estoque [TP],2026-09-14,active,campaign,AUTOPLUS [FORD] CAÇADOR,596131121400908,14.47,559,456,7,2.06714286,,,,2026-09-14,2026-09-14,
[SET]_[SN]_Card_Condição - Lote,2026-09-14,active,campaign,AUTOPLUS [FORD] CAÇADOR,596131121400908,29.87,911,733,6,4.97833333,,,,2026-09-14,2026-09-14,
[SET]_[N]_Card_Oferta - R/T/M,2026-09-14,active,campaign,AUTOPLUS [FORD] CAÇADOR,596131121400908,99.34,7717,4952,76,1.30710526,Conversas por mensagem iniciadas,4,24.835,2026-09-14,2026-09-14,
[SET]_[SN]_Carrossel_Oferta - Estoque,2026-09-14,active,campaign,AUTOPLUS [FORD] CAÇADOR,596131121400908,27.85,1588,1264,30,0.92833333,Conversas por mensagem iniciadas,3,9.28333333,2026-09-14,2026-09-14,
[SET]_[N]_Card_Oferta - R/T/M,2026-09-13,active,campaign,AUTOPLUS [FORD] CAÇADOR,596131121400908,61.81,5602,3625,47,1.31510638,Conversas por mensagem iniciadas,4,15.4525,2026-09-13,2026-09-13,
[SET]_[SN]_Carrossel_Oferta - Estoque,2026-09-13,active,campaign,AUTOPLUS [FORD] CAÇADOR,596131121400908,24.96,1716,1256,31,0.80516129,Conversas por mensagem iniciadas,3,8.32,2026-09-13,2026-09-13,
[SET]_[N]_Vt_Oferta - M/T/R,2026-09-13,active,campaign,AUTOPLUS [FORD] CAÇADOR,596131121400908,59.95,1579,1178,45,1.33222222,Conversas por mensagem iniciadas,2,29.975,2026-09-13,2026-09-13,
[SET]_[SN]_Card_Condição - Lote,2026-09-13,active,campaign,AUTOPLUS [FORD] CAÇADOR,596131121400908,23.8,944,766,3,7.93333333,,,,2026-09-13,2026-09-13,
[SET]_[SN]_Carrossel_Oferta - Estoque [TP],2026-09-13,active,campaign,AUTOPLUS [FORD] CAÇADOR,596131121400908,12.26,742,640,6,2.04333333,Conversas por mensagem iniciadas,1,12.26,2026-09-13,2026-09-13,
[SET]_[N]_Vt_Oferta - M/T/R,2026-09-12,active,campaign,AUTOPLUS [FORD] CAÇADOR,596131121400908,31.67,876,665,20,1.5835,Conversas por mensagem iniciadas,2,15.835,2026-09-12,2026-09-12,
[SET]_[SN]_Carrossel_Oferta - Estoque [TP],2026-09-12,active,campaign,AUTOPLUS [FORD] CAÇADOR,596131121400908,3.75,350,292,4,0.9375,,,,2026-09-12,2026-09-12,
[SET]_[SN]_Card_Condição - Lote,2026-09-12,active,campaign,AUTOPLUS [FORD] CAÇADOR,596131121400908,4.83,354,283,4,1.2075,,,,2026-09-12,2026-09-12,
[SET]_[N]_Card_Oferta - R/T/M,2026-09-12,active,campaign,AUTOPLUS [FORD] CAÇADOR,596131121400908,39.6,3277,2401,30,1.32,Conversas por mensagem iniciadas,4,9.9,2026-09-12,2026-09-12,
[SET]_[SN]_Carrossel_Oferta - Estoque,2026-09-12,active,campaign,AUTOPLUS [FORD] CAÇADOR,596131121400908,8.89,823,640,13,0.68384615,,,,2026-09-12,2026-09-12,
[SET]_[SN]_Carrossel_Oferta - Estoque,2026-09-11,active,campaign,AUTOPLUS [FORD] CAÇADOR,596131121400908,17.57,1234,1001,23,0.76391304,Conversas por mensagem iniciadas,1,17.57,2026-09-11,2026-09-11,
[SET]_[N]_Card_Oferta - R/T/M,2026-09-11,active,campaign,AUTOPLUS [FORD] CAÇADOR,596131121400908,52.63,4642,3347,43,1.22395349,Conversas por mensagem iniciadas,6,8.77166667,2026-09-11,2026-09-11,
[SET]_[SN]_Carrossel_Oferta - Estoque [TP],2026-09-11,active,campaign,AUTOPLUS [FORD] CAÇADOR,596131121400908,6.96,540,426,6,1.16,Conversas por mensagem iniciadas,1,6.96,2026-09-11,2026-09-11,
[SET]_[SN]_Card_Condição - Lote,2026-09-11,active,campaign,AUTOPLUS [FORD] CAÇADOR,596131121400908,22.14,1298,1102,5,4.428,,,,2026-09-11,2026-09-11,
[SET]_[N]_Vt_Oferta - M/T/R,2026-09-11,active,campaign,AUTOPLUS [FORD] CAÇADOR,596131121400908,44.06,1048,740,26,1.69461538,Conversas por mensagem iniciadas,7,6.29428571,2026-09-11,2026-09-11,
[SET]_[N]_Vt_Oferta - M/T/R,2026-09-10,active,campaign,AUTOPLUS [FORD] CAÇADOR,596131121400908,68.62,1294,861,32,2.144375,Conversas por mensagem iniciadas,9,7.62444444,2026-09-10,2026-09-10,
[SET]_[SN]_Carrossel_Oferta - Estoque [TP],2026-09-10,active,campaign,AUTOPLUS [FORD] CAÇADOR,596131121400908,10.87,884,683,6,1.81166667,,,,2026-09-10,2026-09-10,
[SET]_[SN]_Card_Condição - Lote,2026-09-10,active,campaign,AUTOPLUS [FORD] CAÇADOR,596131121400908,22.67,1436,1145,7,3.23857143,,,,2026-09-10,2026-09-10,
[SET]_[N]_Card_Oferta - R/T/M,2026-09-10,active,campaign,AUTOPLUS [FORD] CAÇADOR,596131121400908,66.22,5653,3682,29,2.28344828,Conversas por mensagem iniciadas,2,33.11,2026-09-10,2026-09-10,
[SET]_[SN]_Carrossel_Oferta - Estoque,2026-09-10,active,campaign,AUTOPLUS [FORD] CAÇADOR,596131121400908,23.58,2015,1462,38,0.62052632,Conversas por mensagem iniciadas,3,7.86,2026-09-10,2026-09-10,
[SET]_[N]_Card_Oferta - R/T/M,2026-09-09,active,campaign,AUTOPLUS [FORD] CAÇADOR,596131121400908,81.24,6842,4956,72,1.12833333,Conversas por mensagem iniciadas,5,16.248,2026-09-09,2026-09-09,
[SET]_[SN]_Carrossel_Oferta - Estoque,2026-09-09,active,campaign,AUTOPLUS [FORD] CAÇADOR,596131121400908,30.26,2382,1852,30,1.00866667,Conversas por mensagem iniciadas,2,15.13,2026-09-09,2026-09-09,
[SET]_[N]_Vt_Oferta - M/T/R,2026-09-09,active,campaign,AUTOPLUS [FORD] CAÇADOR,596131121400908,76.86,1694,1277,50,1.5372,Conversas por mensagem iniciadas,4,19.215,2026-09-09,2026-09-09,
[SET]_[SN]_Card_Condição - Lote,2026-09-09,active,campaign,AUTOPLUS [FORD] CAÇADOR,596131121400908,25.9,1634,1366,6,4.31666667,,,,2026-09-09,2026-09-09,
[SET]_[SN]_Carrossel_Oferta - Estoque [TP],2026-09-09,active,campaign,AUTOPLUS [FORD] CAÇADOR,596131121400908,13.61,811,645,7,1.94428571,,,,2026-09-09,2026-09-09,
[SET]_[N]_Vt_Oferta - M/T/R,2026-09-08,active,campaign,AUTOPLUS [FORD] CAÇADOR,596131121400908,70.85,2696,2256,159,0.44559748,Conversas por mensagem iniciadas,7,10.12142857,2026-09-08,2026-09-08,
[SET]_[SN]_Carrossel_Oferta - Estoque [TP],2026-09-08,active,campaign,AUTOPLUS [FORD] CAÇADOR,596131121400908,11.9,829,681,9,1.32222222,Conversas por mensagem iniciadas,1,11.9,2026-09-08,2026-09-08,
[SET]_[SN]_Card_Condição - Lote,2026-09-08,active,campaign,AUTOPLUS [FORD] CAÇADOR,596131121400908,24.52,2182,1820,10,2.452,,,,2026-09-08,2026-09-08,
[SET]_[N]_Card_Oferta - R/T/M,2026-09-08,active,campaign,AUTOPLUS [FORD] CAÇADOR,596131121400908,63.87,6416,4726,133,0.48022556,Conversas por mensagem iniciadas,5,12.774,2026-09-08,2026-09-08,
[SET]_[SN]_Carrossel_Oferta - Estoque,2026-09-08,active,campaign,AUTOPLUS [FORD] CAÇADOR,596131121400908,28.58,2687,2075,41,0.69707317,Conversas por mensagem iniciadas,3,9.52666667,2026-09-08,2026-09-08,
[SET]_[SN]_Card_Condição - Lote,2026-09-07,active,campaign,AUTOPLUS [FORD] CAÇADOR,596131121400908,20.01,1638,1368,18,1.11166667,Conversas por mensagem iniciadas,3,6.67,2026-09-07,2026-09-07,
[SET]_[SN]_Carrossel_Oferta - Estoque,2026-09-07,active,campaign,AUTOPLUS [FORD] CAÇADOR,596131121400908,21.57,2469,1941,39,0.55307692,Conversas por mensagem iniciadas,2,10.785,2026-09-07,2026-09-07,
[SET]_[N]_Card_Oferta - R/T/M,2026-09-07,active,campaign,AUTOPLUS [FORD] CAÇADOR,596131121400908,50.04,4212,3201,106,0.47207547,Conversas por mensagem iniciadas,3,16.68,2026-09-07,2026-09-07,
[SET]_[SN]_Carrossel_Oferta - Estoque [TP],2026-09-07,active,campaign,AUTOPLUS [FORD] CAÇADOR,596131121400908,10.9,880,695,9,1.21111111,Conversas por mensagem iniciadas,1,10.9,2026-09-07,2026-09-07,
[SET]_[N]_Vt_Oferta - M/T/R,2026-09-07,active,campaign,AUTOPLUS [FORD] CAÇADOR,596131121400908,56.87,2005,1637,169,0.33650888,Conversas por mensagem iniciadas,5,11.374,2026-09-07,2026-09-07,
[SET]_[N]_Vt_Oferta - M/T/R,2026-09-06,active,campaign,AUTOPLUS [FORD] CAÇADOR,596131121400908,70.69,2619,2141,175,0.40394286,Conversas por mensagem iniciadas,4,17.6725,2026-09-06,2026-09-06,
[SET]_[SN]_Carrossel_Oferta - Estoque [TP],2026-09-06,active,campaign,AUTOPLUS [FORD] CAÇADOR,596131121400908,12,1120,873,18,0.66666667,Conversas por mensagem iniciadas,4,3,2026-09-06,2026-09-06,
[SET]_[SN]_Card_Condição - Lote,2026-09-06,active,campaign,AUTOPLUS [FORD] CAÇADOR,596131121400908,19.92,1776,1450,18,1.10666667,Conversas por mensagem iniciadas,3,6.64,2026-09-06,2026-09-06,
[SET]_[N]_Card_Oferta - R/T/M,2026-09-06,active,campaign,AUTOPLUS [FORD] CAÇADOR,596131121400908,66.4,6895,4789,107,0.62056075,Conversas por mensagem iniciadas,2,33.2,2026-09-06,2026-09-06,
[SET]_[SN]_Carrossel_Oferta - Estoque,2026-09-06,active,campaign,AUTOPLUS [FORD] CAÇADOR,596131121400908,23.48,2873,2166,39,0.60205128,,,,2026-09-06,2026-09-06,
[SET]_[N]_Card_Oferta - R/T/M,2026-09-05,active,campaign,AUTOPLUS [FORD] CAÇADOR,596131121400908,38.23,3573,2630,59,0.6479661,Conversas por mensagem iniciadas,3,12.74333333,2026-09-05,2026-09-05,
[SET]_[SN]_Carrossel_Oferta - Estoque,2026-09-05,active,campaign,AUTOPLUS [FORD] CAÇADOR,596131121400908,9.54,1011,809,15,0.636,Conversas por mensagem iniciadas,1,9.54,2026-09-05,2026-09-05,
[SET]_[N]_Vt_Oferta - M/T/R,2026-09-05,active,campaign,AUTOPLUS [FORD] CAÇADOR,596131121400908,47.37,1877,1514,120,0.39475,Conversas por mensagem iniciadas,3,15.79,2026-09-05,2026-09-05,
[SET]_[SN]_Card_Condição - Lote,2026-09-05,active,campaign,AUTOPLUS [FORD] CAÇADOR,596131121400908,12.7,898,730,6,2.11666667,,,,2026-09-05,2026-09-05,
[SET]_[SN]_Carrossel_Oferta - Estoque [TP],2026-09-05,active,campaign,AUTOPLUS [FORD] CAÇADOR,596131121400908,4.55,388,330,6,0.75833333,Conversas por mensagem iniciadas,1,4.55,2026-09-05,2026-09-05,
[SET]_[N]_Vt_Oferta - M/T/R,2026-09-04,active,campaign,AUTOPLUS [FORD] CAÇADOR,596131121400908,39.9,1077,893,26,1.53461538,Conversas por mensagem iniciadas,1,39.9,2026-09-04,2026-09-04,
[SET]_[SN]_Carrossel_Oferta - Estoque [TP],2026-09-04,active,campaign,AUTOPLUS [FORD] CAÇADOR,596131121400908,6.83,643,520,7,0.97571429,,,,2026-09-04,2026-09-04,
[SET]_[SN]_Card_Condição - Lote,2026-09-04,active,campaign,AUTOPLUS [FORD] CAÇADOR,596131121400908,14.8,1445,1162,11,1.34545455,,,,2026-09-04,2026-09-04,
[SET]_[N]_Card_Oferta - R/T/M,2026-09-04,active,campaign,AUTOPLUS [FORD] CAÇADOR,596131121400908,50.41,4654,3304,28,1.80035714,Conversas por mensagem iniciadas,5,10.082,2026-09-04,2026-09-04,
[SET]_[SN]_Carrossel_Oferta - Estoque,2026-09-04,active,campaign,AUTOPLUS [FORD] CAÇADOR,596131121400908,15.77,1596,1311,21,0.75095238,Conversas por mensagem iniciadas,2,7.885,2026-09-04,2026-09-04,
[SET]_[SN]_Carrossel_Oferta - Estoque [TP],2026-09-03,active,campaign,AUTOPLUS [FORD] CAÇADOR,596131121400908,9.93,770,638,7,1.41857143,,,,2026-09-03,2026-09-03,
[SET]_[SN]_Card_Condição - Lote,2026-09-03,active,campaign,AUTOPLUS [FORD] CAÇADOR,596131121400908,23.98,1982,1608,18,1.33222222,Conversas por mensagem iniciadas,4,5.995,2026-09-03,2026-09-03,
[SET]_[N]_Card_Oferta - R/T/M,2026-09-03,active,campaign,AUTOPLUS [FORD] CAÇADOR,596131121400908,64.28,6408,4623,55,1.16872727,Conversas por mensagem iniciadas,9,7.14222222,2026-09-03,2026-09-03,
[SET]_[SN]_Carrossel_Oferta - Estoque,2026-09-03,active,campaign,AUTOPLUS [FORD] CAÇADOR,596131121400908,19.47,1794,1357,21,0.92714286,Conversas por mensagem iniciadas,3,6.49,2026-09-03,2026-09-03,
[SET]_[SN]_Carrossel_Oferta - Estoque [TP],2026-09-02,active,campaign,AUTOPLUS [FORD] CAÇADOR,596131121400908,9.92,713,563,8,1.24,,,,2026-09-02,2026-09-02,
[SET]_[SN]_Card_Condição - Lote,2026-09-02,active,campaign,AUTOPLUS [FORD] CAÇADOR,596131121400908,19,1762,1478,17,1.11764706,Conversas por mensagem iniciadas,1,19,2026-09-02,2026-09-02,
[SET]_[N]_Card_Oferta - R/T/M,2026-09-02,active,campaign,AUTOPLUS [FORD] CAÇADOR,596131121400908,62.78,8999,6829,93,0.67505376,Conversas por mensagem iniciadas,4,15.695,2026-09-02,2026-09-02,
[SET]_[SN]_Carrossel_Oferta - Estoque,2026-09-02,active,campaign,AUTOPLUS [FORD] CAÇADOR,596131121400908,21.14,2283,1830,42,0.50333333,Conversas por mensagem iniciadas,2,10.57,2026-09-02,2026-09-02,
[SET]_[SN]_Card_Condição - Lote,2026-09-01,active,campaign,AUTOPLUS [FORD] CAÇADOR,596131121400908,21.01,2046,1833,13,1.61615385,Conversas por mensagem iniciadas,1,21.01,2026-09-01,2026-09-01,
[SET]_[N]_Card_Oferta - R/T/M,2026-09-01,active,campaign,AUTOPLUS [FORD] CAÇADOR,596131121400908,64.58,8895,6647,92,0.70195652,Conversas por mensagem iniciadas,7,9.22571429,2026-09-01,2026-09-01,
[SET]_[SN]_Carrossel_Oferta - Estoque [TP],2026-09-01,active,campaign,AUTOPLUS [FORD] CAÇADOR,596131121400908,10.88,933,800,18,0.60444444,Conversas por mensagem iniciadas,1,10.88,2026-09-01,2026-09-01,
[SET]_[SN]_Carrossel_Oferta - Estoque,2026-09-01,active,campaign,AUTOPLUS [FORD] CAÇADOR,596131121400908,28.44,2939,2323,60,0.474,Conversas por mensagem iniciadas,1,28.44,2026-09-01,2026-09-01,
[SET]_[SN]_Carrossel_Oferta - Estoque [Estado],2026-09-29,active,campaign,AUTOPLUS [FORD] RIO DO SUL,915043748942329,40.83,2301,1768,79,0.51683544,Conversas por mensagem iniciadas,10,4.083,2026-09-29,2026-09-29,
[SET]_[N]_Card_Oferta - Feirão,2026-09-29,active,campaign,AUTOPLUS [FORD] RIO DO SUL,915043748942329,43.11,2905,2015,18,2.395,Conversas por mensagem iniciadas,1,43.11,2026-09-29,2026-09-29,
[SET]_[SN]_Carrossel_Oferta - Estoque [TP],2026-09-29,active,campaign,AUTOPLUS [FORD] RIO DO SUL,915043748942329,10.68,497,414,13,0.82153846,,,,2026-09-29,2026-09-29,
[SET]_[SN]_Carrossel_Oferta - Estoque [TP],2026-09-28,active,campaign,AUTOPLUS [FORD] RIO DO SUL,915043748942329,14.36,734,609,6,2.39333333,,,,2026-09-28,2026-09-28,
[SET]_[N]_Card_Oferta - M/R/T,2026-09-28,inactive,campaign,AUTOPLUS [FORD] RIO DO SUL,915043748942329,27.54,2260,1763,24,1.1475,Conversas por mensagem iniciadas,3,9.18,2026-09-28,2026-09-28,
[SET]_[SN]_Card_Condição - Lote,2026-09-28,inactive,campaign,AUTOPLUS [FORD] RIO DO SUL,915043748942329,10,284,248,3,3.33333333,Conversas por mensagem iniciadas,1,10,2026-09-28,2026-09-28,
[SET]_[N]_Vt_Oferta_M/T/R,2026-09-28,inactive,campaign,AUTOPLUS [FORD] RIO DO SUL,915043748942329,8.46,192,166,8,1.0575,,,,2026-09-28,2026-09-28,
[SET]_[N]_Card_Oferta - Feirão,2026-09-28,active,campaign,AUTOPLUS [FORD] RIO DO SUL,915043748942329,47.71,3341,2376,19,2.51105263,Conversas por mensagem iniciadas,2,23.855,2026-09-28,2026-09-28,
[SET]_[SN]_Carrossel_Oferta - Estoque [Estado],2026-09-28,active,campaign,AUTOPLUS [FORD] RIO DO SUL,915043748942329,50.23,3363,2553,115,0.43678261,Conversas por mensagem iniciadas,10,5.023,2026-09-28,2026-09-28,
[SET]_[SN]_Carrossel_Oferta - Estoque [Estado],2026-09-27,active,campaign,AUTOPLUS [FORD] RIO DO SUL,915043748942329,58.21,3801,2829,122,0.47713115,Conversas por mensagem iniciadas,13,4.47769231,2026-09-27,2026-09-27,
[SET]_[N]_Card_Oferta - Feirão,2026-09-27,active,campaign,AUTOPLUS [FORD] RIO DO SUL,915043748942329,45.29,3422,2538,26,1.74192308,Conversas por mensagem iniciadas,1,45.29,2026-09-27,2026-09-27,
[SET]_[N]_Vt_Oferta_M/T/R,2026-09-27,inactive,campaign,AUTOPLUS [FORD] RIO DO SUL,915043748942329,18.34,387,300,9,2.03777778,Conversas por mensagem iniciadas,1,18.34,2026-09-27,2026-09-27,
[SET]_[SN]_Carrossel_Oferta - Estoque [TP],2026-09-27,active,campaign,AUTOPLUS [FORD] RIO DO SUL,915043748942329,14.92,901,751,17,0.87764706,Conversas por mensagem iniciadas,1,14.92,2026-09-27,2026-09-27,
[SET]_[SN]_Card_Condição - Lote,2026-09-27,inactive,campaign,AUTOPLUS [FORD] RIO DO SUL,915043748942329,16.63,698,581,5,3.326,Conversas por mensagem iniciadas,1,16.63,2026-09-27,2026-09-27,
[SET]_[N]_Card_Oferta - M/R/T,2026-09-27,inactive,campaign,AUTOPLUS [FORD] RIO DO SUL,915043748942329,79.64,6996,4899,69,1.1542029,Conversas por mensagem iniciadas,2,39.82,2026-09-27,2026-09-27,
[SET]_[SN]_Carrossel_Oferta - Estoque [TP],2026-09-26,active,campaign,AUTOPLUS [FORD] RIO DO SUL,915043748942329,3.21,259,243,3,1.07,Conversas por mensagem iniciadas,1,3.21,2026-09-26,2026-09-26,
[SET]_[SN]_Card_Condição - Lote,2026-09-26,inactive,campaign,AUTOPLUS [FORD] RIO DO SUL,915043748942329,4.85,282,247,1,4.85,Conversas por mensagem iniciadas,1,4.85,2026-09-26,2026-09-26,
[SET]_[N]_Card_Oferta - M/R/T,2026-09-26,inactive,campaign,AUTOPLUS [FORD] RIO DO SUL,915043748942329,39.44,3241,2247,27,1.46074074,,,,2026-09-26,2026-09-26,
[SET]_[N]_Vt_Oferta_M/T/R,2026-09-26,inactive,campaign,AUTOPLUS [FORD] RIO DO SUL,915043748942329,3.76,167,141,2,1.88,Conversas por mensagem iniciadas,1,3.76,2026-09-26,2026-09-26,
[SET]_[N]_Card_Oferta - Feirão,2026-09-26,active,campaign,AUTOPLUS [FORD] RIO DO SUL,915043748942329,25.66,1913,1398,21,1.22190476,Conversas por mensagem iniciadas,1,25.66,2026-09-26,2026-09-26,
[SET]_[SN]_Carrossel_Oferta - Estoque [Estado],2026-09-26,active,campaign,AUTOPLUS [FORD] RIO DO SUL,915043748942329,21.18,1622,1320,49,0.4322449,Conversas por mensagem iniciadas,4,5.295,2026-09-26,2026-09-26,
[SET]_[SN]_Carrossel_Oferta - Estoque [Estado],2026-09-25,active,campaign,AUTOPLUS [FORD] RIO DO SUL,915043748942329,29.02,1926,1448,51,0.56901961,Conversas por mensagem iniciadas,7,4.14571429,2026-09-25,2026-09-25,
[SET]_[N]_Card_Oferta - Feirão,2026-09-25,active,campaign,AUTOPLUS [FORD] RIO DO SUL,915043748942329,35.13,2099,1560,28,1.25464286,Conversas por mensagem iniciadas,4,8.7825,2026-09-25,2026-09-25,
[SET]_[N]_Vt_Oferta_M/T/R,2026-09-25,inactive,campaign,AUTOPLUS [FORD] RIO DO SUL,915043748942329,9.54,215,175,9,1.06,Conversas por mensagem iniciadas,3,3.18,2026-09-25,2026-09-25,
[SET]_[SN]_Carrossel_Oferta - Estoque [TP],2026-09-25,active,campaign,AUTOPLUS [FORD] RIO DO SUL,915043748942329,6.07,340,296,12,0.50583333,Conversas por mensagem iniciadas,3,2.02333333,2026-09-25,2026-09-25,
[SET]_[SN]_Card_Condição - Lote,2026-09-25,inactive,campaign,AUTOPLUS [FORD] RIO DO SUL,915043748942329,10.8,424,350,2,5.4,,,,2026-09-25,2026-09-25,
[SET]_[N]_Card_Oferta - M/R/T,2026-09-25,inactive,campaign,AUTOPLUS [FORD] RIO DO SUL,915043748942329,48.05,3203,2312,26,1.84807692,Conversas por mensagem iniciadas,4,12.0125,2026-09-25,2026-09-25,
[SET]_[N]_Card_Oferta - M/R/T,2026-09-24,inactive,campaign,AUTOPLUS [FORD] RIO DO SUL,915043748942329,50.97,3951,2738,23,2.21608696,Conversas por mensagem iniciadas,2,25.485,2026-09-24,2026-09-24,
[SET]_[SN]_Card_Condição - Lote,2026-09-24,inactive,campaign,AUTOPLUS [FORD] RIO DO SUL,915043748942329,12.3,475,423,1,12.3,Conversas por mensagem iniciadas,1,12.3,2026-09-24,2026-09-24,
[SET]_[SN]_Carrossel_Oferta - Estoque [TP],2026-09-24,active,campaign,AUTOPLUS [FORD] RIO DO SUL,915043748942329,9.79,426,340,6,1.63166667,,,,2026-09-24,2026-09-24,
[SET]_[N]_Vt_Oferta_M/T/R,2026-09-24,inactive,campaign,AUTOPLUS [FORD] RIO DO SUL,915043748942329,10.83,223,179,10,1.083,,,,2026-09-24,2026-09-24,
[SET]_[N]_Card_Oferta - Feirão,2026-09-24,active,campaign,AUTOPLUS [FORD] RIO DO SUL,915043748942329,30.72,1860,1345,12,2.56,Conversas por mensagem iniciadas,1,30.72,2026-09-24,2026-09-24,
[SET]_[SN]_Carrossel_Oferta - Estoque [Estado],2026-09-24,active,campaign,AUTOPLUS [FORD] RIO DO SUL,915043748942329,35.69,2044,1528,75,0.47586667,Conversas por mensagem iniciadas,4,8.9225,2026-09-24,2026-09-24,
[SET]_[SN]_Carrossel_Oferta - Estoque [Estado],2026-09-23,active,campaign,AUTOPLUS [FORD] RIO DO SUL,915043748942329,39.49,2195,1646,68,0.58073529,Conversas por mensagem iniciadas,4,9.8725,2026-09-23,2026-09-23,
[SET]_[N]_Card_Oferta - Feirão,2026-09-23,active,campaign,AUTOPLUS [FORD] RIO DO SUL,915043748942329,42.67,1965,1505,26,1.64115385,Conversas por mensagem iniciadas,5,8.534,2026-09-23,2026-09-23,
[SET]_[N]_Vt_Oferta_M/T/R,2026-09-23,inactive,campaign,AUTOPLUS [FORD] RIO DO SUL,915043748942329,15.74,308,263,4,3.935,Conversas por mensagem iniciadas,1,15.74,2026-09-23,2026-09-23,
[SET]_[SN]_Carrossel_Oferta - Estoque [TP],2026-09-23,active,campaign,AUTOPLUS [FORD] RIO DO SUL,915043748942329,9.62,502,417,7,1.37428571,,,,2026-09-23,2026-09-23,
[SET]_[SN]_Card_Condição - Lote,2026-09-23,inactive,campaign,AUTOPLUS [FORD] RIO DO SUL,915043748942329,15.18,677,564,6,2.53,Conversas por mensagem iniciadas,1,15.18,2026-09-23,2026-09-23,
[SET]_[N]_Card_Oferta - M/R/T,2026-09-23,inactive,campaign,AUTOPLUS [FORD] RIO DO SUL,915043748942329,60.77,3622,2601,38,1.59921053,Conversas por mensagem iniciadas,7,8.68142857,2026-09-23,2026-09-23,
[SET]_[SN]_Carrossel_Oferta - Estoque [TP],2026-09-22,active,campaign,AUTOPLUS [FORD] RIO DO SUL,915043748942329,13.58,754,600,9,1.50888889,,,,2026-09-22,2026-09-22,
[SET]_[N]_Card_Oferta - M/R/T,2026-09-22,inactive,campaign,AUTOPLUS [FORD] RIO DO SUL,915043748942329,73.24,6560,4951,43,1.70325581,Conversas por mensagem iniciadas,3,24.41333333,2026-09-22,2026-09-22,
[SET]_[SN]_Card_Condição - Lote,2026-09-22,inactive,campaign,AUTOPLUS [FORD] RIO DO SUL,915043748942329,17.83,764,625,4,4.4575,Conversas por mensagem iniciadas,2,8.915,2026-09-22,2026-09-22,
[SET]_[SN]_Carrossel_Oferta - Estoque [Estado],2026-09-22,active,campaign,AUTOPLUS [FORD] RIO DO SUL,915043748942329,49.87,3081,2287,62,0.80435484,Conversas por mensagem iniciadas,2,24.935,2026-09-22,2026-09-22,
[SET]_[N]_Vt_Oferta_M/T/R,2026-09-22,inactive,campaign,AUTOPLUS [FORD] RIO DO SUL,915043748942329,17.75,391,320,11,1.61363636,Conversas por mensagem iniciadas,3,5.91666667,2026-09-22,2026-09-22,
[SET]_[N]_Card_Oferta - Feirão,2026-09-22,active,campaign,AUTOPLUS [FORD] RIO DO SUL,915043748942329,49.4,3598,2630,22,2.24545455,Conversas por mensagem iniciadas,1,49.4,2026-09-22,2026-09-22,
[SET]_[SN]_Carrossel_Oferta - Estoque [Estado],2026-09-21,active,campaign,AUTOPLUS [FORD] RIO DO SUL,915043748942329,52.6,3172,2289,79,0.66582278,Conversas por mensagem iniciadas,5,10.52,2026-09-21,2026-09-21,
[SET]_[N]_Card_Oferta - Feirão,2026-09-21,active,campaign,AUTOPLUS [FORD] RIO DO SUL,915043748942329,55.89,4710,3462,39,1.43307692,Conversas por mensagem iniciadas,7,7.98428571,2026-09-21,2026-09-21,
[SET]_[N]_Vt_Oferta_M/T/R,2026-09-21,inactive,campaign,AUTOPLUS [FORD] RIO DO SUL,915043748942329,61.04,1028,806,38,1.60631579,Conversas por mensagem iniciadas,8,7.63,2026-09-21,2026-09-21,
[SET]_[SN]_Carrossel_Oferta - Estoque [TP],2026-09-21,active,campaign,AUTOPLUS [FORD] RIO DO SUL,915043748942329,13.25,761,636,8,1.65625,Conversas por mensagem iniciadas,1,13.25,2026-09-21,2026-09-21,
[SET]_[SN]_Card_Condição - Lote,2026-09-21,inactive,campaign,AUTOPLUS [FORD] RIO DO SUL,915043748942329,30.91,860,728,4,7.7275,,,,2026-09-21,2026-09-21,
[SET]_[N]_Card_Oferta - M/R/T,2026-09-21,inactive,campaign,AUTOPLUS [FORD] RIO DO SUL,915043748942329,73.74,6898,5459,54,1.36555556,Conversas por mensagem iniciadas,7,10.53428571,2026-09-21,2026-09-21,
[SET]_[SN]_Carrossel_Oferta - Estoque [Estado],2026-09-20,active,campaign,AUTOPLUS [FORD] RIO DO SUL,915043748942329,52.05,2671,1963,103,0.50533981,Conversas por mensagem iniciadas,11,4.73181818,2026-09-20,2026-09-20,
[SET]_[N]_Card_Oferta - Feirão,2026-09-20,active,campaign,AUTOPLUS [FORD] RIO DO SUL,915043748942329,40.52,3354,2536,20,2.026,,,,2026-09-20,2026-09-20,
[SET]_[N]_Vt_Oferta_M/T/R,2026-09-20,inactive,campaign,AUTOPLUS [FORD] RIO DO SUL,915043748942329,76.57,1223,925,40,1.91425,Conversas por mensagem iniciadas,8,9.57125,2026-09-20,2026-09-20,
[SET]_[SN]_Carrossel_Oferta - Estoque [TP],2026-09-20,active,campaign,AUTOPLUS [FORD] RIO DO SUL,915043748942329,14.43,738,611,17,0.84882353,,,,2026-09-20,2026-09-20,
[SET]_[SN]_Card_Condição - Lote,2026-09-20,inactive,campaign,AUTOPLUS [FORD] RIO DO SUL,915043748942329,39.56,1124,895,7,5.65142857,Conversas por mensagem iniciadas,2,19.78,2026-09-20,2026-09-20,
[SET]_[N]_Card_Oferta - M/R/T,2026-09-20,inactive,campaign,AUTOPLUS [FORD] RIO DO SUL,915043748942329,73.76,6635,5047,48,1.53666667,Conversas por mensagem iniciadas,2,36.88,2026-09-20,2026-09-20,
[SET]_[SN]_Carrossel_Oferta - Estoque [TP],2026-09-19,active,campaign,AUTOPLUS [FORD] RIO DO SUL,915043748942329,3.49,340,300,6,0.58166667,,,,2026-09-19,2026-09-19,
[SET]_[N]_Card_Oferta - M/R/T,2026-09-19,inactive,campaign,AUTOPLUS [FORD] RIO DO SUL,915043748942329,51.59,4394,3279,34,1.51735294,Conversas por mensagem iniciadas,3,17.19666667,2026-09-19,2026-09-19,
[SET]_[SN]_Card_Condição - Lote,2026-09-19,inactive,campaign,AUTOPLUS [FORD] RIO DO SUL,915043748942329,15.75,656,540,5,3.15,,,,2026-09-19,2026-09-19,
[SET]_[N]_Vt_Oferta_M/T/R,2026-09-19,inactive,campaign,AUTOPLUS [FORD] RIO DO SUL,915043748942329,40.6,853,628,16,2.5375,Conversas por mensagem iniciadas,5,8.12,2026-09-19,2026-09-19,
[SET]_[SN]_Carrossel_Oferta - Estoque [Estado],2026-09-19,active,campaign,AUTOPLUS [FORD] RIO DO SUL,915043748942329,34.02,1756,1353,54,0.63,Conversas por mensagem iniciadas,4,8.505,2026-09-19,2026-09-19,
[SET]_[N]_Card_Oferta - Feirão,2026-09-19,active,campaign,AUTOPLUS [FORD] RIO DO SUL,915043748942329,43.37,3281,2339,19,2.28263158,,,,2026-09-19,2026-09-19,
[SET]_[SN]_Carrossel_Oferta - Estoque [TP],2026-09-18,active,campaign,AUTOPLUS [FORD] RIO DO SUL,915043748942329,8.25,455,409,16,0.515625,Conversas por mensagem iniciadas,2,4.125,2026-09-18,2026-09-18,
[SET]_[N]_Card_Oferta - M/R/T,2026-09-18,inactive,campaign,AUTOPLUS [FORD] RIO DO SUL,915043748942329,50.41,3855,3075,26,1.93884615,Conversas por mensagem iniciadas,5,10.082,2026-09-18,2026-09-18,
[SET]_[SN]_Card_Condição - Lote,2026-09-18,inactive,campaign,AUTOPLUS [FORD] RIO DO SUL,915043748942329,18.78,624,495,5,3.756,Conversas por mensagem iniciadas,2,9.39,2026-09-18,2026-09-18,
[SET]_[SN]_Carrossel_Oferta - Estoque [Retomar],2026-09-18,inactive,campaign,AUTOPLUS [FORD] RIO DO SUL,915043748942329,8,611,478,12,0.66666667,,,,2026-09-18,2026-09-18,
[SET]_[N]_Vt_Oferta_M/T/R,2026-09-18,inactive,campaign,AUTOPLUS [FORD] RIO DO SUL,915043748942329,44.47,644,484,20,2.2235,Conversas por mensagem iniciadas,4,11.1175,2026-09-18,2026-09-18,
[SET]_[N]_Card_Oferta - Feirão,2026-09-18,active,campaign,AUTOPLUS [FORD] RIO DO SUL,915043748942329,44.38,3206,2237,23,1.92956522,Conversas por mensagem iniciadas,2,22.19,2026-09-18,2026-09-18,
[SET]_[SN]_Carrossel_Oferta - Estoque [Estado],2026-09-18,active,campaign,AUTOPLUS [FORD] RIO DO SUL,915043748942329,21.04,947,747,45,0.46755556,Conversas por mensagem iniciadas,6,3.50666667,2026-09-18,2026-09-18,
[SET]_[N]_Card_Oferta - Feirão,2026-09-17,active,campaign,AUTOPLUS [FORD] RIO DO SUL,915043748942329,30.88,2746,1808,19,1.62526316,Conversas por mensagem iniciadas,2,15.44,2026-09-17,2026-09-17,
[SET]_[N]_Vt_Oferta_M/T/R,2026-09-17,inactive,campaign,AUTOPLUS [FORD] RIO DO SUL,915043748942329,54.29,920,669,23,2.36043478,Conversas por mensagem iniciadas,4,13.5725,2026-09-17,2026-09-17,
[SET]_[SN]_Carrossel_Oferta - Estoque [TP],2026-09-17,active,campaign,AUTOPLUS [FORD] RIO DO SUL,915043748942329,8.89,528,453,17,0.52294118,Conversas por mensagem iniciadas,1,8.89,2026-09-17,2026-09-17,
[SET]_[SN]_Card_Condição - Lote,2026-09-17,inactive,campaign,AUTOPLUS [FORD] RIO DO SUL,915043748942329,29.78,994,764,14,2.12714286,Conversas por mensagem iniciadas,3,9.92666667,2026-09-17,2026-09-17,
[SET]_[N]_Card_Oferta - M/R/T,2026-09-17,inactive,campaign,AUTOPLUS [FORD] RIO DO SUL,915043748942329,45.78,4051,3087,26,1.76076923,Conversas por mensagem iniciadas,1,45.78,2026-09-17,2026-09-17,
[SET]_[SN]_Carrossel_Oferta - Estoque [Retomar],2026-09-17,inactive,campaign,AUTOPLUS [FORD] RIO DO SUL,915043748942329,25.77,2244,1452,47,0.54829787,Conversas por mensagem iniciadas,3,8.59,2026-09-17,2026-09-17,
[SET]_[N]_Card_Oferta - M/R/T,2026-09-16,inactive,campaign,AUTOPLUS [FORD] RIO DO SUL,915043748942329,68.3,5962,4503,46,1.48478261,Conversas por mensagem iniciadas,3,22.76666667,2026-09-16,2026-09-16,
[SET]_[N]_Card_Oferta - Feirão,2026-09-16,active,campaign,AUTOPLUS [FORD] RIO DO SUL,915043748942329,10.78,901,669,6,1.79666667,,,,2026-09-16,2026-09-16,
[SET]_[N]_Vt_Oferta_M/T/R,2026-09-16,inactive,campaign,AUTOPLUS [FORD] RIO DO SUL,915043748942329,71.95,1393,1016,39,1.84487179,Conversas por mensagem iniciadas,5,14.39,2026-09-16,2026-09-16,
[SET]_[SN]_Carrossel_Oferta - Estoque [TP],2026-09-16,active,campaign,AUTOPLUS [FORD] RIO DO SUL,915043748942329,11.79,707,599,24,0.49125,Conversas por mensagem iniciadas,4,2.9475,2026-09-16,2026-09-16,
[SET]_[SN]_Card_Condição - Lote,2026-09-16,inactive,campaign,AUTOPLUS [FORD] RIO DO SUL,915043748942329,37.57,1442,1131,4,9.3925,Conversas por mensagem iniciadas,2,18.785,2026-09-16,2026-09-16,
[SET]_[SN]_Carrossel_Oferta - Estoque [Retomar],2026-09-16,inactive,campaign,AUTOPLUS [FORD] RIO DO SUL,915043748942329,35.33,2917,1946,54,0.65425926,Conversas por mensagem iniciadas,6,5.88833333,2026-09-16,2026-09-16,
[SET]_[N]_Vídeo_Post Individual,2026-09-15,inactive,campaign,AUTOPLUS [FORD] RIO DO SUL,915043748942329,31.25,1316,1034,1,31.25,,,,2026-09-15,2026-09-15,
[SET]_[N]_Vt_Oferta_M/T/R,2026-09-15,inactive,campaign,AUTOPLUS [FORD] RIO DO SUL,915043748942329,78.28,2089,1547,43,1.82046512,Conversas por mensagem iniciadas,3,26.09333333,2026-09-15,2026-09-15,
[SET]_[SN]_Carrossel_Oferta - Estoque [TP],2026-09-15,active,campaign,AUTOPLUS [FORD] RIO DO SUL,915043748942329,12.3,722,623,14,0.87857143,,,,2026-09-15,2026-09-15,
[SET]_[SN]_Card_Condição - Lote,2026-09-15,inactive,campaign,AUTOPLUS [FORD] RIO DO SUL,915043748942329,35.41,1514,1229,10,3.541,Conversas por mensagem iniciadas,1,35.41,2026-09-15,2026-09-15,
[SET]_[N]_Card_Oferta - M/R/T,2026-09-15,inactive,campaign,AUTOPLUS [FORD] RIO DO SUL,915043748942329,70.67,5200,4068,45,1.57044444,Conversas por mensagem iniciadas,7,10.09571429,2026-09-15,2026-09-15,
[SET]_[SN]_Carrossel_Oferta - Estoque [Retomar],2026-09-15,inactive,campaign,AUTOPLUS [FORD] RIO DO SUL,915043748942329,41.63,2966,1975,57,0.73035088,Conversas por mensagem iniciadas,3,13.87666667,2026-09-15,2026-09-15,
[SET]_[N]_Card_Oferta - M/R/T,2026-09-14,inactive,campaign,AUTOPLUS [FORD] RIO DO SUL,915043748942329,70.26,4325,3291,37,1.89891892,Conversas por mensagem iniciadas,5,14.052,2026-09-14,2026-09-14,
[SET]_[SN]_Carrossel_Oferta - Estoque [Retomar],2026-09-14,inactive,campaign,AUTOPLUS [FORD] RIO DO SUL,915043748942329,44.5,2354,1588,34,1.30882353,Conversas por mensagem iniciadas,4,11.125,2026-09-14,2026-09-14,
[SET]_[SN]_Card_Condição - Lote,2026-09-14,inactive,campaign,AUTOPLUS [FORD] RIO DO SUL,915043748942329,42.52,1181,967,3,14.17333333,,,,2026-09-14,2026-09-14,
[SET]_[SN]_Carrossel_Oferta - Estoque [TP],2026-09-14,active,campaign,AUTOPLUS [FORD] RIO DO SUL,915043748942329,12.75,547,478,10,1.275,,,,2026-09-14,2026-09-14,
[SET]_[N]_Vt_Oferta_M/T/R,2026-09-14,inactive,campaign,AUTOPLUS [FORD] RIO DO SUL,915043748942329,68.13,1659,1232,30,2.271,Conversas por mensagem iniciadas,6,11.355,2026-09-14,2026-09-14,
[SET]_[N]_Vídeo_Post Individual,2026-09-14,inactive,campaign,AUTOPLUS [FORD] RIO DO SUL,915043748942329,51.59,1619,1243,4,12.8975,,,,2026-09-14,2026-09-14,
[SET]_[N]_Vídeo_Post Individual,2026-09-13,inactive,campaign,AUTOPLUS [FORD] RIO DO SUL,915043748942329,35.46,1510,1152,3,11.82,,,,2026-09-13,2026-09-13,
[SET]_[N]_Vt_Oferta_M/T/R,2026-09-13,inactive,campaign,AUTOPLUS [FORD] RIO DO SUL,915043748942329,62.09,1589,1220,33,1.88151515,Conversas por mensagem iniciadas,3,20.69666667,2026-09-13,2026-09-13,
[SET]_[SN]_Carrossel_Oferta - Estoque [TP],2026-09-13,active,campaign,AUTOPLUS [FORD] RIO DO SUL,915043748942329,12.44,607,538,12,1.03666667,,,,2026-09-13,2026-09-13,
[SET]_[SN]_Card_Condição - Lote,2026-09-13,inactive,campaign,AUTOPLUS [FORD] RIO DO SUL,915043748942329,30.14,1313,1096,5,6.028,,,,2026-09-13,2026-09-13,
[SET]_[N]_Card_Oferta - M/R/T,2026-09-13,inactive,campaign,AUTOPLUS [FORD] RIO DO SUL,915043748942329,62.87,4690,3604,33,1.90515152,Conversas por mensagem iniciadas,6,10.47833333,2026-09-13,2026-09-13,
[SET]_[SN]_Carrossel_Oferta - Estoque [Retomar],2026-09-13,inactive,campaign,AUTOPLUS [FORD] RIO DO SUL,915043748942329,35.39,1962,1402,37,0.95648649,Conversas por mensagem iniciadas,2,17.695,2026-09-13,2026-09-13,
[SET]_[SN]_Card_Condição - Lote,2026-09-12,inactive,campaign,AUTOPLUS [FORD] RIO DO SUL,915043748942329,9.28,635,497,2,4.64,Conversas por mensagem iniciadas,1,9.28,2026-09-12,2026-09-12,
[SET]_[SN]_Carrossel_Oferta - Estoque [Retomar],2026-09-12,inactive,campaign,AUTOPLUS [FORD] RIO DO SUL,915043748942329,17.32,1288,920,28,0.61857143,Conversas por mensagem iniciadas,2,8.66,2026-09-12,2026-09-12,
[SET]_[N]_Card_Oferta - M/R/T,2026-09-12,inactive,campaign,AUTOPLUS [FORD] RIO DO SUL,915043748942329,41.6,3028,2349,29,1.43448276,Conversas por mensagem iniciadas,2,20.8,2026-09-12,2026-09-12,
[SET]_[SN]_Carrossel_Oferta - Estoque [TP],2026-09-12,active,campaign,AUTOPLUS [FORD] RIO DO SUL,915043748942329,3.42,255,232,5,0.684,Conversas por mensagem iniciadas,2,1.71,2026-09-12,2026-09-12,
[SET]_[N]_Vídeo_Post Individual,2026-09-12,inactive,campaign,AUTOPLUS [FORD] RIO DO SUL,915043748942329,35.03,1794,1416,5,7.006,,,,2026-09-12,2026-09-12,
[SET]_[N]_Vt_Oferta_M/T/R,2026-09-12,inactive,campaign,AUTOPLUS [FORD] RIO DO SUL,915043748942329,33.06,937,728,17,1.94470588,Conversas por mensagem iniciadas,5,6.612,2026-09-12,2026-09-12,
[SET]_[N]_Vídeo_Post Individual,2026-09-11,inactive,campaign,AUTOPLUS [FORD] RIO DO SUL,915043748942329,26.02,1191,847,3,8.67333333,Conversas por mensagem iniciadas,1,26.02,2026-09-11,2026-09-11,
[SET]_[N]_Vt_Oferta_M/T/R,2026-09-11,inactive,campaign,AUTOPLUS [FORD] RIO DO SUL,915043748942329,44.04,1197,878,19,2.31789474,Conversas por mensagem iniciadas,2,22.02,2026-09-11,2026-09-11,
[SET]_[SN]_Carrossel_Oferta - Estoque [TP],2026-09-11,active,campaign,AUTOPLUS [FORD] RIO DO SUL,915043748942329,7.91,495,400,6,1.31833333,Conversas por mensagem iniciadas,2,3.955,2026-09-11,2026-09-11,
[SET]_[SN]_Card_Condição - Lote,2026-09-11,inactive,campaign,AUTOPLUS [FORD] RIO DO SUL,915043748942329,30.17,1625,1392,14,2.155,Conversas por mensagem iniciadas,1,30.17,2026-09-11,2026-09-11,
[SET]_[N]_Card_Oferta - M/R/T,2026-09-11,inactive,campaign,AUTOPLUS [FORD] RIO DO SUL,915043748942329,54.48,4136,3120,27,2.01777778,Conversas por mensagem iniciadas,3,18.16,2026-09-11,2026-09-11,
[SET]_[SN]_Carrossel_Oferta - Estoque [Retomar],2026-09-11,inactive,campaign,AUTOPLUS [FORD] RIO DO SUL,915043748942329,24.94,1906,1260,38,0.65631579,Conversas por mensagem iniciadas,1,24.94,2026-09-11,2026-09-11,
[SET]_[SN]_Carrossel_Oferta - Estoque [TP],2026-09-10,active,campaign,AUTOPLUS [FORD] RIO DO SUL,915043748942329,10.58,605,503,15,0.70533333,Conversas por mensagem iniciadas,1,10.58,2026-09-10,2026-09-10,
[SET]_[N]_Vt_Oferta_M/T/R,2026-09-10,inactive,campaign,AUTOPLUS [FORD] RIO DO SUL,915043748942329,73.24,1204,840,23,3.18434783,Conversas por mensagem iniciadas,7,10.46285714,2026-09-10,2026-09-10,
[SET]_[SN]_Card_Condição - Lote,2026-09-10,inactive,campaign,AUTOPLUS [FORD] RIO DO SUL,915043748942329,29.23,1923,1584,13,2.24846154,Conversas por mensagem iniciadas,2,14.615,2026-09-10,2026-09-10,
[SET]_[N]_Card_Oferta - M/R/T,2026-09-10,inactive,campaign,AUTOPLUS [FORD] RIO DO SUL,915043748942329,70.39,5538,3890,26,2.70730769,Conversas por mensagem iniciadas,2,35.195,2026-09-10,2026-09-10,
[SET]_[SN]_Carrossel_Oferta - Estoque [Retomar],2026-09-10,inactive,campaign,AUTOPLUS [FORD] RIO DO SUL,915043748942329,37.71,2740,1721,50,0.7542,Conversas por mensagem iniciadas,5,7.542,2026-09-10,2026-09-10,
[SET]_[SN]_Card_Condição - Lote,2026-09-09,inactive,campaign,AUTOPLUS [FORD] RIO DO SUL,915043748942329,41.67,2373,1939,11,3.78818182,Conversas por mensagem iniciadas,2,20.835,2026-09-09,2026-09-09,
[SET]_[SN]_Carrossel_Oferta - Estoque [Retomar],2026-09-09,inactive,campaign,AUTOPLUS [FORD] RIO DO SUL,915043748942329,46.7,3009,2018,52,0.89807692,Conversas por mensagem iniciadas,5,9.34,2026-09-09,2026-09-09,
[SET]_[N]_Card_Oferta - M/R/T,2026-09-09,inactive,campaign,AUTOPLUS [FORD] RIO DO SUL,915043748942329,84.58,6302,4662,49,1.72612245,Conversas por mensagem iniciadas,8,10.5725,2026-09-09,2026-09-09,
[SET]_[SN]_Carrossel_Oferta - Estoque [TP],2026-09-09,active,campaign,AUTOPLUS [FORD] RIO DO SUL,915043748942329,12.5,705,591,16,0.78125,Conversas por mensagem iniciadas,2,6.25,2026-09-09,2026-09-09,
[SET]_[N]_Vt_Oferta_M/T/R,2026-09-09,inactive,campaign,AUTOPLUS [FORD] RIO DO SUL,915043748942329,81.51,2913,2353,40,2.03775,Conversas por mensagem iniciadas,6,13.585,2026-09-09,2026-09-09,
[SET]_[SN]_Carrossel_Oferta - Estoque [Retomar],2026-09-08,inactive,campaign,AUTOPLUS [FORD] RIO DO SUL,915043748942329,37.48,1974,1322,45,0.83288889,Conversas por mensagem iniciadas,7,5.35428571,2026-09-08,2026-09-08,
[SET]_[N]_Card_Oferta - M/R/T,2026-09-08,inactive,campaign,AUTOPLUS [FORD] RIO DO SUL,915043748942329,58.76,5595,4273,40,1.469,Conversas por mensagem iniciadas,6,9.79333333,2026-09-08,2026-09-08,
[SET]_[N]_Vt_Oferta_M/T/R,2026-09-08,inactive,campaign,AUTOPLUS [FORD] RIO DO SUL,915043748942329,55.12,1338,1044,23,2.39652174,Conversas por mensagem iniciadas,2,27.56,2026-09-08,2026-09-08,
[SET]_[SN]_Card_Condição - Lote,2026-09-08,inactive,campaign,AUTOPLUS [FORD] RIO DO SUL,915043748942329,34.43,2194,1811,16,2.151875,Conversas por mensagem iniciadas,1,34.43,2026-09-08,2026-09-08,
[SET]_[SN]_Carrossel_Oferta - Estoque [TP],2026-09-08,active,campaign,AUTOPLUS [FORD] RIO DO SUL,915043748942329,10.68,580,460,13,0.82153846,Conversas por mensagem iniciadas,1,10.68,2026-09-08,2026-09-08,
[SET]_[N]_Vt_Oferta_M/T/R,2026-09-07,inactive,campaign,AUTOPLUS [FORD] RIO DO SUL,915043748942329,55.76,1418,1081,30,1.85866667,Conversas por mensagem iniciadas,5,11.152,2026-09-07,2026-09-07,
[SET]_[SN]_Carrossel_Oferta - Estoque [TP],2026-09-07,active,campaign,AUTOPLUS [FORD] RIO DO SUL,915043748942329,11.85,845,646,16,0.740625,Conversas por mensagem iniciadas,2,5.925,2026-09-07,2026-09-07,
[SET]_[SN]_Card_Condição - Lote,2026-09-07,inactive,campaign,AUTOPLUS [FORD] RIO DO SUL,915043748942329,33.33,2297,1867,18,1.85166667,Conversas por mensagem iniciadas,1,33.33,2026-09-07,2026-09-07,
[SET]_[N]_Card_Oferta - M/R/T,2026-09-07,inactive,campaign,AUTOPLUS [FORD] RIO DO SUL,915043748942329,48.72,4353,3102,29,1.68,Conversas por mensagem iniciadas,3,16.24,2026-09-07,2026-09-07,
[SET]_[SN]_Carrossel_Oferta - Estoque [Retomar],2026-09-07,inactive,campaign,AUTOPLUS [FORD] RIO DO SUL,915043748942329,31.38,2778,1878,42,0.74714286,Conversas por mensagem iniciadas,5,6.276,2026-09-07,2026-09-07,
[SET]_[N]_Vt_Oferta_M/T/R,2026-09-06,inactive,campaign,AUTOPLUS [FORD] RIO DO SUL,915043748942329,77.2,1476,1150,40,1.93,Conversas por mensagem iniciadas,4,19.3,2026-09-06,2026-09-06,
[SET]_[SN]_Carrossel_Oferta - Estoque [TP],2026-09-06,active,campaign,AUTOPLUS [FORD] RIO DO SUL,915043748942329,12.93,1028,769,28,0.46178571,Conversas por mensagem iniciadas,3,4.31,2026-09-06,2026-09-06,
[SET]_[SN]_Card_Condição - Lote,2026-09-06,inactive,campaign,AUTOPLUS [FORD] RIO DO SUL,915043748942329,31.86,2109,1610,16,1.99125,Conversas por mensagem iniciadas,5,6.372,2026-09-06,2026-09-06,
[SET]_[N]_Card_Oferta - M/R/T,2026-09-06,inactive,campaign,AUTOPLUS [FORD] RIO DO SUL,915043748942329,61.4,5095,3393,46,1.33478261,Conversas por mensagem iniciadas,5,12.28,2026-09-06,2026-09-06,
[SET]_[SN]_Carrossel_Oferta - Estoque [Retomar],2026-09-06,inactive,campaign,AUTOPLUS [FORD] RIO DO SUL,915043748942329,35.28,3356,2200,54,0.65333333,Conversas por mensagem iniciadas,2,17.64,2026-09-06,2026-09-06,
[SET]_[SN]_Card_Condição - Lote,2026-09-05,inactive,campaign,AUTOPLUS [FORD] RIO DO SUL,915043748942329,14.97,1147,934,5,2.994,Conversas por mensagem iniciadas,2,7.485,2026-09-05,2026-09-05,
[SET]_[N]_Card_Oferta - M/R/T,2026-09-05,inactive,campaign,AUTOPLUS [FORD] RIO DO SUL,915043748942329,55.37,4615,3415,32,1.7303125,Conversas por mensagem iniciadas,2,27.685,2026-09-05,2026-09-05,
[SET]_[SN]_Carrossel_Oferta - Estoque [Retomar],2026-09-05,inactive,campaign,AUTOPLUS [FORD] RIO DO SUL,915043748942329,19.19,1335,926,24,0.79958333,Conversas por mensagem iniciadas,1,19.19,2026-09-05,2026-09-05,
[SET]_[SN]_Carrossel_Oferta - Estoque [TP],2026-09-05,active,campaign,AUTOPLUS [FORD] RIO DO SUL,915043748942329,3.1,341,328,3,1.03333333,,,,2026-09-05,2026-09-05,
[SET]_[N]_Vt_Oferta_M/T/R,2026-09-05,inactive,campaign,AUTOPLUS [FORD] RIO DO SUL,915043748942329,45.54,854,576,15,3.036,Conversas por mensagem iniciadas,4,11.385,2026-09-05,2026-09-05,
[SET]_[N]_Vt_Oferta_M/T/R,2026-09-04,inactive,campaign,AUTOPLUS [FORD] RIO DO SUL,915043748942329,34.67,525,418,15,2.31133333,Conversas por mensagem iniciadas,5,6.934,2026-09-04,2026-09-04,
[SET]_[SN]_Carrossel_Oferta - Estoque [TP],2026-09-04,active,campaign,AUTOPLUS [FORD] RIO DO SUL,915043748942329,5.67,421,359,9,0.63,,,,2026-09-04,2026-09-04,
[SET]_[SN]_Card_Condição - Lote,2026-09-04,inactive,campaign,AUTOPLUS [FORD] RIO DO SUL,915043748942329,19.87,1608,1209,11,1.80636364,,,,2026-09-04,2026-09-04,
[SET]_[N]_Card_Oferta - M/R/T,2026-09-04,inactive,campaign,AUTOPLUS [FORD] RIO DO SUL,915043748942329,67.67,4674,3244,33,2.05060606,Conversas por mensagem iniciadas,4,16.9175,2026-09-04,2026-09-04,
[SET]_[SN]_Carrossel_Oferta - Estoque [Retomar],2026-09-04,inactive,campaign,AUTOPLUS [FORD] RIO DO SUL,915043748942329,23.01,1764,1218,31,0.74225806,Conversas por mensagem iniciadas,1,23.01,2026-09-04,2026-09-04,
[SET]_[SN]_Carrossel_Oferta - Estoque [Retomar],2026-09-03,inactive,campaign,AUTOPLUS [FORD] RIO DO SUL,915043748942329,31.59,2518,1664,47,0.67212766,Conversas por mensagem iniciadas,1,31.59,2026-09-03,2026-09-03,
[SET]_[N]_Card_Oferta - M/R/T,2026-09-03,inactive,campaign,AUTOPLUS [FORD] RIO DO SUL,915043748942329,99.88,8420,6058,55,1.816,Conversas por mensagem iniciadas,6,16.64666667,2026-09-03,2026-09-03,
[SET]_[SN]_Card_Condição - Lote,2026-09-03,inactive,campaign,AUTOPLUS [FORD] RIO DO SUL,915043748942329,33.15,2316,1906,19,1.74473684,Conversas por mensagem iniciadas,4,8.2875,2026-09-03,2026-09-03,
[SET]_[SN]_Carrossel_Oferta - Estoque [TP],2026-09-03,active,campaign,AUTOPLUS [FORD] RIO DO SUL,915043748942329,8.94,464,407,8,1.1175,Conversas por mensagem iniciadas,1,8.94,2026-09-03,2026-09-03,
[SET]_[SN]_Carrossel_Oferta - Estoque [TP],2026-09-02,active,campaign,AUTOPLUS [FORD] RIO DO SUL,915043748942329,9.38,770,619,18,0.52111111,Conversas por mensagem iniciadas,2,4.69,2026-09-02,2026-09-02,
[SET]_[SN]_Card_Condição - Lote,2026-09-02,inactive,campaign,AUTOPLUS [FORD] RIO DO SUL,915043748942329,32.78,2759,2293,26,1.26076923,Conversas por mensagem iniciadas,2,16.39,2026-09-02,2026-09-02,
[SET]_[N]_Card_Oferta - M/R/T,2026-09-02,inactive,campaign,AUTOPLUS [FORD] RIO DO SUL,915043748942329,103.32,10583,7585,97,1.06515464,Conversas por mensagem iniciadas,5,20.664,2026-09-02,2026-09-02,
[SET]_[SN]_Carrossel_Oferta - Estoque [Retomar],2026-09-02,inactive,campaign,AUTOPLUS [FORD] RIO DO SUL,915043748942329,30.84,2613,1714,45,0.68533333,Conversas por mensagem iniciadas,2,15.42,2026-09-02,2026-09-02,
[SET]_[SN]_Carrossel_Oferta - Estoque [TP],2026-09-01,active,campaign,AUTOPLUS [FORD] RIO DO SUL,915043748942329,13.33,751,609,13,1.02538462,Conversas por mensagem iniciadas,2,6.665,2026-09-01,2026-09-01,
[SET]_[SN]_Card_Condição - Lote,2026-09-01,inactive,campaign,AUTOPLUS [FORD] RIO DO SUL,915043748942329,37.11,2479,2114,22,1.68681818,Conversas por mensagem iniciadas,2,18.555,2026-09-01,2026-09-01,
[SET]_[N]_Card_Oferta - M/R/T,2026-09-01,inactive,campaign,AUTOPLUS [FORD] RIO DO SUL,915043748942329,129.08,11742,8795,95,1.35873684,Conversas por mensagem iniciadas,9,14.34222222,2026-09-01,2026-09-01,
[SET]_[SN]_Carrossel_Oferta - Estoque [Retomar],2026-09-01,inactive,campaign,AUTOPLUS [FORD] RIO DO SUL,915043748942329,40.07,1897,1242,34,1.17852941,Conversas por mensagem iniciadas,4,10.0175,2026-09-01,2026-09-01,
[SET]_[SN]_Card_Condição - Lote,2026-08-31,inactive,campaign,AUTOPLUS [FORD] RIO DO SUL,915043748942329,33.23,3258,2615,26,1.27807692,Conversas por mensagem iniciadas,2,16.615,2026-08-31,2026-08-31,
[SET]_[N]_Card_Oferta - M/R/T,2026-08-31,inactive,campaign,AUTOPLUS [FORD] RIO DO SUL,915043748942329,110.45,14491,10005,125,0.8836,Conversas por mensagem iniciadas,9,12.27222222,2026-08-31,2026-08-31,
[SET]_[SN]_Carrossel_Oferta - Estoque [TP],2026-08-31,active,campaign,AUTOPLUS [FORD] RIO DO SUL,915043748942329,14.45,1051,912,23,0.62826087,Conversas por mensagem iniciadas,2,7.225,2026-08-31,2026-08-31,
[SET]_[N]_Vt_Oferta_M/T/R,2026-08-31,inactive,campaign,AUTOPLUS [FORD] RIO DO SUL,915043748942329,27.31,709,599,21,1.30047619,Conversas por mensagem iniciadas,3,9.10333333,2026-08-31,2026-08-31,
[SET]_[SN]_Carrossel_Oferta - Estoque [Retomar],2026-08-31,inactive,campaign,AUTOPLUS [FORD] RIO DO SUL,915043748942329,43.6,3252,2130,54,0.80740741,Conversas por mensagem iniciadas,4,10.9,2026-08-31,2026-08-31,
[SET]_[N]_Card_Oferta - Feirão,2026-09-28,active,campaign,AUTOPLUS [FORD] JOAÇABA,865012117311456,46.33,3901,2728,35,1.32371429,Conversas por mensagem iniciadas,2,23.165,2026-09-28,2026-09-28,
[SET]_[N]_Vídeo_Post individual,2026-09-28,active,campaign,AUTOPLUS [FORD] JOAÇABA,865012117311456,7.38,177,157,7,1.05428571,Conversas por mensagem iniciadas,2,3.69,2026-09-28,2026-09-28,
[SET]_[N]_Vt_Oferta - M/T/R,2026-09-28,inactive,campaign,AUTOPLUS [FORD] JOAÇABA,865012117311456,8.15,137,117,6,1.35833333,Conversas por mensagem iniciadas,1,8.15,2026-09-28,2026-09-28,
[SET]_[SN]_Carrossel_Oferta - Estoque [TP] [Retormar],2026-09-28,inactive,campaign,AUTOPLUS [FORD] JOAÇABA,865012117311456,5.19,362,317,2,2.595,Conversas por mensagem iniciadas,2,2.595,2026-09-28,2026-09-28,
[SET]_[SN]_Card_Condição - Lote,2026-09-28,inactive,campaign,AUTOPLUS [FORD] JOAÇABA,865012117311456,9.36,246,207,2,4.68,Conversas por mensagem iniciadas,1,9.36,2026-09-28,2026-09-28,
[SET]_[N]_Card_Oferta- R/T/M,2026-09-28,inactive,campaign,AUTOPLUS [FORD] JOAÇABA,865012117311456,14.65,1292,1034,11,1.33181818,Conversas por mensagem iniciadas,1,14.65,2026-09-28,2026-09-28,
[SET]_[SN]_Carrossel_Oferta - Estoque [Retormar],2026-09-28,inactive,campaign,AUTOPLUS [FORD] JOAÇABA,865012117311456,17.95,1272,948,27,0.66481481,Conversas por mensagem iniciadas,2,8.975,2026-09-28,2026-09-28,
[SET]_[SN]_Card_Condição - Lote,2026-09-27,inactive,campaign,AUTOPLUS [FORD] JOAÇABA,865012117311456,14.73,740,588,6,2.455,Conversas por mensagem iniciadas,1,14.73,2026-09-27,2026-09-27,
[SET]_[SN]_Carrossel_Oferta - Estoque [Retormar],2026-09-27,inactive,campaign,AUTOPLUS [FORD] JOAÇABA,865012117311456,48.15,4116,2664,61,0.78934426,Conversas por mensagem iniciadas,2,24.075,2026-09-27,2026-09-27,
[SET]_[N]_Card_Oferta- R/T/M,2026-09-27,inactive,campaign,AUTOPLUS [FORD] JOAÇABA,865012117311456,39.35,3413,2544,30,1.31166667,Conversas por mensagem iniciadas,3,13.11666667,2026-09-27,2026-09-27,
[SET]_[N]_Card_Oferta - Feirão,2026-09-27,active,campaign,AUTOPLUS [FORD] JOAÇABA,865012117311456,46.35,4294,2963,38,1.21973684,Conversas por mensagem iniciadas,3,15.45,2026-09-27,2026-09-27,
[SET]_[SN]_Carrossel_Oferta - Estoque [TP] [Retormar],2026-09-27,inactive,campaign,AUTOPLUS [FORD] JOAÇABA,865012117311456,12.11,809,634,13,0.93153846,Conversas por mensagem iniciadas,1,12.11,2026-09-27,2026-09-27,
[SET]_[N]_Vt_Oferta - M/T/R,2026-09-27,inactive,campaign,AUTOPLUS [FORD] JOAÇABA,865012117311456,14.95,452,384,9,1.66111111,Conversas por mensagem iniciadas,1,14.95,2026-09-27,2026-09-27,
[SET]_[N]_Vídeo_Post individual,2026-09-27,active,campaign,AUTOPLUS [FORD] JOAÇABA,865012117311456,8.25,194,172,5,1.65,,,,2026-09-27,2026-09-27,
[SET]_[SN]_Carrossel_Oferta - Estoque [TP] [Retormar],2026-09-26,inactive,campaign,AUTOPLUS [FORD] JOAÇABA,865012117311456,3.69,301,247,2,1.845,,,,2026-09-26,2026-09-26,
[SET]_[SN]_Carrossel_Oferta - Estoque [Retormar],2026-09-26,inactive,campaign,AUTOPLUS [FORD] JOAÇABA,865012117311456,24.48,1891,1320,41,0.59707317,Conversas por mensagem iniciadas,3,8.16,2026-09-26,2026-09-26,
[SET]_[N]_Card_Oferta- R/T/M,2026-09-26,inactive,campaign,AUTOPLUS [FORD] JOAÇABA,865012117311456,17.97,1467,1122,10,1.797,,,,2026-09-26,2026-09-26,
[SET]_[SN]_Card_Condição - Lote,2026-09-26,inactive,campaign,AUTOPLUS [FORD] JOAÇABA,865012117311456,3.19,200,168,2,1.595,,,,2026-09-26,2026-09-26,
[SET]_[N]_Vt_Oferta - M/T/R,2026-09-26,inactive,campaign,AUTOPLUS [FORD] JOAÇABA,865012117311456,3.58,118,97,2,1.79,,,,2026-09-26,2026-09-26,
[SET]_[N]_Vídeo_Post individual,2026-09-26,active,campaign,AUTOPLUS [FORD] JOAÇABA,865012117311456,2.32,108,98,1,2.32,,,,2026-09-26,2026-09-26,
[SET]_[N]_Card_Oferta - Feirão,2026-09-26,active,campaign,AUTOPLUS [FORD] JOAÇABA,865012117311456,27.23,2483,1698,22,1.23772727,Conversas por mensagem iniciadas,6,4.53833333,2026-09-26,2026-09-26,
[SET]_[SN]_Carrossel_Oferta - Estoque [TP] [Retormar],2026-09-25,inactive,campaign,AUTOPLUS [FORD] JOAÇABA,865012117311456,7.2,446,349,13,0.55384615,Conversas por mensagem iniciadas,1,7.2,2026-09-25,2026-09-25,
[SET]_[N]_Card_Oferta- R/T/M,2026-09-25,inactive,campaign,AUTOPLUS [FORD] JOAÇABA,865012117311456,25.5,1811,1374,15,1.7,Conversas por mensagem iniciadas,3,8.5,2026-09-25,2026-09-25,
[SET]_[SN]_Card_Condição - Lote,2026-09-25,inactive,campaign,AUTOPLUS [FORD] JOAÇABA,865012117311456,7.25,352,284,5,1.45,Conversas por mensagem iniciadas,2,3.625,2026-09-25,2026-09-25,
[SET]_[SN]_Carrossel_Oferta - Estoque [Retormar],2026-09-25,inactive,campaign,AUTOPLUS [FORD] JOAÇABA,865012117311456,31.44,2228,1438,28,1.12285714,Conversas por mensagem iniciadas,6,5.24,2026-09-25,2026-09-25,
[SET]_[N]_Vt_Oferta - M/T/R,2026-09-25,inactive,campaign,AUTOPLUS [FORD] JOAÇABA,865012117311456,8.52,195,158,3,2.84,Conversas por mensagem iniciadas,2,4.26,2026-09-25,2026-09-25,
[SET]_[N]_Vídeo_Post individual,2026-09-25,active,campaign,AUTOPLUS [FORD] JOAÇABA,865012117311456,3.62,127,114,2,1.81,,,,2026-09-25,2026-09-25,
[SET]_[N]_Card_Oferta - Feirão,2026-09-25,active,campaign,AUTOPLUS [FORD] JOAÇABA,865012117311456,32.59,2573,1847,23,1.41695652,Conversas por mensagem iniciadas,4,8.1475,2026-09-25,2026-09-25,
[SET]_[N]_Card_Oferta - Feirão,2026-09-24,active,campaign,AUTOPLUS [FORD] JOAÇABA,865012117311456,36.06,2967,2028,37,0.97459459,Conversas por mensagem iniciadas,7,5.15142857,2026-09-24,2026-09-24,
[SET]_[N]_Vídeo_Post individual,2026-09-24,active,campaign,AUTOPLUS [FORD] JOAÇABA,865012117311456,5.66,130,118,2,2.83,Conversas por mensagem iniciadas,1,5.66,2026-09-24,2026-09-24,
[SET]_[N]_Vt_Oferta - M/T/R,2026-09-24,inactive,campaign,AUTOPLUS [FORD] JOAÇABA,865012117311456,11.99,202,168,1,11.99,Conversas por mensagem iniciadas,1,11.99,2026-09-24,2026-09-24,
[SET]_[SN]_Carrossel_Oferta - Estoque [TP] [Retormar],2026-09-24,inactive,campaign,AUTOPLUS [FORD] JOAÇABA,865012117311456,8.8,465,387,4,2.2,,,,2026-09-24,2026-09-24,
[SET]_[SN]_Card_Condição - Lote,2026-09-24,inactive,campaign,AUTOPLUS [FORD] JOAÇABA,865012117311456,10.04,434,385,3,3.34666667,,,,2026-09-24,2026-09-24,
[SET]_[N]_Card_Oferta- R/T/M,2026-09-24,inactive,campaign,AUTOPLUS [FORD] JOAÇABA,865012117311456,27.28,1891,1416,20,1.364,Conversas por mensagem iniciadas,4,6.82,2026-09-24,2026-09-24,
[SET]_[SN]_Carrossel_Oferta - Estoque [Retormar],2026-09-24,inactive,campaign,AUTOPLUS [FORD] JOAÇABA,865012117311456,38.3,2541,1753,44,0.87045455,Conversas por mensagem iniciadas,1,38.3,2026-09-24,2026-09-24,
[SET]_[SN]_Carrossel_Oferta - Estoque [TP] [Retormar],2026-09-23,inactive,campaign,AUTOPLUS [FORD] JOAÇABA,865012117311456,11.49,612,509,10,1.149,Conversas por mensagem iniciadas,3,3.83,2026-09-23,2026-09-23,
[SET]_[SN]_Carrossel_Oferta - Estoque [Retormar],2026-09-23,inactive,campaign,AUTOPLUS [FORD] JOAÇABA,865012117311456,39.54,2893,1974,49,0.80693878,Conversas por mensagem iniciadas,7,5.64857143,2026-09-23,2026-09-23,
[SET]_[SN]_Card_Condição - Lote,2026-09-23,inactive,campaign,AUTOPLUS [FORD] JOAÇABA,865012117311456,14.62,682,530,9,1.62444444,,,,2026-09-23,2026-09-23,
[SET]_[N]_Card_Oferta- R/T/M,2026-09-23,inactive,campaign,AUTOPLUS [FORD] JOAÇABA,865012117311456,32.82,2431,1813,28,1.17214286,Conversas por mensagem iniciadas,3,10.94,2026-09-23,2026-09-23,
[SET]_[N]_Vt_Oferta - M/T/R,2026-09-23,inactive,campaign,AUTOPLUS [FORD] JOAÇABA,865012117311456,14.37,324,263,4,3.5925,Conversas por mensagem iniciadas,2,7.185,2026-09-23,2026-09-23,
[SET]_[N]_Card_Oferta - Feirão,2026-09-23,active,campaign,AUTOPLUS [FORD] JOAÇABA,865012117311456,39.17,2413,1718,22,1.78045455,Conversas por mensagem iniciadas,6,6.52833333,2026-09-23,2026-09-23,
[SET]_[N]_Vídeo_Post individual,2026-09-23,active,campaign,AUTOPLUS [FORD] JOAÇABA,865012117311456,8.09,153,142,5,1.618,,,,2026-09-23,2026-09-23,
[SET]_[SN]_Carrossel_Oferta - Estoque [Retormar],2026-09-22,inactive,campaign,AUTOPLUS [FORD] JOAÇABA,865012117311456,49.85,3643,2296,60,0.83083333,Conversas por mensagem iniciadas,1,49.85,2026-09-22,2026-09-22,
[SET]_[N]_Vídeo_Post individual,2026-09-22,active,campaign,AUTOPLUS [FORD] JOAÇABA,865012117311456,8.16,187,170,7,1.16571429,,,,2026-09-22,2026-09-22,
[SET]_[N]_Vt_Oferta - M/T/R,2026-09-22,inactive,campaign,AUTOPLUS [FORD] JOAÇABA,865012117311456,15.65,421,340,13,1.20384615,Conversas por mensagem iniciadas,1,15.65,2026-09-22,2026-09-22,
[SET]_[SN]_Carrossel_Oferta - Estoque [TP] [Retormar],2026-09-22,inactive,campaign,AUTOPLUS [FORD] JOAÇABA,865012117311456,11.75,762,619,12,0.97916667,Conversas por mensagem iniciadas,2,5.875,2026-09-22,2026-09-22,
[SET]_[SN]_Card_Condição - Lote,2026-09-22,inactive,campaign,AUTOPLUS [FORD] JOAÇABA,865012117311456,16.77,574,420,8,2.09625,,,,2026-09-22,2026-09-22,
[SET]_[N]_Card_Oferta- R/T/M,2026-09-22,inactive,campaign,AUTOPLUS [FORD] JOAÇABA,865012117311456,41.11,4340,3349,29,1.41758621,Conversas por mensagem iniciadas,3,13.70333333,2026-09-22,2026-09-22,
[SET]_[N]_Card_Oferta - Feirão,2026-09-22,active,campaign,AUTOPLUS [FORD] JOAÇABA,865012117311456,48.63,3856,2864,25,1.9452,Conversas por mensagem iniciadas,2,24.315,2026-09-22,2026-09-22,
[SET]_[SN]_Card_Condição - Lote,2026-09-21,inactive,campaign,AUTOPLUS [FORD] JOAÇABA,865012117311456,36.13,1154,887,21,1.72047619,Conversas por mensagem iniciadas,3,12.04333333,2026-09-21,2026-09-21,
[SET]_[SN]_Carrossel_Oferta - Estoque [Retormar],2026-09-21,inactive,campaign,AUTOPLUS [FORD] JOAÇABA,865012117311456,45.58,3864,2512,67,0.68029851,Conversas por mensagem iniciadas,7,6.51142857,2026-09-21,2026-09-21,
[SET]_[N]_Card_Oferta- R/T/M,2026-09-21,inactive,campaign,AUTOPLUS [FORD] JOAÇABA,865012117311456,57.88,4971,3715,46,1.25826087,Conversas por mensagem iniciadas,8,7.235,2026-09-21,2026-09-21,
[SET]_[N]_Card_Oferta - Feirão,2026-09-21,active,campaign,AUTOPLUS [FORD] JOAÇABA,865012117311456,47.22,3773,2905,28,1.68642857,Conversas por mensagem iniciadas,2,23.61,2026-09-21,2026-09-21,
[SET]_[SN]_Carrossel_Oferta - Estoque [TP] [Retormar],2026-09-21,inactive,campaign,AUTOPLUS [FORD] JOAÇABA,865012117311456,12.17,972,788,13,0.93615385,Conversas por mensagem iniciadas,1,12.17,2026-09-21,2026-09-21,
[SET]_[N]_Vt_Oferta - M/T/R,2026-09-21,inactive,campaign,AUTOPLUS [FORD] JOAÇABA,865012117311456,54.61,793,638,28,1.95035714,Conversas por mensagem iniciadas,3,18.20333333,2026-09-21,2026-09-21,
[SET]_[N]_Vídeo_Post individual,2026-09-21,active,campaign,AUTOPLUS [FORD] JOAÇABA,865012117311456,12.19,235,222,8,1.52375,Conversas por mensagem iniciadas,1,12.19,2026-09-21,2026-09-21,
[SET]_[SN]_Carrossel_Oferta - Estoque [TP] [Retormar],2026-09-20,inactive,campaign,AUTOPLUS [FORD] JOAÇABA,865012117311456,14.78,1143,943,22,0.67181818,Conversas por mensagem iniciadas,4,3.695,2026-09-20,2026-09-20,
[SET]_[N]_Card_Oferta- R/T/M,2026-09-20,inactive,campaign,AUTOPLUS [FORD] JOAÇABA,865012117311456,77.56,7116,5043,64,1.211875,Conversas por mensagem iniciadas,11,7.05090909,2026-09-20,2026-09-20,
[SET]_[SN]_Carrossel_Oferta - Estoque [Retormar],2026-09-20,inactive,campaign,AUTOPLUS [FORD] JOAÇABA,865012117311456,50.75,4088,2731,80,0.634375,Conversas por mensagem iniciadas,6,8.45833333,2026-09-20,2026-09-20,
[SET]_[SN]_Card_Condição - Lote,2026-09-20,inactive,campaign,AUTOPLUS [FORD] JOAÇABA,865012117311456,37.69,1660,1264,30,1.25633333,Conversas por mensagem iniciadas,1,37.69,2026-09-20,2026-09-20,
[SET]_[N]_Vt_Oferta - M/T/R,2026-09-20,inactive,campaign,AUTOPLUS [FORD] JOAÇABA,865012117311456,82.82,1242,892,51,1.62392157,Conversas por mensagem iniciadas,8,10.3525,2026-09-20,2026-09-20,
[SET]_[N]_Card_Oferta - Feirão,2026-09-20,active,campaign,AUTOPLUS [FORD] JOAÇABA,865012117311456,49.09,4765,3557,43,1.14162791,Conversas por mensagem iniciadas,5,9.818,2026-09-20,2026-09-20,
[SET]_[N]_Vídeo_Post individual,2026-09-20,active,campaign,AUTOPLUS [FORD] JOAÇABA,865012117311456,13.97,288,262,9,1.55222222,Conversas por mensagem iniciadas,1,13.97,2026-09-20,2026-09-20,
[SET]_[N]_Card_Oferta - Feirão,2026-09-19,active,campaign,AUTOPLUS [FORD] JOAÇABA,865012117311456,39.74,3070,2289,34,1.16882353,Conversas por mensagem iniciadas,1,39.74,2026-09-19,2026-09-19,
[SET]_[N]_Vídeo_Post individual,2026-09-19,active,campaign,AUTOPLUS [FORD] JOAÇABA,865012117311456,3.5,127,116,3,1.16666667,,,,2026-09-19,2026-09-19,
[SET]_[N]_Vt_Oferta - M/T/R,2026-09-19,inactive,campaign,AUTOPLUS [FORD] JOAÇABA,865012117311456,31.64,617,470,15,2.10933333,Conversas por mensagem iniciadas,4,7.91,2026-09-19,2026-09-19,
[SET]_[SN]_Carrossel_Oferta - Estoque [TP] [Retormar],2026-09-19,inactive,campaign,AUTOPLUS [FORD] JOAÇABA,865012117311456,4.34,314,268,5,0.868,Conversas por mensagem iniciadas,1,4.34,2026-09-19,2026-09-19,
[SET]_[SN]_Card_Condição - Lote,2026-09-19,inactive,campaign,AUTOPLUS [FORD] JOAÇABA,865012117311456,14.32,817,647,9,1.59111111,,,,2026-09-19,2026-09-19,
[SET]_[N]_Card_Oferta- R/T/M,2026-09-19,inactive,campaign,AUTOPLUS [FORD] JOAÇABA,865012117311456,41.89,3353,2636,36,1.16361111,Conversas por mensagem iniciadas,8,5.23625,2026-09-19,2026-09-19,
[SET]_[SN]_Carrossel_Oferta - Estoque [Retormar],2026-09-19,inactive,campaign,AUTOPLUS [FORD] JOAÇABA,865012117311456,18.95,1760,1247,39,0.48589744,Conversas por mensagem iniciadas,1,18.95,2026-09-19,2026-09-19,
[SET]_[SN]_Card_Condição - Lote,2026-09-18,inactive,campaign,AUTOPLUS [FORD] JOAÇABA,865012117311456,21.46,901,719,14,1.53285714,,,,2026-09-18,2026-09-18,
[SET]_[SN]_Carrossel_Oferta - Estoque [Retormar],2026-09-18,inactive,campaign,AUTOPLUS [FORD] JOAÇABA,865012117311456,31.19,2230,1414,52,0.59980769,Conversas por mensagem iniciadas,5,6.238,2026-09-18,2026-09-18,
[SET]_[N]_Card_Oferta- R/T/M,2026-09-18,inactive,campaign,AUTOPLUS [FORD] JOAÇABA,865012117311456,52.48,3843,2792,46,1.14086957,Conversas por mensagem iniciadas,6,8.74666667,2026-09-18,2026-09-18,
[SET]_[N]_Card_Oferta - Feirão,2026-09-18,active,campaign,AUTOPLUS [FORD] JOAÇABA,865012117311456,39.45,3439,2462,26,1.51730769,Conversas por mensagem iniciadas,1,39.45,2026-09-18,2026-09-18,
[SET]_[SN]_Carrossel_Oferta - Estoque [TP] [Retormar],2026-09-18,inactive,campaign,AUTOPLUS [FORD] JOAÇABA,865012117311456,6.32,492,422,10,0.632,Conversas por mensagem iniciadas,3,2.10666667,2026-09-18,2026-09-18,
[SET]_[N]_Vt_Oferta - M/T/R,2026-09-18,inactive,campaign,AUTOPLUS [FORD] JOAÇABA,865012117311456,46.2,807,603,26,1.77692308,Conversas por mensagem iniciadas,5,9.24,2026-09-18,2026-09-18,
[SET]_[N]_Vídeo_Post individual,2026-09-18,active,campaign,AUTOPLUS [FORD] JOAÇABA,865012117311456,6.83,208,187,2,3.415,,,,2026-09-18,2026-09-18,
[SET]_[N]_Card_Oferta- R/T/M,2026-09-17,inactive,campaign,AUTOPLUS [FORD] JOAÇABA,865012117311456,49.69,4483,3276,55,0.90345455,Conversas por mensagem iniciadas,7,7.09857143,2026-09-17,2026-09-17,
[SET]_[N]_Card_Oferta - Feirão,2026-09-17,active,campaign,AUTOPLUS [FORD] JOAÇABA,865012117311456,40.32,3328,2200,15,2.688,Conversas por mensagem iniciadas,2,20.16,2026-09-17,2026-09-17,
[SET]_[N]_Vídeo_Post individual,2026-09-17,active,campaign,AUTOPLUS [FORD] JOAÇABA,865012117311456,8.99,224,195,2,4.495,,,,2026-09-17,2026-09-17,
[SET]_[N]_Vt_Oferta - M/T/R,2026-09-17,inactive,campaign,AUTOPLUS [FORD] JOAÇABA,865012117311456,44.41,853,635,16,2.775625,Conversas por mensagem iniciadas,1,44.41,2026-09-17,2026-09-17,
[SET]_[SN]_Carrossel_Oferta - Estoque [TP] [Retormar],2026-09-17,inactive,campaign,AUTOPLUS [FORD] JOAÇABA,865012117311456,7.85,488,417,7,1.12142857,,,,2026-09-17,2026-09-17,
[SET]_[SN]_Card_Condição - Lote,2026-09-17,inactive,campaign,AUTOPLUS [FORD] JOAÇABA,865012117311456,26.74,1062,831,24,1.11416667,Conversas por mensagem iniciadas,1,26.74,2026-09-17,2026-09-17,
[SET]_[SN]_Carrossel_Oferta - Estoque [Retormar],2026-09-17,inactive,campaign,AUTOPLUS [FORD] JOAÇABA,865012117311456,34.46,2435,1684,45,0.76577778,Conversas por mensagem iniciadas,2,17.23,2026-09-17,2026-09-17,
[SET]_[N]_Card_Oferta - Feirão,2026-09-16,active,campaign,AUTOPLUS [FORD] JOAÇABA,865012117311456,10.88,919,706,5,2.176,Conversas por mensagem iniciadas,1,10.88,2026-09-16,2026-09-16,
[SET]_[N]_Vídeo_Post individual,2026-09-16,active,campaign,AUTOPLUS [FORD] JOAÇABA,865012117311456,13.91,283,251,6,2.31833333,Conversas por mensagem iniciadas,1,13.91,2026-09-16,2026-09-16,
[SET]_[N]_Vt_Oferta - M/T/R,2026-09-16,inactive,campaign,AUTOPLUS [FORD] JOAÇABA,865012117311456,68,1265,890,25,2.72,Conversas por mensagem iniciadas,2,34,2026-09-16,2026-09-16,
[SET]_[SN]_Carrossel_Oferta - Estoque [TP] [Retormar],2026-09-16,inactive,campaign,AUTOPLUS [FORD] JOAÇABA,865012117311456,10.99,699,577,16,0.686875,,,,2026-09-16,2026-09-16,
[SET]_[SN]_Card_Condição - Lote,2026-09-16,inactive,campaign,AUTOPLUS [FORD] JOAÇABA,865012117311456,31.49,1315,983,24,1.31208333,,,,2026-09-16,2026-09-16,
[SET]_[N]_Card_Oferta- R/T/M,2026-09-16,inactive,campaign,AUTOPLUS [FORD] JOAÇABA,865012117311456,64.75,5966,4328,63,1.02777778,Conversas por mensagem iniciadas,4,16.1875,2026-09-16,2026-09-16,
[SET]_[SN]_Carrossel_Oferta - Estoque [Retormar],2026-09-16,inactive,campaign,AUTOPLUS [FORD] JOAÇABA,865012117311456,42.32,2988,2063,61,0.69377049,Conversas por mensagem iniciadas,5,8.464,2026-09-16,2026-09-16,
[SET]_[N]_Vídeo_Post individual,2026-09-15,active,campaign,AUTOPLUS [FORD] JOAÇABA,865012117311456,11.81,406,342,2,5.905,,,,2026-09-15,2026-09-15,
[SET]_[N]_Vt_Oferta - M/T/R,2026-09-15,inactive,campaign,AUTOPLUS [FORD] JOAÇABA,865012117311456,75.76,1857,1456,41,1.84780488,Conversas por mensagem iniciadas,4,18.94,2026-09-15,2026-09-15,
[SET]_[SN]_Carrossel_Oferta - Estoque [TP] [Retormar],2026-09-15,inactive,campaign,AUTOPLUS [FORD] JOAÇABA,865012117311456,13.45,794,687,12,1.12083333,,,,2026-09-15,2026-09-15,
[SET]_[SN]_Card_Condição - Lote,2026-09-15,inactive,campaign,AUTOPLUS [FORD] JOAÇABA,865012117311456,40.52,1518,1124,19,2.13263158,Conversas por mensagem iniciadas,1,40.52,2026-09-15,2026-09-15,
[SET]_[N]_Card_Oferta- R/T/M,2026-09-15,inactive,campaign,AUTOPLUS [FORD] JOAÇABA,865012117311456,74.31,5577,4176,32,2.3221875,Conversas por mensagem iniciadas,7,10.61571429,2026-09-15,2026-09-15,
[SET]_[SN]_Carrossel_Oferta - Estoque [Retormar],2026-09-15,inactive,campaign,AUTOPLUS [FORD] JOAÇABA,865012117311456,51.12,3248,2285,67,0.76298507,Conversas por mensagem iniciadas,5,10.224,2026-09-15,2026-09-15,
[SET]_[SN]_Card_Condição - Lote,2026-09-14,inactive,campaign,AUTOPLUS [FORD] JOAÇABA,865012117311456,43.54,1413,1086,12,3.62833333,Conversas por mensagem iniciadas,1,43.54,2026-09-14,2026-09-14,
[SET]_[N]_Card_Oferta- R/T/M,2026-09-14,inactive,campaign,AUTOPLUS [FORD] JOAÇABA,865012117311456,78.57,4921,3657,31,2.53451613,Conversas por mensagem iniciadas,3,26.19,2026-09-14,2026-09-14,
[SET]_[SN]_Carrossel_Oferta - Estoque [Retormar],2026-09-14,inactive,campaign,AUTOPLUS [FORD] JOAÇABA,865012117311456,52.97,2876,2053,42,1.26119048,,,,2026-09-14,2026-09-14,
[SET]_[SN]_Carrossel_Oferta - Estoque [TP] [Retormar],2026-09-14,inactive,campaign,AUTOPLUS [FORD] JOAÇABA,865012117311456,13.75,654,581,9,1.52777778,,,,2026-09-14,2026-09-14,
[SET]_[N]_Vídeo_Post individual,2026-09-14,active,campaign,AUTOPLUS [FORD] JOAÇABA,865012117311456,13.7,294,264,2,6.85,Conversas por mensagem iniciadas,1,13.7,2026-09-14,2026-09-14,
[SET]_[N]_Vt_Oferta - M/T/R,2026-09-14,inactive,campaign,AUTOPLUS [FORD] JOAÇABA,865012117311456,84.29,1722,1254,55,1.53254545,Conversas por mensagem iniciadas,2,42.145,2026-09-14,2026-09-14,
[SET]_[N]_Vídeo_Post individual,2026-09-13,active,campaign,AUTOPLUS [FORD] JOAÇABA,865012117311456,11.16,297,255,2,5.58,Conversas por mensagem iniciadas,1,11.16,2026-09-13,2026-09-13,
[SET]_[N]_Vt_Oferta - M/T/R,2026-09-13,inactive,campaign,AUTOPLUS [FORD] JOAÇABA,865012117311456,69.66,1639,1242,42,1.65857143,Conversas por mensagem iniciadas,6,11.61,2026-09-13,2026-09-13,
[SET]_[SN]_Carrossel_Oferta - Estoque [TP] [Retormar],2026-09-13,inactive,campaign,AUTOPLUS [FORD] JOAÇABA,865012117311456,13.26,698,603,10,1.326,,,,2026-09-13,2026-09-13,
[SET]_[SN]_Card_Condição - Lote,2026-09-13,inactive,campaign,AUTOPLUS [FORD] JOAÇABA,865012117311456,31.91,1154,876,18,1.77277778,Conversas por mensagem iniciadas,1,31.91,2026-09-13,2026-09-13,
[SET]_[N]_Card_Oferta- R/T/M,2026-09-13,inactive,campaign,AUTOPLUS [FORD] JOAÇABA,865012117311456,58.28,4890,3613,38,1.53368421,Conversas por mensagem iniciadas,3,19.42666667,2026-09-13,2026-09-13,
[SET]_[SN]_Carrossel_Oferta - Estoque [Retormar],2026-09-13,inactive,campaign,AUTOPLUS [FORD] JOAÇABA,865012117311456,48.97,2641,1760,47,1.04191489,Conversas por mensagem iniciadas,6,8.16166667,2026-09-13,2026-09-13,
[SET]_[SN]_Card_Condição - Lote,2026-09-12,inactive,campaign,AUTOPLUS [FORD] JOAÇABA,865012117311456,5.73,314,250,13,0.44076923,,,,2026-09-12,2026-09-12,
[SET]_[SN]_Carrossel_Oferta - Estoque [Retormar],2026-09-12,inactive,campaign,AUTOPLUS [FORD] JOAÇABA,865012117311456,16.75,1367,969,35,0.47857143,Conversas por mensagem iniciadas,2,8.375,2026-09-12,2026-09-12,
[SET]_[N]_Card_Oferta- R/T/M,2026-09-12,inactive,campaign,AUTOPLUS [FORD] JOAÇABA,865012117311456,33.18,2750,2112,21,1.58,Conversas por mensagem iniciadas,4,8.295,2026-09-12,2026-09-12,
[SET]_[N]_Vt_Oferta - M/T/R,2026-09-12,inactive,campaign,AUTOPLUS [FORD] JOAÇABA,865012117311456,26.05,691,524,15,1.73666667,Conversas por mensagem iniciadas,3,8.68333333,2026-09-12,2026-09-12,
[SET]_[SN]_Carrossel_Oferta - Estoque [TP] [Retormar],2026-09-12,inactive,campaign,AUTOPLUS [FORD] JOAÇABA,865012117311456,4.03,320,291,1,4.03,,,,2026-09-12,2026-09-12,
[SET]_[N]_Vídeo_Post individual,2026-09-12,active,campaign,AUTOPLUS [FORD] JOAÇABA,865012117311456,6.77,262,227,1,6.77,,,,2026-09-12,2026-09-12,
[SET]_[N]_Vídeo_Post individual,2026-09-11,active,campaign,AUTOPLUS [FORD] JOAÇABA,865012117311456,8.26,364,321,2,4.13,,,,2026-09-11,2026-09-11,
[SET]_[N]_Vt_Oferta - M/T/R,2026-09-11,inactive,campaign,AUTOPLUS [FORD] JOAÇABA,865012117311456,41.86,790,560,17,2.46235294,Conversas por mensagem iniciadas,4,10.465,2026-09-11,2026-09-11,
[SET]_[SN]_Carrossel_Oferta - Estoque [TP] [Retormar],2026-09-11,inactive,campaign,AUTOPLUS [FORD] JOAÇABA,865012117311456,8.4,548,483,4,2.1,,,,2026-09-11,2026-09-11,
[SET]_[SN]_Card_Condição - Lote,2026-09-11,inactive,campaign,AUTOPLUS [FORD] JOAÇABA,865012117311456,34.32,1795,1518,9,3.81333333,Conversas por mensagem iniciadas,1,34.32,2026-09-11,2026-09-11,
[SET]_[N]_Card_Oferta- R/T/M,2026-09-11,inactive,campaign,AUTOPLUS [FORD] JOAÇABA,865012117311456,52.7,5107,3795,25,2.108,Conversas por mensagem iniciadas,3,17.56666667,2026-09-11,2026-09-11,
[SET]_[SN]_Carrossel_Oferta - Estoque [Retormar],2026-09-11,inactive,campaign,AUTOPLUS [FORD] JOAÇABA,865012117311456,29.83,2397,1560,29,1.02862069,Conversas por mensagem iniciadas,1,29.83,2026-09-11,2026-09-11,
[SET]_[N]_Card_Oferta- R/T/M,2026-09-10,inactive,campaign,AUTOPLUS [FORD] JOAÇABA,865012117311456,67.69,5049,3423,46,1.47152174,Conversas por mensagem iniciadas,6,11.28166667,2026-09-10,2026-09-10,
[SET]_[SN]_Carrossel_Oferta - Estoque [Retormar],2026-09-10,inactive,campaign,AUTOPLUS [FORD] JOAÇABA,865012117311456,41.42,3659,2382,56,0.73964286,Conversas por mensagem iniciadas,6,6.90333333,2026-09-10,2026-09-10,
[SET]_[SN]_Card_Condição - Lote,2026-09-10,inactive,campaign,AUTOPLUS [FORD] JOAÇABA,865012117311456,30.16,1670,1212,13,2.32,Conversas por mensagem iniciadas,1,30.16,2026-09-10,2026-09-10,
[SET]_[SN]_Carrossel_Oferta - Estoque [TP] [Retormar],2026-09-10,inactive,campaign,AUTOPLUS [FORD] JOAÇABA,865012117311456,12.34,798,656,10,1.234,,,,2026-09-10,2026-09-10,
[SET]_[N]_Vt_Oferta - M/T/R,2026-09-10,inactive,campaign,AUTOPLUS [FORD] JOAÇABA,865012117311456,58.7,868,577,31,1.89354839,Conversas por mensagem iniciadas,4,14.675,2026-09-10,2026-09-10,
[SET]_[N]_Vt_Oferta - M/T/R,2026-09-09,inactive,campaign,AUTOPLUS [FORD] JOAÇABA,865012117311456,65.76,1308,982,27,2.43555556,Conversas por mensagem iniciadas,5,13.152,2026-09-09,2026-09-09,
[SET]_[SN]_Carrossel_Oferta - Estoque [TP] [Retormar],2026-09-09,inactive,campaign,AUTOPLUS [FORD] JOAÇABA,865012117311456,10.42,776,709,9,1.15777778,Conversas por mensagem iniciadas,2,5.21,2026-09-09,2026-09-09,
[SET]_[SN]_Card_Condição - Lote,2026-09-09,inactive,campaign,AUTOPLUS [FORD] JOAÇABA,865012117311456,34.8,3110,2497,18,1.93333333,Conversas por mensagem iniciadas,2,17.4,2026-09-09,2026-09-09,
[SET]_[N]_Card_Oferta- R/T/M,2026-09-09,inactive,campaign,AUTOPLUS [FORD] JOAÇABA,865012117311456,78.32,6238,4603,52,1.50615385,Conversas por mensagem iniciadas,8,9.79,2026-09-09,2026-09-09,
[SET]_[SN]_Carrossel_Oferta - Estoque [Retormar],2026-09-09,inactive,campaign,AUTOPLUS [FORD] JOAÇABA,865012117311456,50.09,3904,2664,74,0.67689189,Conversas por mensagem iniciadas,6,8.34833333,2026-09-09,2026-09-09,
[SET]_[SN]_Card_Condição - Lote,2026-09-08,inactive,campaign,AUTOPLUS [FORD] JOAÇABA,865012117311456,33.91,2287,1664,22,1.54136364,Conversas por mensagem iniciadas,3,11.30333333,2026-09-08,2026-09-08,
[SET]_[SN]_Carrossel_Oferta - Estoque [Retormar],2026-09-08,inactive,campaign,AUTOPLUS [FORD] JOAÇABA,865012117311456,43.37,3634,2423,63,0.6884127,Conversas por mensagem iniciadas,2,21.685,2026-09-08,2026-09-08,
[SET]_[N]_Card_Oferta- R/T/M,2026-09-08,inactive,campaign,AUTOPLUS [FORD] JOAÇABA,865012117311456,56.28,5548,4445,51,1.10352941,Conversas por mensagem iniciadas,5,11.256,2026-09-08,2026-09-08,
[SET]_[N]_Vt_Oferta - M/T/R,2026-09-08,inactive,campaign,AUTOPLUS [FORD] JOAÇABA,865012117311456,71.01,1019,727,40,1.77525,Conversas por mensagem iniciadas,6,11.835,2026-09-08,2026-09-08,
[SET]_[SN]_Carrossel_Oferta - Estoque [TP] [Retormar],2026-09-08,inactive,campaign,AUTOPLUS [FORD] JOAÇABA,865012117311456,9.31,697,589,21,0.44333333,Conversas por mensagem iniciadas,1,9.31,2026-09-08,2026-09-08,
[SET]_[SN]_Carrossel_Oferta - Estoque [Retormar],2026-09-07,inactive,campaign,AUTOPLUS [FORD] JOAÇABA,865012117311456,47.81,4016,2625,48,0.99604167,Conversas por mensagem iniciadas,2,23.905,2026-09-07,2026-09-07,
[SET]_[N]_Vt_Oferta - M/T/R,2026-09-07,inactive,campaign,AUTOPLUS [FORD] JOAÇABA,865012117311456,73.39,1633,1211,42,1.74738095,Conversas por mensagem iniciadas,6,12.23166667,2026-09-07,2026-09-07,
[SET]_[SN]_Carrossel_Oferta - Estoque [TP] [Retormar],2026-09-07,inactive,campaign,AUTOPLUS [FORD] JOAÇABA,865012117311456,12.05,968,803,13,0.92692308,Conversas por mensagem iniciadas,2,6.025,2026-09-07,2026-09-07,
[SET]_[SN]_Card_Condição - Lote,2026-09-07,inactive,campaign,AUTOPLUS [FORD] JOAÇABA,865012117311456,30.38,2180,1652,24,1.26583333,Conversas por mensagem iniciadas,3,10.12666667,2026-09-07,2026-09-07,
[SET]_[N]_Card_Oferta- R/T/M,2026-09-07,inactive,campaign,AUTOPLUS [FORD] JOAÇABA,865012117311456,57.25,4851,3701,30,1.90833333,Conversas por mensagem iniciadas,4,14.3125,2026-09-07,2026-09-07,
[SET]_[SN]_Card_Condição - Lote,2026-09-06,inactive,campaign,AUTOPLUS [FORD] JOAÇABA,865012117311456,40.66,2911,2191,28,1.45214286,Conversas por mensagem iniciadas,2,20.33,2026-09-06,2026-09-06,
[SET]_[SN]_Carrossel_Oferta - Estoque [Retormar],2026-09-06,inactive,campaign,AUTOPLUS [FORD] JOAÇABA,865012117311456,50.71,5094,3411,87,0.58287356,Conversas por mensagem iniciadas,9,5.63444444,2026-09-06,2026-09-06,
[SET]_[N]_Card_Oferta- R/T/M,2026-09-06,inactive,campaign,AUTOPLUS [FORD] JOAÇABA,865012117311456,74.55,5816,4062,41,1.81829268,Conversas por mensagem iniciadas,6,12.425,2026-09-06,2026-09-06,
[SET]_[N]_Vt_Oferta - M/T/R,2026-09-06,inactive,campaign,AUTOPLUS [FORD] JOAÇABA,865012117311456,83.02,1571,1090,46,1.80478261,Conversas por mensagem iniciadas,11,7.54727273,2026-09-06,2026-09-06,
[SET]_[SN]_Carrossel_Oferta - Estoque [TP] [Retormar],2026-09-06,inactive,campaign,AUTOPLUS [FORD] JOAÇABA,865012117311456,13.36,1114,937,17,0.78588235,Conversas por mensagem iniciadas,6,2.22666667,2026-09-06,2026-09-06,
[SET]_[N]_Vt_Oferta - M/T/R,2026-09-05,inactive,campaign,AUTOPLUS [FORD] JOAÇABA,865012117311456,50.84,1089,813,18,2.82444444,Conversas por mensagem iniciadas,2,25.42,2026-09-05,2026-09-05,
[SET]_[SN]_Carrossel_Oferta - Estoque [TP] [Retormar],2026-09-05,inactive,campaign,AUTOPLUS [FORD] JOAÇABA,865012117311456,4.71,480,431,6,0.785,,,,2026-09-05,2026-09-05,
[SET]_[SN]_Card_Condição - Lote,2026-09-05,inactive,campaign,AUTOPLUS [FORD] JOAÇABA,865012117311456,14.22,804,674,4,3.555,Conversas por mensagem iniciadas,2,7.11,2026-09-05,2026-09-05,
[SET]_[N]_Card_Oferta- R/T/M,2026-09-05,inactive,campaign,AUTOPLUS [FORD] JOAÇABA,865012117311456,38.93,3190,2259,22,1.76954545,Conversas por mensagem iniciadas,2,19.465,2026-09-05,2026-09-05,
[SET]_[SN]_Carrossel_Oferta - Estoque [Retormar],2026-09-05,inactive,campaign,AUTOPLUS [FORD] JOAÇABA,865012117311456,20.35,2092,1438,33,0.61666667,Conversas por mensagem iniciadas,3,6.78333333,2026-09-05,2026-09-05,
[SET]_[N]_Vt_Oferta - M/T/R,2026-09-04,inactive,campaign,AUTOPLUS [FORD] JOAÇABA,865012117311456,33.64,862,689,18,1.86888889,Conversas por mensagem iniciadas,2,16.82,2026-09-04,2026-09-04,
[SET]_[SN]_Carrossel_Oferta - Estoque [TP] [Retormar],2026-09-04,inactive,campaign,AUTOPLUS [FORD] JOAÇABA,865012117311456,7.14,694,593,18,0.39666667,,,,2026-09-04,2026-09-04,
[SET]_[SN]_Card_Condição - Lote,2026-09-04,inactive,campaign,AUTOPLUS [FORD] JOAÇABA,865012117311456,20.02,1224,917,8,2.5025,Conversas por mensagem iniciadas,2,10.01,2026-09-04,2026-09-04,
[SET]_[N]_Card_Oferta- R/T/M,2026-09-04,inactive,campaign,AUTOPLUS [FORD] JOAÇABA,865012117311456,43.13,3128,2191,25,1.7252,Conversas por mensagem iniciadas,2,21.565,2026-09-04,2026-09-04,
[SET]_[SN]_Carrossel_Oferta - Estoque [Retormar],2026-09-04,inactive,campaign,AUTOPLUS [FORD] JOAÇABA,865012117311456,27.91,2623,1763,45,0.62022222,Conversas por mensagem iniciadas,2,13.955,2026-09-04,2026-09-04,
[SET]_[SN]_Carrossel_Oferta - Estoque [TP] [Retormar],2026-09-03,inactive,campaign,AUTOPLUS [FORD] JOAÇABA,865012117311456,8.84,566,509,9,0.98222222,,,,2026-09-03,2026-09-03,
[SET]_[SN]_Card_Condição - Lote,2026-09-03,inactive,campaign,AUTOPLUS [FORD] JOAÇABA,865012117311456,29.49,2365,1903,37,0.79702703,Conversas por mensagem iniciadas,3,9.83,2026-09-03,2026-09-03,
[SET]_[N]_Card_Oferta- R/T/M,2026-09-03,inactive,campaign,AUTOPLUS [FORD] JOAÇABA,865012117311456,60.89,5659,4391,39,1.56128205,Conversas por mensagem iniciadas,3,20.29666667,2026-09-03,2026-09-03,
[SET]_[SN]_Carrossel_Oferta - Estoque [Retormar],2026-09-03,inactive,campaign,AUTOPLUS [FORD] JOAÇABA,865012117311456,42.89,3470,2447,56,0.76589286,Conversas por mensagem iniciadas,2,21.445,2026-09-03,2026-09-03,
[SET]_[N]_Card_Oferta- R/T/M,2026-09-02,inactive,campaign,AUTOPLUS [FORD] JOAÇABA,865012117311456,64.08,7645,6031,56,1.14428571,Conversas por mensagem iniciadas,6,10.68,2026-09-02,2026-09-02,
[SET]_[SN]_Carrossel_Oferta - Estoque [Retormar],2026-09-02,inactive,campaign,AUTOPLUS [FORD] JOAÇABA,865012117311456,44.96,4566,3125,81,0.55506173,Conversas por mensagem iniciadas,9,4.99555556,2026-09-02,2026-09-02,
[SET]_[SN]_Card_Condição - Lote,2026-09-02,inactive,campaign,AUTOPLUS [FORD] JOAÇABA,865012117311456,30.83,3548,3032,49,0.62918367,Conversas por mensagem iniciadas,2,15.415,2026-09-02,2026-09-02,
[SET]_[SN]_Carrossel_Oferta - Estoque [TP] [Retormar],2026-09-02,inactive,campaign,AUTOPLUS [FORD] JOAÇABA,865012117311456,10.7,988,838,18,0.59444444,Conversas por mensagem iniciadas,4,2.675,2026-09-02,2026-09-02,
[SET]_[SN]_Card_Condição - Lote,2026-09-01,inactive,campaign,AUTOPLUS [FORD] JOAÇABA,865012117311456,38.77,4567,3882,69,0.56188406,Conversas por mensagem iniciadas,5,7.754,2026-09-01,2026-09-01,
[SET]_[N]_Card_Oferta- R/T/M,2026-09-01,inactive,campaign,AUTOPLUS [FORD] JOAÇABA,865012117311456,73.66,9363,7262,81,0.90938272,Conversas por mensagem iniciadas,8,9.2075,2026-09-01,2026-09-01,
[SET]_[SN]_Carrossel_Oferta - Estoque [TP] [Retormar],2026-09-01,inactive,campaign,AUTOPLUS [FORD] JOAÇABA,865012117311456,12.72,771,665,17,0.74823529,Conversas por mensagem iniciadas,3,4.24,2026-09-01,2026-09-01,
[SET]_[SN]_Carrossel_Oferta - Estoque [Retormar],2026-09-01,inactive,campaign,AUTOPLUS [FORD] JOAÇABA,865012117311456,45.72,3837,2754,66,0.69272727,Conversas por mensagem iniciadas,2,22.86,2026-09-01,2026-09-01,
