Nome da campanha,Dia,Status de veiculação,Nível de veiculação,Nome da conta,Identificação da conta,Valor gasto (BRL),Impressões,Alcance,Cliques no link,CPC (custo por clique no link),Tipo de resultado,Resultados,Custo por resultado,Início dos relatórios,Encerramento dos relatórios,Resultados (iniciais)
[SET]_[SN]_Card_Condição - Lote,2026-09-01,active,campaign,AUTOPLUS [FORD] BLUMENAU,496393841435219,23.49,1188,1028,8,2.93625,Conversas por mensagem iniciadas,3,7.83,2026-09-01,2026-09-01,
[SET]_[N]_Card_Oferta - R/T/M,2026-09-01,active,campaign,AUTOPLUS [FORD] BLUMENAU,496393841435219,70.6,4539,3538,61,1.15737705,Conversas por mensagem iniciadas,4,17.65,2026-09-01,2026-09-01,
[SET]_[SN]_Carrossel_Oferta - Estoque [TP],2026-09-01,active,campaign,AUTOPLUS [FORD] BLUMENAU,496393841435219,13.59,901,747,19,0.71526316,Conversas por mensagem iniciadas,3,4.53,2026-09-01,2026-09-01,
[SET]_[SN]_Carrossel_Oferta - Estoque,2026-09-01,active,campaign,AUTOPLUS [FORD] BLUMENAU,496393841435219,25.01,1278,987,31,0.80677419,Conversas por mensagem iniciadas,3,8.33666667,2026-09-01,2026-09-01,
[SET]_[SN]_Carrossel_Oferta - Estoque [TP],2026-09-02,active,campaign,AUTOPLUS [FORD] BLUMENAU,496393841435219,11.18,832,697,11,1.01636364,Conversas por mensagem iniciadas,3,3.72666667,2026-09-02,2026-09-02,
[SET]_[SN]_Card_Condição - Lote,2026-09-02,active,campaign,AUTOPLUS [FORD] BLUMENAU,496393841435219,20.1,1125,958,7,2.87142857,,,,2026-09-02,2026-09-02,
[SET]_[N]_Card_Oferta - R/T/M,2026-09-02,active,campaign,AUTOPLUS [FORD] BLUMENAU,496393841435219,65.45,5036,3745,56,1.16875,Conversas por mensagem iniciadas,9,7.27222222,2026-09-02,2026-09-02,
[SET]_[SN]_Carrossel_Oferta - Estoque,2026-09-02,active,campaign,AUTOPLUS [FORD] BLUMENAU,496393841435219,21.46,1448,1069,31,0.69225806,Conversas por mensagem iniciadas,5,4.292,2026-09-02,2026-09-02,
[SET]_[SN]_Carrossel_Oferta - Estoque [TP],2026-09-03,active,campaign,AUTOPLUS [FORD] BLUMENAU,496393841435219,9.03,509,426,6,1.505,Conversas por mensagem iniciadas,1,9.03,2026-09-03,2026-09-03,
[SET]_[SN]_Card_Condição - Lote,2026-09-03,active,campaign,AUTOPLUS [FORD] BLUMENAU,496393841435219,19.99,1027,873,9,2.22111111,,,,2026-09-03,2026-09-03,
[SET]_[N]_Card_Oferta - R/T/M,2026-09-03,active,campaign,AUTOPLUS [FORD] BLUMENAU,496393841435219,63.78,3996,2908,38,1.67842105,Conversas por mensagem iniciadas,3,21.26,2026-09-03,2026-09-03,
[SET]_[SN]_Carrossel_Oferta - Estoque,2026-09-03,active,campaign,AUTOPLUS [FORD] BLUMENAU,496393841435219,19.56,1161,881,22,0.88909091,,,,2026-09-03,2026-09-03,
[SET]_[N]_Vt_Oferta - M/T/R,2026-09-04,active,campaign,AUTOPLUS [FORD] BLUMENAU,496393841435219,37.58,741,600,17,2.21058824,Conversas por mensagem iniciadas,5,7.516,2026-09-04,2026-09-04,
[SET]_[SN]_Carrossel_Oferta - Estoque [TP],2026-09-04,active,campaign,AUTOPLUS [FORD] BLUMENAU,496393841435219,5.56,384,326,7,0.79428571,Conversas por mensagem iniciadas,1,5.56,2026-09-04,2026-09-04,
[SET]_[SN]_Card_Condição - Lote,2026-09-04,active,campaign,AUTOPLUS [FORD] BLUMENAU,496393841435219,17.62,766,645,8,2.2025,,,,2026-09-04,2026-09-04,
[SET]_[N]_Card_Oferta - R/T/M,2026-09-04,active,campaign,AUTOPLUS [FORD] BLUMENAU,496393841435219,51.79,2940,2078,29,1.78586207,Conversas por mensagem iniciadas,2,25.895,2026-09-04,2026-09-04,
[SET]_[SN]_Carrossel_Oferta - Estoque,2026-09-04,active,campaign,AUTOPLUS [FORD] BLUMENAU,496393841435219,16.82,908,682,23,0.73130435,Conversas por mensagem iniciadas,1,16.82,2026-09-04,2026-09-04,
[SET]_[SN]_Carrossel_Oferta - Estoque,2026-09-05,active,campaign,AUTOPLUS [FORD] BLUMENAU,496393841435219,9.61,771,621,24,0.40041667,Conversas por mensagem iniciadas,4,2.4025,2026-09-05,2026-09-05,
[SET]_[SN]_Card_Condição - Lote,2026-09-05,active,campaign,AUTOPLUS [FORD] BLUMENAU,496393841435219,11.3,489,414,5,2.26,,,,2026-09-05,2026-09-05,
[SET]_[N]_Card_Oferta - R/T/M,2026-09-05,active,campaign,AUTOPLUS [FORD] BLUMENAU,496393841435219,35.57,2128,1578,23,1.54652174,Conversas por mensagem iniciadas,2,17.785,2026-09-05,2026-09-05,
[SET]_[SN]_Carrossel_Oferta - Estoque [TP],2026-09-05,active,campaign,AUTOPLUS [FORD] BLUMENAU,496393841435219,3.03,245,219,1,3.03,Conversas por mensagem iniciadas,1,3.03,2026-09-05,2026-09-05,
[SET]_[N]_Vt_Oferta - M/T/R,2026-09-05,active,campaign,AUTOPLUS [FORD] BLUMENAU,496393841435219,52.13,894,686,37,1.40891892,Conversas por mensagem iniciadas,3,17.37666667,2026-09-05,2026-09-05,
[SET]_[N]_Vt_Oferta - M/T/R,2026-09-06,active,campaign,AUTOPLUS [FORD] BLUMENAU,496393841435219,71.33,2048,1670,167,0.42712575,Conversas por mensagem iniciadas,7,10.19,2026-09-06,2026-09-06,
[SET]_[SN]_Carrossel_Oferta - Estoque [TP],2026-09-06,active,campaign,AUTOPLUS [FORD] BLUMENAU,496393841435219,14.63,816,660,16,0.914375,,,,2026-09-06,2026-09-06,
[SET]_[SN]_Card_Condição - Lote,2026-09-06,active,campaign,AUTOPLUS [FORD] BLUMENAU,496393841435219,20.08,806,640,4,5.02,,,,2026-09-06,2026-09-06,
[SET]_[N]_Card_Oferta - R/T/M,2026-09-06,active,campaign,AUTOPLUS [FORD] BLUMENAU,496393841435219,70.81,4401,3175,47,1.50659574,Conversas por mensagem iniciadas,4,17.7025,2026-09-06,2026-09-06,
[SET]_[SN]_Carrossel_Oferta - Estoque,2026-09-06,active,campaign,AUTOPLUS [FORD] BLUMENAU,496393841435219,24.74,1819,1376,34,0.72764706,Conversas por mensagem iniciadas,3,8.24666667,2026-09-06,2026-09-06,
[SET]_[N]_Vt_Oferta - M/T/R,2026-09-07,active,campaign,AUTOPLUS [FORD] BLUMENAU,496393841435219,52.99,2467,2062,203,0.26103448,Conversas por mensagem iniciadas,2,26.495,2026-09-07,2026-09-07,
[SET]_[SN]_Carrossel_Oferta - Estoque [TP],2026-09-07,active,campaign,AUTOPLUS [FORD] BLUMENAU,496393841435219,11.44,750,621,11,1.04,Conversas por mensagem iniciadas,1,11.44,2026-09-07,2026-09-07,
[SET]_[SN]_Card_Condição - Lote,2026-09-07,active,campaign,AUTOPLUS [FORD] BLUMENAU,496393841435219,18.59,790,689,4,4.6475,Conversas por mensagem iniciadas,1,18.59,2026-09-07,2026-09-07,
[SET]_[N]_Card_Oferta - R/T/M,2026-09-07,active,campaign,AUTOPLUS [FORD] BLUMENAU,496393841435219,63.89,4326,3320,39,1.63820513,Conversas por mensagem iniciadas,2,31.945,2026-09-07,2026-09-07,
[SET]_[SN]_Carrossel_Oferta - Estoque,2026-09-07,active,campaign,AUTOPLUS [FORD] BLUMENAU,496393841435219,21.71,1452,1112,29,0.74862069,,,,2026-09-07,2026-09-07,
[SET]_[SN]_Card_Condição - Lote,2026-09-08,active,campaign,AUTOPLUS [FORD] BLUMENAU,496393841435219,24.76,1176,996,13,1.90461538,Conversas por mensagem iniciadas,1,24.76,2026-09-08,2026-09-08,
[SET]_[N]_Vt_Oferta - M/T/R,2026-09-08,active,campaign,AUTOPLUS [FORD] BLUMENAU,496393841435219,68.31,3666,3112,257,0.26579767,Conversas por mensagem iniciadas,6,11.385,2026-09-08,2026-09-08,
[SET]_[SN]_Carrossel_Oferta - Estoque [TP],2026-09-08,active,campaign,AUTOPLUS [FORD] BLUMENAU,496393841435219,9.25,464,380,5,1.85,Conversas por mensagem iniciadas,3,3.08333333,2026-09-08,2026-09-08,
[SET]_[N]_Card_Oferta - R/T/M,2026-09-08,active,campaign,AUTOPLUS [FORD] BLUMENAU,496393841435219,37.22,2337,1867,17,2.18941176,Conversas por mensagem iniciadas,3,12.40666667,2026-09-08,2026-09-08,
[SET]_[SN]_Carrossel_Oferta - Estoque,2026-09-08,active,campaign,AUTOPLUS [FORD] BLUMENAU,496393841435219,28.88,1214,923,32,0.9025,Conversas por mensagem iniciadas,5,5.776,2026-09-08,2026-09-08,
[SET]_[N]_Vt_Oferta - M/T/R,2026-09-09,active,campaign,AUTOPLUS [FORD] BLUMENAU,496393841435219,78.54,1566,1229,33,2.38,Conversas por mensagem iniciadas,6,13.09,2026-09-09,2026-09-09,
[SET]_[SN]_Carrossel_Oferta - Estoque [TP],2026-09-09,active,campaign,AUTOPLUS [FORD] BLUMENAU,496393841435219,13.08,679,580,14,0.93428571,Conversas por mensagem iniciadas,1,13.08,2026-09-09,2026-09-09,
[SET]_[SN]_Card_Condição - Lote,2026-09-09,active,campaign,AUTOPLUS [FORD] BLUMENAU,496393841435219,29.98,1422,1198,20,1.499,Conversas por mensagem iniciadas,5,5.996,2026-09-09,2026-09-09,
[SET]_[N]_Card_Oferta - R/T/M,2026-09-09,active,campaign,AUTOPLUS [FORD] BLUMENAU,496393841435219,86.72,5017,3689,38,2.28210526,Conversas por mensagem iniciadas,7,12.38857143,2026-09-09,2026-09-09,
[SET]_[SN]_Carrossel_Oferta - Estoque,2026-09-09,active,campaign,AUTOPLUS [FORD] BLUMENAU,496393841435219,27.59,1430,1019,41,0.67292683,Conversas por mensagem iniciadas,8,3.44875,2026-09-09,2026-09-09,
[SET]_[N]_Vt_Oferta - M/T/R,2026-09-10,active,campaign,AUTOPLUS [FORD] BLUMENAU,496393841435219,75.11,1079,846,31,2.42290323,Conversas por mensagem iniciadas,8,9.38875,2026-09-10,2026-09-10,
[SET]_[SN]_Carrossel_Oferta - Estoque [TP],2026-09-10,active,campaign,AUTOPLUS [FORD] BLUMENAU,496393841435219,11.22,529,443,15,0.748,,,,2026-09-10,2026-09-10,
[SET]_[SN]_Card_Condição - Lote,2026-09-10,active,campaign,AUTOPLUS [FORD] BLUMENAU,496393841435219,22.96,948,773,6,3.82666667,Conversas por mensagem iniciadas,2,11.48,2026-09-10,2026-09-10,
[SET]_[N]_Card_Oferta - R/T/M,2026-09-10,active,campaign,AUTOPLUS [FORD] BLUMENAU,496393841435219,74.55,5355,3848,48,1.553125,Conversas por mensagem iniciadas,9,8.28333333,2026-09-10,2026-09-10,
[SET]_[SN]_Carrossel_Oferta - Estoque,2026-09-10,active,campaign,AUTOPLUS [FORD] BLUMENAU,496393841435219,19.72,1232,947,27,0.73037037,Conversas por mensagem iniciadas,6,3.28666667,2026-09-10,2026-09-10,
[SET]_[N]_Card_Oferta - R/T/M,2026-09-11,active,campaign,AUTOPLUS [FORD] BLUMENAU,496393841435219,55.04,4533,3378,35,1.57257143,Conversas por mensagem iniciadas,8,6.88,2026-09-11,2026-09-11,
[SET]_[SN]_Carrossel_Oferta - Estoque,2026-09-11,active,campaign,AUTOPLUS [FORD] BLUMENAU,496393841435219,11.82,796,592,19,0.62210526,Conversas por mensagem iniciadas,1,11.82,2026-09-11,2026-09-11,
[SET]_[N]_Vt_Oferta - M/T/R,2026-09-11,active,campaign,AUTOPLUS [FORD] BLUMENAU,496393841435219,51.01,838,668,16,3.188125,Conversas por mensagem iniciadas,4,12.7525,2026-09-11,2026-09-11,
[SET]_[SN]_Card_Condição - Lote,2026-09-11,active,campaign,AUTOPLUS [FORD] BLUMENAU,496393841435219,19.06,759,646,9,2.11777778,,,,2026-09-11,2026-09-11,
[SET]_[SN]_Carrossel_Oferta - Estoque [TP],2026-09-11,active,campaign,AUTOPLUS [FORD] BLUMENAU,496393841435219,7.09,361,309,12,0.59083333,Conversas por mensagem iniciadas,1,7.09,2026-09-11,2026-09-11,
[SET]_[N]_Vt_Oferta - M/T/R,2026-09-12,active,campaign,AUTOPLUS [FORD] BLUMENAU,496393841435219,22.15,674,576,7,3.16428571,Conversas por mensagem iniciadas,2,11.075,2026-09-12,2026-09-12,
[SET]_[SN]_Carrossel_Oferta - Estoque [TP],2026-09-12,active,campaign,AUTOPLUS [FORD] BLUMENAU,496393841435219,3.19,235,203,3,1.06333333,Conversas por mensagem iniciadas,1,3.19,2026-09-12,2026-09-12,
[SET]_[SN]_Card_Condição - Lote,2026-09-12,active,campaign,AUTOPLUS [FORD] BLUMENAU,496393841435219,4.38,197,168,,,,,,2026-09-12,2026-09-12,
[SET]_[N]_Card_Oferta - R/T/M,2026-09-12,active,campaign,AUTOPLUS [FORD] BLUMENAU,496393841435219,31.55,2889,2325,31,1.01774194,Conversas por mensagem iniciadas,2,15.775,2026-09-12,2026-09-12,
[SET]_[SN]_Carrossel_Oferta - Estoque,2026-09-12,active,campaign,AUTOPLUS [FORD] BLUMENAU,496393841435219,5.37,373,288,8,0.67125,Conversas por mensagem iniciadas,1,5.37,2026-09-12,2026-09-12,
[SET]_[N]_Card_Oferta - R/T/M,2026-09-13,active,campaign,AUTOPLUS [FORD] BLUMENAU,496393841435219,55.11,3486,2694,29,1.90034483,Conversas por mensagem iniciadas,1,55.11,2026-09-13,2026-09-13,
[SET]_[SN]_Carrossel_Oferta - Estoque,2026-09-13,active,campaign,AUTOPLUS [FORD] BLUMENAU,496393841435219,22.39,978,747,15,1.49266667,Conversas por mensagem iniciadas,3,7.46333333,2026-09-13,2026-09-13,
[SET]_[SN]_Card_Condição - Lote,2026-09-13,active,campaign,AUTOPLUS [FORD] BLUMENAU,496393841435219,21.35,694,587,27,0.79074074,Conversas por mensagem iniciadas,1,21.35,2026-09-13,2026-09-13,
[SET]_[SN]_Carrossel_Oferta - Estoque [TP],2026-09-13,active,campaign,AUTOPLUS [FORD] BLUMENAU,496393841435219,13.71,456,389,5,2.742,,,,2026-09-13,2026-09-13,
[SET]_[N]_Vt_Oferta - M/T/R,2026-09-13,active,campaign,AUTOPLUS [FORD] BLUMENAU,496393841435219,59.14,1500,1202,13,4.54923077,,,,2026-09-13,2026-09-13,
[SET]_[N]_Vt_Oferta - M/T/R,2026-09-14,active,campaign,AUTOPLUS [FORD] BLUMENAU,496393841435219,16.03,205,178,7,2.29,,,,2026-09-14,2026-09-14,
[SET]_[SN]_Carrossel_Oferta - Estoque [TP],2026-09-14,active,campaign,AUTOPLUS [FORD] BLUMENAU,496393841435219,1.57,67,58,,,,,,2026-09-14,2026-09-14,
[SET]_[SN]_Card_Condição - Lote,2026-09-14,active,campaign,AUTOPLUS [FORD] BLUMENAU,496393841435219,7.22,206,181,1,7.22,,,,2026-09-14,2026-09-14,
[SET]_[N]_Card_Oferta - R/T/M,2026-09-14,active,campaign,AUTOPLUS [FORD] BLUMENAU,496393841435219,10.43,698,611,5,2.086,Conversas por mensagem iniciadas,1,10.43,2026-09-14,2026-09-14,
[SET]_[SN]_Carrossel_Oferta - Estoque,2026-09-14,active,campaign,AUTOPLUS [FORD] BLUMENAU,496393841435219,6.64,246,220,3,2.21333333,Conversas por mensagem iniciadas,1,6.64,2026-09-14,2026-09-14,
[SET]_[SN]_Card_Condição - Lote,2026-09-01,active,campaign,AUTOPLUS [FORD] CAÇADOR,596131121400908,21.01,2046,1833,13,1.61615385,Conversas por mensagem iniciadas,1,21.01,2026-09-01,2026-09-01,
[SET]_[N]_Card_Oferta - R/T/M,2026-09-01,active,campaign,AUTOPLUS [FORD] CAÇADOR,596131121400908,64.58,8895,6647,92,0.70195652,Conversas por mensagem iniciadas,7,9.22571429,2026-09-01,2026-09-01,
[SET]_[SN]_Carrossel_Oferta - Estoque [TP],2026-09-01,active,campaign,AUTOPLUS [FORD] CAÇADOR,596131121400908,10.88,933,800,18,0.60444444,Conversas por mensagem iniciadas,1,10.88,2026-09-01,2026-09-01,
[SET]_[SN]_Carrossel_Oferta - Estoque,2026-09-01,active,campaign,AUTOPLUS [FORD] CAÇADOR,596131121400908,28.44,2939,2323,60,0.474,Conversas por mensagem iniciadas,1,28.44,2026-09-01,2026-09-01,
[SET]_[SN]_Carrossel_Oferta - Estoque [TP],2026-09-02,active,campaign,AUTOPLUS [FORD] CAÇADOR,596131121400908,9.92,713,563,8,1.24,,,,2026-09-02,2026-09-02,
[SET]_[SN]_Card_Condição - Lote,2026-09-02,active,campaign,AUTOPLUS [FORD] CAÇADOR,596131121400908,19.0,1762,1478,17,1.11764706,Conversas por mensagem iniciadas,1,19.0,2026-09-02,2026-09-02,
[SET]_[N]_Card_Oferta - R/T/M,2026-09-02,active,campaign,AUTOPLUS [FORD] CAÇADOR,596131121400908,62.78,8999,6829,93,0.67505376,Conversas por mensagem iniciadas,4,15.695,2026-09-02,2026-09-02,
[SET]_[SN]_Carrossel_Oferta - Estoque,2026-09-02,active,campaign,AUTOPLUS [FORD] CAÇADOR,596131121400908,21.14,2283,1830,42,0.50333333,Conversas por mensagem iniciadas,2,10.57,2026-09-02,2026-09-02,
[SET]_[SN]_Carrossel_Oferta - Estoque [TP],2026-09-03,active,campaign,AUTOPLUS [FORD] CAÇADOR,596131121400908,9.93,770,638,7,1.41857143,,,,2026-09-03,2026-09-03,
[SET]_[SN]_Card_Condição - Lote,2026-09-03,active,campaign,AUTOPLUS [FORD] CAÇADOR,596131121400908,23.98,1982,1608,18,1.33222222,Conversas por mensagem iniciadas,4,5.995,2026-09-03,2026-09-03,
[SET]_[N]_Card_Oferta - R/T/M,2026-09-03,active,campaign,AUTOPLUS [FORD] CAÇADOR,596131121400908,64.28,6408,4623,55,1.16872727,Conversas por mensagem iniciadas,9,7.14222222,2026-09-03,2026-09-03,
[SET]_[SN]_Carrossel_Oferta - Estoque,2026-09-03,active,campaign,AUTOPLUS [FORD] CAÇADOR,596131121400908,19.47,1794,1357,21,0.92714286,Conversas por mensagem iniciadas,3,6.49,2026-09-03,2026-09-03,
[SET]_[N]_Vt_Oferta - M/T/R,2026-09-04,active,campaign,AUTOPLUS [FORD] CAÇADOR,596131121400908,39.9,1077,893,26,1.53461538,Conversas por mensagem iniciadas,1,39.9,2026-09-04,2026-09-04,
[SET]_[SN]_Carrossel_Oferta - Estoque [TP],2026-09-04,active,campaign,AUTOPLUS [FORD] CAÇADOR,596131121400908,6.83,643,520,7,0.97571429,,,,2026-09-04,2026-09-04,
[SET]_[SN]_Card_Condição - Lote,2026-09-04,active,campaign,AUTOPLUS [FORD] CAÇADOR,596131121400908,14.8,1445,1162,11,1.34545455,,,,2026-09-04,2026-09-04,
[SET]_[N]_Card_Oferta - R/T/M,2026-09-04,active,campaign,AUTOPLUS [FORD] CAÇADOR,596131121400908,50.41,4654,3304,28,1.80035714,Conversas por mensagem iniciadas,5,10.082,2026-09-04,2026-09-04,
[SET]_[SN]_Carrossel_Oferta - Estoque,2026-09-04,active,campaign,AUTOPLUS [FORD] CAÇADOR,596131121400908,15.77,1596,1311,21,0.75095238,Conversas por mensagem iniciadas,2,7.885,2026-09-04,2026-09-04,
[SET]_[SN]_Carrossel_Oferta - Estoque,2026-09-05,active,campaign,AUTOPLUS [FORD] CAÇADOR,596131121400908,9.54,1011,809,15,0.636,Conversas por mensagem iniciadas,1,9.54,2026-09-05,2026-09-05,
[SET]_[SN]_Card_Condição - Lote,2026-09-05,active,campaign,AUTOPLUS [FORD] CAÇADOR,596131121400908,12.7,898,730,6,2.11666667,,,,2026-09-05,2026-09-05,
[SET]_[N]_Card_Oferta - R/T/M,2026-09-05,active,campaign,AUTOPLUS [FORD] CAÇADOR,596131121400908,38.23,3573,2630,59,0.6479661,Conversas por mensagem iniciadas,3,12.74333333,2026-09-05,2026-09-05,
[SET]_[SN]_Carrossel_Oferta - Estoque [TP],2026-09-05,active,campaign,AUTOPLUS [FORD] CAÇADOR,596131121400908,4.55,388,330,6,0.75833333,Conversas por mensagem iniciadas,1,4.55,2026-09-05,2026-09-05,
[SET]_[N]_Vt_Oferta - M/T/R,2026-09-05,active,campaign,AUTOPLUS [FORD] CAÇADOR,596131121400908,47.37,1877,1514,120,0.39475,Conversas por mensagem iniciadas,3,15.79,2026-09-05,2026-09-05,
[SET]_[N]_Vt_Oferta - M/T/R,2026-09-06,active,campaign,AUTOPLUS [FORD] CAÇADOR,596131121400908,70.69,2619,2141,175,0.40394286,Conversas por mensagem iniciadas,4,17.6725,2026-09-06,2026-09-06,
[SET]_[SN]_Carrossel_Oferta - Estoque [TP],2026-09-06,active,campaign,AUTOPLUS [FORD] CAÇADOR,596131121400908,12.0,1120,873,18,0.66666667,Conversas por mensagem iniciadas,4,3.0,2026-09-06,2026-09-06,
[SET]_[SN]_Card_Condição - Lote,2026-09-06,active,campaign,AUTOPLUS [FORD] CAÇADOR,596131121400908,19.92,1776,1450,18,1.10666667,Conversas por mensagem iniciadas,3,6.64,2026-09-06,2026-09-06,
[SET]_[N]_Card_Oferta - R/T/M,2026-09-06,active,campaign,AUTOPLUS [FORD] CAÇADOR,596131121400908,66.4,6895,4789,107,0.62056075,Conversas por mensagem iniciadas,2,33.2,2026-09-06,2026-09-06,
[SET]_[SN]_Carrossel_Oferta - Estoque,2026-09-06,active,campaign,AUTOPLUS [FORD] CAÇADOR,596131121400908,23.48,2873,2166,39,0.60205128,,,,2026-09-06,2026-09-06,
[SET]_[N]_Vt_Oferta - M/T/R,2026-09-07,active,campaign,AUTOPLUS [FORD] CAÇADOR,596131121400908,56.87,2005,1637,169,0.33650888,Conversas por mensagem iniciadas,5,11.374,2026-09-07,2026-09-07,
[SET]_[SN]_Carrossel_Oferta - Estoque [TP],2026-09-07,active,campaign,AUTOPLUS [FORD] CAÇADOR,596131121400908,10.9,880,695,9,1.21111111,Conversas por mensagem iniciadas,1,10.9,2026-09-07,2026-09-07,
[SET]_[SN]_Card_Condição - Lote,2026-09-07,active,campaign,AUTOPLUS [FORD] CAÇADOR,596131121400908,20.01,1638,1368,18,1.11166667,Conversas por mensagem iniciadas,3,6.67,2026-09-07,2026-09-07,
[SET]_[N]_Card_Oferta - R/T/M,2026-09-07,active,campaign,AUTOPLUS [FORD] CAÇADOR,596131121400908,50.04,4212,3201,106,0.47207547,Conversas por mensagem iniciadas,3,16.68,2026-09-07,2026-09-07,
[SET]_[SN]_Carrossel_Oferta - Estoque,2026-09-07,active,campaign,AUTOPLUS [FORD] CAÇADOR,596131121400908,21.57,2469,1941,39,0.55307692,Conversas por mensagem iniciadas,2,10.785,2026-09-07,2026-09-07,
[SET]_[SN]_Card_Condição - Lote,2026-09-08,active,campaign,AUTOPLUS [FORD] CAÇADOR,596131121400908,24.52,2182,1820,10,2.452,,,,2026-09-08,2026-09-08,
[SET]_[N]_Vt_Oferta - M/T/R,2026-09-08,active,campaign,AUTOPLUS [FORD] CAÇADOR,596131121400908,70.85,2696,2256,159,0.44559748,Conversas por mensagem iniciadas,7,10.12142857,2026-09-08,2026-09-08,
[SET]_[SN]_Carrossel_Oferta - Estoque [TP],2026-09-08,active,campaign,AUTOPLUS [FORD] CAÇADOR,596131121400908,11.9,829,681,9,1.32222222,Conversas por mensagem iniciadas,1,11.9,2026-09-08,2026-09-08,
[SET]_[N]_Card_Oferta - R/T/M,2026-09-08,active,campaign,AUTOPLUS [FORD] CAÇADOR,596131121400908,63.87,6416,4726,133,0.48022556,Conversas por mensagem iniciadas,5,12.774,2026-09-08,2026-09-08,
[SET]_[SN]_Carrossel_Oferta - Estoque,2026-09-08,active,campaign,AUTOPLUS [FORD] CAÇADOR,596131121400908,28.58,2687,2075,41,0.69707317,Conversas por mensagem iniciadas,3,9.52666667,2026-09-08,2026-09-08,
[SET]_[N]_Vt_Oferta - M/T/R,2026-09-09,active,campaign,AUTOPLUS [FORD] CAÇADOR,596131121400908,76.86,1694,1277,50,1.5372,Conversas por mensagem iniciadas,4,19.215,2026-09-09,2026-09-09,
[SET]_[SN]_Carrossel_Oferta - Estoque [TP],2026-09-09,active,campaign,AUTOPLUS [FORD] CAÇADOR,596131121400908,13.61,811,645,7,1.94428571,,,,2026-09-09,2026-09-09,
[SET]_[SN]_Card_Condição - Lote,2026-09-09,active,campaign,AUTOPLUS [FORD] CAÇADOR,596131121400908,25.9,1634,1366,6,4.31666667,,,,2026-09-09,2026-09-09,
[SET]_[N]_Card_Oferta - R/T/M,2026-09-09,active,campaign,AUTOPLUS [FORD] CAÇADOR,596131121400908,81.24,6842,4956,72,1.12833333,Conversas por mensagem iniciadas,5,16.248,2026-09-09,2026-09-09,
[SET]_[SN]_Carrossel_Oferta - Estoque,2026-09-09,active,campaign,AUTOPLUS [FORD] CAÇADOR,596131121400908,30.26,2382,1852,30,1.00866667,Conversas por mensagem iniciadas,2,15.13,2026-09-09,2026-09-09,
[SET]_[N]_Vt_Oferta - M/T/R,2026-09-10,active,campaign,AUTOPLUS [FORD] CAÇADOR,596131121400908,68.62,1294,861,32,2.144375,Conversas por mensagem iniciadas,9,7.62444444,2026-09-10,2026-09-10,
[SET]_[SN]_Carrossel_Oferta - Estoque [TP],2026-09-10,active,campaign,AUTOPLUS [FORD] CAÇADOR,596131121400908,10.87,884,683,6,1.81166667,,,,2026-09-10,2026-09-10,
[SET]_[SN]_Card_Condição - Lote,2026-09-10,active,campaign,AUTOPLUS [FORD] CAÇADOR,596131121400908,22.67,1436,1145,7,3.23857143,,,,2026-09-10,2026-09-10,
[SET]_[N]_Card_Oferta - R/T/M,2026-09-10,active,campaign,AUTOPLUS [FORD] CAÇADOR,596131121400908,66.22,5653,3682,29,2.28344828,Conversas por mensagem iniciadas,2,33.11,2026-09-10,2026-09-10,
[SET]_[SN]_Carrossel_Oferta - Estoque,2026-09-10,active,campaign,AUTOPLUS [FORD] CAÇADOR,596131121400908,23.58,2015,1462,38,0.62052632,Conversas por mensagem iniciadas,3,7.86,2026-09-10,2026-09-10,
[SET]_[N]_Card_Oferta - R/T/M,2026-09-11,active,campaign,AUTOPLUS [FORD] CAÇADOR,596131121400908,52.63,4642,3347,43,1.22395349,Conversas por mensagem iniciadas,6,8.77166667,2026-09-11,2026-09-11,
[SET]_[SN]_Carrossel_Oferta - Estoque,2026-09-11,active,campaign,AUTOPLUS [FORD] CAÇADOR,596131121400908,17.57,1234,1001,23,0.76391304,Conversas por mensagem iniciadas,1,17.57,2026-09-11,2026-09-11,
[SET]_[N]_Vt_Oferta - M/T/R,2026-09-11,active,campaign,AUTOPLUS [FORD] CAÇADOR,596131121400908,44.06,1048,740,26,1.69461538,Conversas por mensagem iniciadas,7,6.29428571,2026-09-11,2026-09-11,
[SET]_[SN]_Card_Condição - Lote,2026-09-11,active,campaign,AUTOPLUS [FORD] CAÇADOR,596131121400908,22.14,1298,1102,5,4.428,,,,2026-09-11,2026-09-11,
[SET]_[SN]_Carrossel_Oferta - Estoque [TP],2026-09-11,active,campaign,AUTOPLUS [FORD] CAÇADOR,596131121400908,6.96,540,426,6,1.16,Conversas por mensagem iniciadas,1,6.96,2026-09-11,2026-09-11,
[SET]_[N]_Vt_Oferta - M/T/R,2026-09-12,active,campaign,AUTOPLUS [FORD] CAÇADOR,596131121400908,31.67,876,665,20,1.5835,Conversas por mensagem iniciadas,2,15.835,2026-09-12,2026-09-12,
[SET]_[SN]_Carrossel_Oferta - Estoque [TP],2026-09-12,active,campaign,AUTOPLUS [FORD] CAÇADOR,596131121400908,3.75,350,292,4,0.9375,,,,2026-09-12,2026-09-12,
[SET]_[SN]_Card_Condição - Lote,2026-09-12,active,campaign,AUTOPLUS [FORD] CAÇADOR,596131121400908,4.83,354,283,4,1.2075,,,,2026-09-12,2026-09-12,
[SET]_[N]_Card_Oferta - R/T/M,2026-09-12,active,campaign,AUTOPLUS [FORD] CAÇADOR,596131121400908,39.6,3277,2401,30,1.32,Conversas por mensagem iniciadas,4,9.9,2026-09-12,2026-09-12,
[SET]_[SN]_Carrossel_Oferta - Estoque,2026-09-12,active,campaign,AUTOPLUS [FORD] CAÇADOR,596131121400908,8.89,823,640,13,0.68384615,,,,2026-09-12,2026-09-12,
[SET]_[N]_Card_Oferta - R/T/M,2026-09-13,active,campaign,AUTOPLUS [FORD] CAÇADOR,596131121400908,61.23,5588,3621,45,1.36066667,Conversas por mensagem iniciadas,4,15.3075,2026-09-13,2026-09-13,
[SET]_[SN]_Carrossel_Oferta - Estoque,2026-09-13,active,campaign,AUTOPLUS [FORD] CAÇADOR,596131121400908,24.86,1708,1251,31,0.80193548,Conversas por mensagem iniciadas,3,8.28666667,2026-09-13,2026-09-13,
[SET]_[SN]_Card_Condição - Lote,2026-09-13,active,campaign,AUTOPLUS [FORD] CAÇADOR,596131121400908,23.8,944,766,3,7.93333333,,,,2026-09-13,2026-09-13,
[SET]_[SN]_Carrossel_Oferta - Estoque [TP],2026-09-13,active,campaign,AUTOPLUS [FORD] CAÇADOR,596131121400908,12.24,737,636,6,2.04,Conversas por mensagem iniciadas,1,12.24,2026-09-13,2026-09-13,
[SET]_[N]_Vt_Oferta - M/T/R,2026-09-13,active,campaign,AUTOPLUS [FORD] CAÇADOR,596131121400908,59.89,1578,1178,44,1.36113636,Conversas por mensagem iniciadas,2,29.945,2026-09-13,2026-09-13,
[SET]_[N]_Vt_Oferta - M/T/R,2026-09-14,active,campaign,AUTOPLUS [FORD] CAÇADOR,596131121400908,11.34,288,241,8,1.4175,,,,2026-09-14,2026-09-14,
[SET]_[SN]_Carrossel_Oferta - Estoque [TP],2026-09-14,active,campaign,AUTOPLUS [FORD] CAÇADOR,596131121400908,4.81,152,137,1,4.81,,,,2026-09-14,2026-09-14,
[SET]_[SN]_Card_Condição - Lote,2026-09-14,active,campaign,AUTOPLUS [FORD] CAÇADOR,596131121400908,9.34,268,241,,,,,,2026-09-14,2026-09-14,
[SET]_[N]_Card_Oferta - R/T/M,2026-09-14,active,campaign,AUTOPLUS [FORD] CAÇADOR,596131121400908,11.48,1091,878,12,0.95666667,,,,2026-09-14,2026-09-14,
[SET]_[SN]_Carrossel_Oferta - Estoque,2026-09-14,active,campaign,AUTOPLUS [FORD] CAÇADOR,596131121400908,6.05,311,265,8,0.75625,,,,2026-09-14,2026-09-14,
[SET]_[SN]_Carrossel_Oferta - Estoque,2026-09-01,active,campaign,AUTOPLUS [FORD] CONCÓRDIA,171365955111522,42.85,3866,2788,87,0.49252874,Conversas por mensagem iniciadas,5,8.57,2026-09-01,2026-09-01,
[SET]_[SN]_Card_Condição - Lote,2026-09-01,active,campaign,AUTOPLUS [FORD] CONCÓRDIA,171365955111522,23.41,1827,1643,10,2.341,Conversas por mensagem iniciadas,1,23.41,2026-09-01,2026-09-01,
[SET]_[SN]_Carrossel_Oferta - Estoque [TP],2026-09-01,active,campaign,AUTOPLUS [FORD] CONCÓRDIA,171365955111522,14.59,1156,961,24,0.60791667,Conversas por mensagem iniciadas,1,14.59,2026-09-01,2026-09-01,
[SET]_[N]_Card_Oferta -- R/T/M,2026-09-01,active,campaign,AUTOPLUS [FORD] CONCÓRDIA,171365955111522,73.56,6983,5267,76,0.96789474,Conversas por mensagem iniciadas,9,8.17333333,2026-09-01,2026-09-01,
[SET]_[SN]_Card_Condição - Lote,2026-09-02,active,campaign,AUTOPLUS [FORD] CONCÓRDIA,171365955111522,22.47,2088,1828,8,2.80875,,,,2026-09-02,2026-09-02,
[SET]_[N]_Card_Oferta -- R/T/M,2026-09-02,active,campaign,AUTOPLUS [FORD] CONCÓRDIA,171365955111522,61.48,5981,4480,52,1.18230769,Conversas por mensagem iniciadas,7,8.78285714,2026-09-02,2026-09-02,
[SET]_[SN]_Carrossel_Oferta - Estoque,2026-09-02,active,campaign,AUTOPLUS [FORD] CONCÓRDIA,171365955111522,38.6,3541,2423,61,0.63278689,Conversas por mensagem iniciadas,3,12.86666667,2026-09-02,2026-09-02,
[SET]_[SN]_Carrossel_Oferta - Estoque [TP],2026-09-02,active,campaign,AUTOPLUS [FORD] CONCÓRDIA,171365955111522,10.71,1147,963,11,0.97363636,Conversas por mensagem iniciadas,3,3.57,2026-09-02,2026-09-02,
[AGO]_[N]_Vt_Oferta M/T/R,2026-09-03,completed,campaign,AUTOPLUS [FORD] CONCÓRDIA,171365955111522,0.0,0,0,,,Conversas por mensagem iniciadas,1,0.0,2026-09-03,2026-09-03,
[SET]_[SN]_Carrossel_Oferta - Estoque [TP],2026-09-03,active,campaign,AUTOPLUS [FORD] CONCÓRDIA,171365955111522,8.31,700,581,10,0.831,Conversas por mensagem iniciadas,3,2.77,2026-09-03,2026-09-03,
[SET]_[SN]_Carrossel_Oferta - Estoque,2026-09-03,active,campaign,AUTOPLUS [FORD] CONCÓRDIA,171365955111522,42.51,3589,2404,55,0.77290909,Conversas por mensagem iniciadas,2,21.255,2026-09-03,2026-09-03,
[SET]_[SN]_Card_Condição - Lote,2026-09-03,active,campaign,AUTOPLUS [FORD] CONCÓRDIA,171365955111522,25.4,1805,1501,21,1.20952381,Conversas por mensagem iniciadas,1,25.4,2026-09-03,2026-09-03,
[SET]_[N]_Card_Oferta -- R/T/M,2026-09-03,active,campaign,AUTOPLUS [FORD] CONCÓRDIA,171365955111522,60.2,4568,3307,50,1.204,Conversas por mensagem iniciadas,12,5.01666667,2026-09-03,2026-09-03,
[SET]_[N]_Vt_Modelo - [M/R/T],2026-09-04,active,campaign,AUTOPLUS [FORD] CONCÓRDIA,171365955111522,51.2,4315,3604,366,0.13989071,Conversas por mensagem iniciadas,1,51.2,2026-09-04,2026-09-04,
[SET]_[SN]_Carrossel_Oferta - Estoque [TP],2026-09-04,active,campaign,AUTOPLUS [FORD] CONCÓRDIA,171365955111522,6.79,624,515,12,0.56583333,,,,2026-09-04,2026-09-04,
[SET]_[SN]_Carrossel_Oferta - Estoque,2026-09-04,active,campaign,AUTOPLUS [FORD] CONCÓRDIA,171365955111522,34.62,2853,2049,47,0.73659574,Conversas por mensagem iniciadas,5,6.924,2026-09-04,2026-09-04,
[SET]_[SN]_Card_Condição - Lote,2026-09-04,active,campaign,AUTOPLUS [FORD] CONCÓRDIA,171365955111522,16.02,1026,759,8,2.0025,Conversas por mensagem iniciadas,1,16.02,2026-09-04,2026-09-04,
[SET]_[N]_Card_Oferta -- R/T/M,2026-09-04,active,campaign,AUTOPLUS [FORD] CONCÓRDIA,171365955111522,45.66,3164,2053,24,1.9025,Conversas por mensagem iniciadas,2,22.83,2026-09-04,2026-09-04,
[SET]_[N]_Card_Oferta -- R/T/M,2026-09-05,active,campaign,AUTOPLUS [FORD] CONCÓRDIA,171365955111522,39.95,2874,1947,21,1.90238095,Conversas por mensagem iniciadas,2,19.975,2026-09-05,2026-09-05,
[SET]_[SN]_Card_Condição - Lote,2026-09-05,active,campaign,AUTOPLUS [FORD] CONCÓRDIA,171365955111522,9.6,661,546,4,2.4,,,,2026-09-05,2026-09-05,
[SET]_[SN]_Carrossel_Oferta - Estoque,2026-09-05,active,campaign,AUTOPLUS [FORD] CONCÓRDIA,171365955111522,27.33,2353,1586,32,0.8540625,Conversas por mensagem iniciadas,2,13.665,2026-09-05,2026-09-05,
[SET]_[N]_Vt_Modelo - [M/R/T],2026-09-05,active,campaign,AUTOPLUS [FORD] CONCÓRDIA,171365955111522,32.57,3466,2785,524,0.06215649,Conversas por mensagem iniciadas,1,32.57,2026-09-05,2026-09-05,
[SET]_[SN]_Carrossel_Oferta - Estoque [TP],2026-09-05,active,campaign,AUTOPLUS [FORD] CONCÓRDIA,171365955111522,4.28,376,315,4,1.07,Conversas por mensagem iniciadas,1,4.28,2026-09-05,2026-09-05,
[SET]_[N]_Vt_Modelo - [M/R/T],2026-09-06,active,campaign,AUTOPLUS [FORD] CONCÓRDIA,171365955111522,59.53,6703,4520,1029,0.05785228,Conversas por mensagem iniciadas,2,29.765,2026-09-06,2026-09-06,
[SET]_[SN]_Carrossel_Oferta - Estoque [TP],2026-09-06,active,campaign,AUTOPLUS [FORD] CONCÓRDIA,171365955111522,12.81,1021,783,18,0.71166667,Conversas por mensagem iniciadas,2,6.405,2026-09-06,2026-09-06,
[SET]_[SN]_Carrossel_Oferta - Estoque,2026-09-06,active,campaign,AUTOPLUS [FORD] CONCÓRDIA,171365955111522,41.53,3700,2297,53,0.78358491,Conversas por mensagem iniciadas,4,10.3825,2026-09-06,2026-09-06,
[SET]_[SN]_Card_Condição - Lote,2026-09-06,active,campaign,AUTOPLUS [FORD] CONCÓRDIA,171365955111522,22.34,1370,1046,12,1.86166667,Conversas por mensagem iniciadas,4,5.585,2026-09-06,2026-09-06,
[SET]_[N]_Card_Oferta -- R/T/M,2026-09-06,active,campaign,AUTOPLUS [FORD] CONCÓRDIA,171365955111522,65.99,5104,3431,34,1.94088235,Conversas por mensagem iniciadas,4,16.4975,2026-09-06,2026-09-06,
[SET]_[N]_Vt_Modelo - [M/R/T],2026-09-07,active,campaign,AUTOPLUS [FORD] CONCÓRDIA,171365955111522,69.83,7829,5053,1231,0.05672624,Conversas por mensagem iniciadas,2,34.915,2026-09-07,2026-09-07,
[SET]_[SN]_Carrossel_Oferta - Estoque [TP],2026-09-07,active,campaign,AUTOPLUS [FORD] CONCÓRDIA,171365955111522,10.56,984,782,7,1.50857143,,,,2026-09-07,2026-09-07,
[SET]_[SN]_Carrossel_Oferta - Estoque,2026-09-07,active,campaign,AUTOPLUS [FORD] CONCÓRDIA,171365955111522,41.35,3622,2313,47,0.87978723,Conversas por mensagem iniciadas,2,20.675,2026-09-07,2026-09-07,
[SET]_[SN]_Card_Condição - Lote,2026-09-07,active,campaign,AUTOPLUS [FORD] CONCÓRDIA,171365955111522,22.6,1542,1182,14,1.61428571,Conversas por mensagem iniciadas,3,7.53333333,2026-09-07,2026-09-07,
[SET]_[N]_Card_Oferta -- R/T/M,2026-09-07,active,campaign,AUTOPLUS [FORD] CONCÓRDIA,171365955111522,54.61,4013,2768,37,1.47594595,Conversas por mensagem iniciadas,1,54.61,2026-09-07,2026-09-07,
[SET]_[N]_Vt_Modelo - [M/R/T],2026-09-08,active,campaign,AUTOPLUS [FORD] CONCÓRDIA,171365955111522,49.02,6989,4661,660,0.07427273,Conversas por mensagem iniciadas,1,49.02,2026-09-08,2026-09-08,
[SET]_[SN]_Carrossel_Oferta - Estoque [TP],2026-09-08,active,campaign,AUTOPLUS [FORD] CONCÓRDIA,171365955111522,8.65,591,479,11,0.78636364,Conversas por mensagem iniciadas,1,8.65,2026-09-08,2026-09-08,
[SET]_[SN]_Card_Condição - Lote,2026-09-08,active,campaign,AUTOPLUS [FORD] CONCÓRDIA,171365955111522,24.14,1580,1297,8,3.0175,,,,2026-09-08,2026-09-08,
[SET]_[N]_Card_Oferta -- R/T/M,2026-09-08,active,campaign,AUTOPLUS [FORD] CONCÓRDIA,171365955111522,57.09,3915,2833,16,3.568125,Conversas por mensagem iniciadas,1,57.09,2026-09-08,2026-09-08,
[SET]_[SN]_Carrossel_Oferta - Estoque,2026-09-08,active,campaign,AUTOPLUS [FORD] CONCÓRDIA,171365955111522,42.37,2939,1916,41,1.03341463,Conversas por mensagem iniciadas,3,14.12333333,2026-09-08,2026-09-08,
[SET]_[N]_Vt_Modelo - [M/R/T],2026-09-09,active,campaign,AUTOPLUS [FORD] CONCÓRDIA,171365955111522,22.27,4223,2886,135,0.16496296,,,,2026-09-09,2026-09-09,
[SET]_[SN]_Carrossel_Oferta - Estoque [TP],2026-09-09,active,campaign,AUTOPLUS [FORD] CONCÓRDIA,171365955111522,13.27,907,737,11,1.20636364,,,,2026-09-09,2026-09-09,
[SET]_[SN]_Carrossel_Oferta - Estoque,2026-09-09,active,campaign,AUTOPLUS [FORD] CONCÓRDIA,171365955111522,51.09,3131,2070,48,1.064375,Conversas por mensagem iniciadas,4,12.7725,2026-09-09,2026-09-09,
[SET]_[SN]_Card_Condição - Lote,2026-09-09,active,campaign,AUTOPLUS [FORD] CONCÓRDIA,171365955111522,24.73,1451,1121,10,2.473,Conversas por mensagem iniciadas,2,12.365,2026-09-09,2026-09-09,
[SET]_[N]_Card_Oferta -- R/T/M,2026-09-09,active,campaign,AUTOPLUS [FORD] CONCÓRDIA,171365955111522,81.33,4857,3176,33,2.46454545,Conversas por mensagem iniciadas,3,27.11,2026-09-09,2026-09-09,
[SET]_[SN]_Card_Condição - Lote,2026-09-10,active,campaign,AUTOPLUS [FORD] CONCÓRDIA,171365955111522,20.54,1182,875,9,2.28222222,Conversas por mensagem iniciadas,3,6.84666667,2026-09-10,2026-09-10,
[SET]_[N]_Card_Oferta -- R/T/M,2026-09-10,active,campaign,AUTOPLUS [FORD] CONCÓRDIA,171365955111522,66.81,4624,2814,40,1.67025,Conversas por mensagem iniciadas,3,22.27,2026-09-10,2026-09-10,
[SET]_[N]_Vt_Modelo - [M/R/T],2026-09-10,active,campaign,AUTOPLUS [FORD] CONCÓRDIA,171365955111522,70.0,9976,5944,309,0.22653722,Conversas por mensagem iniciadas,1,70.0,2026-09-10,2026-09-10,
[SET]_[SN]_Carrossel_Oferta - Estoque,2026-09-10,active,campaign,AUTOPLUS [FORD] CONCÓRDIA,171365955111522,42.07,2884,1768,33,1.27484848,Conversas por mensagem iniciadas,1,42.07,2026-09-10,2026-09-10,
[SET]_[SN]_Carrossel_Oferta - Estoque [TP],2026-09-10,active,campaign,AUTOPLUS [FORD] CONCÓRDIA,171365955111522,10.55,805,639,15,0.70333333,,,,2026-09-10,2026-09-10,
[SET]_[N]_Vídeo_Post individual,2026-09-11,active,campaign,AUTOPLUS [FORD] CONCÓRDIA,171365955111522,24.76,1474,969,3,8.25333333,,,,2026-09-11,2026-09-11,
[SET]_[N]_Vt_Modelo - [M/R/T],2026-09-11,active,campaign,AUTOPLUS [FORD] CONCÓRDIA,171365955111522,41.06,5177,3874,126,0.32587302,Conversas por mensagem iniciadas,2,20.53,2026-09-11,2026-09-11,
[SET]_[SN]_Carrossel_Oferta - Estoque [TP],2026-09-11,active,campaign,AUTOPLUS [FORD] CONCÓRDIA,171365955111522,8.92,624,507,6,1.48666667,Conversas por mensagem iniciadas,1,8.92,2026-09-11,2026-09-11,
[SET]_[SN]_Carrossel_Oferta - Estoque,2026-09-11,active,campaign,AUTOPLUS [FORD] CONCÓRDIA,171365955111522,35.46,2142,1416,24,1.4775,Conversas por mensagem iniciadas,4,8.865,2026-09-11,2026-09-11,
[SET]_[SN]_Card_Condição - Lote,2026-09-11,active,campaign,AUTOPLUS [FORD] CONCÓRDIA,171365955111522,17.33,921,737,6,2.88833333,Conversas por mensagem iniciadas,1,17.33,2026-09-11,2026-09-11,
[SET]_[N]_Card_Oferta -- R/T/M,2026-09-11,active,campaign,AUTOPLUS [FORD] CONCÓRDIA,171365955111522,50.33,3626,2415,37,1.36027027,Conversas por mensagem iniciadas,4,12.5825,2026-09-11,2026-09-11,
[SET]_[SN]_Carrossel_Oferta - Estoque,2026-09-12,active,campaign,AUTOPLUS [FORD] CONCÓRDIA,171365955111522,25.53,1759,1236,24,1.06375,Conversas por mensagem iniciadas,2,12.765,2026-09-12,2026-09-12,
[SET]_[N]_Card_Oferta -- R/T/M,2026-09-12,active,campaign,AUTOPLUS [FORD] CONCÓRDIA,171365955111522,42.74,3146,2261,26,1.64384615,Conversas por mensagem iniciadas,3,14.24666667,2026-09-12,2026-09-12,
[SET]_[SN]_Card_Condição - Lote,2026-09-12,active,campaign,AUTOPLUS [FORD] CONCÓRDIA,171365955111522,8.27,413,331,2,4.135,Conversas por mensagem iniciadas,1,8.27,2026-09-12,2026-09-12,
[SET]_[SN]_Carrossel_Oferta - Estoque [TP],2026-09-12,active,campaign,AUTOPLUS [FORD] CONCÓRDIA,171365955111522,5.13,379,333,4,1.2825,Conversas por mensagem iniciadas,1,5.13,2026-09-12,2026-09-12,
[SET]_[N]_Vídeo_Post individual,2026-09-12,active,campaign,AUTOPLUS [FORD] CONCÓRDIA,171365955111522,35.47,2211,1516,8,4.43375,Conversas por mensagem iniciadas,1,35.47,2026-09-12,2026-09-12,
[SET]_[N]_Vt_Modelo - [M/R/T],2026-09-12,active,campaign,AUTOPLUS [FORD] CONCÓRDIA,171365955111522,98.96,2968,2155,44,2.24909091,Conversas por mensagem iniciadas,7,14.13714286,2026-09-12,2026-09-12,
[SET]_[N]_Vídeo_Post individual,2026-09-13,active,campaign,AUTOPLUS [FORD] CONCÓRDIA,171365955111522,42.54,1798,1292,7,6.07714286,,,,2026-09-13,2026-09-13,
[SET]_[N]_Vt_Modelo - [M/R/T],2026-09-13,active,campaign,AUTOPLUS [FORD] CONCÓRDIA,171365955111522,66.1,1467,1056,32,2.065625,Conversas por mensagem iniciadas,12,5.50833333,2026-09-13,2026-09-13,
[SET]_[SN]_Carrossel_Oferta - Estoque [TP],2026-09-13,active,campaign,AUTOPLUS [FORD] CONCÓRDIA,171365955111522,11.45,636,538,9,1.27222222,Conversas por mensagem iniciadas,1,11.45,2026-09-13,2026-09-13,
[SET]_[SN]_Carrossel_Oferta - Estoque,2026-09-13,active,campaign,AUTOPLUS [FORD] CONCÓRDIA,171365955111522,37.54,1812,1194,32,1.173125,Conversas por mensagem iniciadas,4,9.385,2026-09-13,2026-09-13,
[SET]_[SN]_Card_Condição - Lote,2026-09-13,active,campaign,AUTOPLUS [FORD] CONCÓRDIA,171365955111522,22.14,1029,823,7,3.16285714,Conversas por mensagem iniciadas,2,11.07,2026-09-13,2026-09-13,
[SET]_[N]_Card_Oferta -- R/T/M,2026-09-13,active,campaign,AUTOPLUS [FORD] CONCÓRDIA,171365955111522,59.35,4594,3322,33,1.79848485,Conversas por mensagem iniciadas,2,29.675,2026-09-13,2026-09-13,
[SET]_[N]_Vídeo_Post individual,2026-09-14,active,campaign,AUTOPLUS [FORD] CONCÓRDIA,171365955111522,10.56,439,366,,,,,,2026-09-14,2026-09-14,
[SET]_[N]_Vt_Modelo - [M/R/T],2026-09-14,active,campaign,AUTOPLUS [FORD] CONCÓRDIA,171365955111522,10.11,251,209,8,1.26375,Conversas por mensagem iniciadas,2,5.055,2026-09-14,2026-09-14,
[SET]_[SN]_Carrossel_Oferta - Estoque [TP],2026-09-14,active,campaign,AUTOPLUS [FORD] CONCÓRDIA,171365955111522,1.92,122,109,2,0.96,,,,2026-09-14,2026-09-14,
[SET]_[SN]_Carrossel_Oferta - Estoque,2026-09-14,active,campaign,AUTOPLUS [FORD] CONCÓRDIA,171365955111522,9.23,411,322,6,1.53833333,Conversas por mensagem iniciadas,1,9.23,2026-09-14,2026-09-14,
[SET]_[SN]_Card_Condição - Lote,2026-09-14,active,campaign,AUTOPLUS [FORD] CONCÓRDIA,171365955111522,5.44,255,229,3,1.81333333,Conversas por mensagem iniciadas,1,5.44,2026-09-14,2026-09-14,
[SET]_[N]_Card_Oferta -- R/T/M,2026-09-14,active,campaign,AUTOPLUS [FORD] CONCÓRDIA,171365955111522,11.42,811,662,7,1.63142857,,,,2026-09-14,2026-09-14,
[SET]_[SN]_Card_Condição - Lote,2026-09-01,active,campaign,AUTOPLUS [FORD] JARAGUÁ DO SUL,189310040817079,34.77,1802,1588,13,2.67461538,,,,2026-09-01,2026-09-01,
[SET]_[N]_Card_Oferta - R/T/M,2026-09-01,active,campaign,AUTOPLUS [FORD] JARAGUÁ DO SUL,189310040817079,67.98,5053,4128,46,1.47782609,Conversas por mensagem iniciadas,7,9.71142857,2026-09-01,2026-09-01,
[SET]_[SN]_Carrossel_Oferta - Estoque [TP],2026-09-01,active,campaign,AUTOPLUS [FORD] JARAGUÁ DO SUL,189310040817079,12.69,754,645,10,1.269,,,,2026-09-01,2026-09-01,
[SET]_[N]_Vt_Oferta - M/T/R,2026-09-01,active,campaign,AUTOPLUS [FORD] JARAGUÁ DO SUL,189310040817079,0.0,0,0,,,Conversas por mensagem iniciadas,1,0.0,2026-09-01,2026-09-01,
[SET]_[SN]_Carrossel_Oferta - Estoque,2026-09-01,active,campaign,AUTOPLUS [FORD] JARAGUÁ DO SUL,189310040817079,45.58,2916,2161,54,0.84407407,Conversas por mensagem iniciadas,3,15.19333333,2026-09-01,2026-09-01,
[SET]_[SN]_Carrossel_Oferta - Estoque [TP],2026-09-02,active,campaign,AUTOPLUS [FORD] JARAGUÁ DO SUL,189310040817079,10.27,917,764,16,0.641875,Conversas por mensagem iniciadas,1,10.27,2026-09-02,2026-09-02,
[SET]_[SN]_Card_Condição - Lote,2026-09-02,active,campaign,AUTOPLUS [FORD] JARAGUÁ DO SUL,189310040817079,33.11,1646,1448,20,1.6555,Conversas por mensagem iniciadas,1,33.11,2026-09-02,2026-09-02,
[SET]_[N]_Card_Oferta - R/T/M,2026-09-02,active,campaign,AUTOPLUS [FORD] JARAGUÁ DO SUL,189310040817079,63.83,4325,3362,42,1.5197619,Conversas por mensagem iniciadas,5,12.766,2026-09-02,2026-09-02,
[SET]_[SN]_Carrossel_Oferta - Estoque,2026-09-02,active,campaign,AUTOPLUS [FORD] JARAGUÁ DO SUL,189310040817079,38.85,2734,2030,68,0.57132353,Conversas por mensagem iniciadas,7,5.55,2026-09-02,2026-09-02,
[SET]_[SN]_Carrossel_Oferta - Estoque [TP],2026-09-03,active,campaign,AUTOPLUS [FORD] JARAGUÁ DO SUL,189310040817079,10.26,514,431,12,0.855,Conversas por mensagem iniciadas,2,5.13,2026-09-03,2026-09-03,
[SET]_[SN]_Card_Condição - Lote,2026-09-03,active,campaign,AUTOPLUS [FORD] JARAGUÁ DO SUL,189310040817079,33.41,1681,1410,17,1.96529412,Conversas por mensagem iniciadas,3,11.13666667,2026-09-03,2026-09-03,
[SET]_[N]_Card_Oferta - R/T/M,2026-09-03,active,campaign,AUTOPLUS [FORD] JARAGUÁ DO SUL,189310040817079,61.27,3977,3077,40,1.53175,Conversas por mensagem iniciadas,6,10.21166667,2026-09-03,2026-09-03,
[SET]_[SN]_Carrossel_Oferta - Estoque,2026-09-03,active,campaign,AUTOPLUS [FORD] JARAGUÁ DO SUL,189310040817079,39.95,2634,1966,48,0.83229167,Conversas por mensagem iniciadas,2,19.975,2026-09-03,2026-09-03,
[SET]_[N]_Card_Oferta - R/T/M,2026-09-04,active,campaign,AUTOPLUS [FORD] JARAGUÁ DO SUL,189310040817079,47.24,2831,2036,24,1.96833333,Conversas por mensagem iniciadas,1,47.24,2026-09-04,2026-09-04,
[SET]_[SN]_Carrossel_Oferta - Estoque,2026-09-04,active,campaign,AUTOPLUS [FORD] JARAGUÁ DO SUL,189310040817079,32.35,2031,1438,54,0.59907407,Conversas por mensagem iniciadas,2,16.175,2026-09-04,2026-09-04,
[SET]_[N]_Vt_Oferta - M/T/R,2026-09-04,active,campaign,AUTOPLUS [FORD] JARAGUÁ DO SUL,189310040817079,44.85,579,485,16,2.803125,Conversas por mensagem iniciadas,4,11.2125,2026-09-04,2026-09-04,
[SET]_[SN]_Card_Condição - Lote,2026-09-04,active,campaign,AUTOPLUS [FORD] JARAGUÁ DO SUL,189310040817079,23.25,1240,1034,22,1.05681818,Conversas por mensagem iniciadas,1,23.25,2026-09-04,2026-09-04,
[SET]_[SN]_Carrossel_Oferta - Estoque [TP],2026-09-04,active,campaign,AUTOPLUS [FORD] JARAGUÁ DO SUL,189310040817079,6.67,374,320,7,0.95285714,,,,2026-09-04,2026-09-04,
[SET]_[N]_Vt_Oferta - M/T/R,2026-09-05,active,campaign,AUTOPLUS [FORD] JARAGUÁ DO SUL,189310040817079,50.59,746,563,18,2.81055556,Conversas por mensagem iniciadas,3,16.86333333,2026-09-05,2026-09-05,
[SET]_[SN]_Carrossel_Oferta - Estoque [TP],2026-09-05,active,campaign,AUTOPLUS [FORD] JARAGUÁ DO SUL,189310040817079,2.62,256,224,3,0.87333333,,,,2026-09-05,2026-09-05,
[SET]_[SN]_Card_Condição - Lote,2026-09-05,active,campaign,AUTOPLUS [FORD] JARAGUÁ DO SUL,189310040817079,16.14,779,681,3,5.38,,,,2026-09-05,2026-09-05,
[SET]_[SN]_Carrossel_Oferta - Estoque,2026-09-05,active,campaign,AUTOPLUS [FORD] JARAGUÁ DO SUL,189310040817079,19.87,1231,918,39,0.50948718,Conversas por mensagem iniciadas,1,19.87,2026-09-05,2026-09-05,
[SET]_[N]_Card_Oferta - R/T/M,2026-09-05,active,campaign,AUTOPLUS [FORD] JARAGUÁ DO SUL,189310040817079,38.3,2351,1753,20,1.915,Conversas por mensagem iniciadas,4,9.575,2026-09-05,2026-09-05,
[SET]_[N]_Card_Oferta - R/T/M,2026-09-06,active,campaign,AUTOPLUS [FORD] JARAGUÁ DO SUL,189310040817079,53.12,3217,2423,23,2.30956522,Conversas por mensagem iniciadas,3,17.70666667,2026-09-06,2026-09-06,
[SET]_[SN]_Carrossel_Oferta - Estoque,2026-09-06,active,campaign,AUTOPLUS [FORD] JARAGUÁ DO SUL,189310040817079,41.87,3111,2305,63,0.66460317,Conversas por mensagem iniciadas,7,5.98142857,2026-09-06,2026-09-06,
[SET]_[SN]_Card_Condição - Lote,2026-09-06,active,campaign,AUTOPLUS [FORD] JARAGUÁ DO SUL,189310040817079,25.18,1426,1141,17,1.48117647,Conversas por mensagem iniciadas,1,25.18,2026-09-06,2026-09-06,
[SET]_[SN]_Carrossel_Oferta - Estoque [TP],2026-09-06,active,campaign,AUTOPLUS [FORD] JARAGUÁ DO SUL,189310040817079,12.75,756,592,13,0.98076923,,,,2026-09-06,2026-09-06,
[SET]_[N]_Vt_Oferta - M/T/R,2026-09-06,active,campaign,AUTOPLUS [FORD] JARAGUÁ DO SUL,189310040817079,70.33,890,672,31,2.26870968,Conversas por mensagem iniciadas,3,23.44333333,2026-09-06,2026-09-06,
[SET]_[N]_Vt_Oferta - M/T/R,2026-09-07,active,campaign,AUTOPLUS [FORD] JARAGUÁ DO SUL,189310040817079,59.35,1010,782,29,2.04655172,Conversas por mensagem iniciadas,4,14.8375,2026-09-07,2026-09-07,
[SET]_[SN]_Carrossel_Oferta - Estoque [TP],2026-09-07,active,campaign,AUTOPLUS [FORD] JARAGUÁ DO SUL,189310040817079,11.38,860,717,10,1.138,,,,2026-09-07,2026-09-07,
[SET]_[SN]_Card_Condição - Lote,2026-09-07,active,campaign,AUTOPLUS [FORD] JARAGUÁ DO SUL,189310040817079,38.92,2160,1823,24,1.62166667,Conversas por mensagem iniciadas,6,6.48666667,2026-09-07,2026-09-07,
[SET]_[N]_Card_Oferta - R/T/M,2026-09-07,active,campaign,AUTOPLUS [FORD] JARAGUÁ DO SUL,189310040817079,63.86,4530,3499,33,1.93515152,Conversas por mensagem iniciadas,4,15.965,2026-09-07,2026-09-07,
[SET]_[SN]_Carrossel_Oferta - Estoque,2026-09-07,active,campaign,AUTOPLUS [FORD] JARAGUÁ DO SUL,189310040817079,50.1,3317,2479,72,0.69583333,Conversas por mensagem iniciadas,6,8.35,2026-09-07,2026-09-07,
[SET]_[SN]_Card_Condição - Lote,2026-09-08,active,campaign,AUTOPLUS [FORD] JARAGUÁ DO SUL,189310040817079,40.55,1757,1436,17,2.38529412,Conversas por mensagem iniciadas,7,5.79285714,2026-09-08,2026-09-08,
[SET]_[N]_Vt_Oferta - M/T/R,2026-09-08,active,campaign,AUTOPLUS [FORD] JARAGUÁ DO SUL,189310040817079,73.94,1181,893,37,1.99837838,Conversas por mensagem iniciadas,4,18.485,2026-09-08,2026-09-08,
[SET]_[SN]_Carrossel_Oferta - Estoque [TP],2026-09-08,active,campaign,AUTOPLUS [FORD] JARAGUÁ DO SUL,189310040817079,12.04,505,449,11,1.09454545,Conversas por mensagem iniciadas,2,6.02,2026-09-08,2026-09-08,
[SET]_[N]_Card_Oferta - R/T/M,2026-09-08,active,campaign,AUTOPLUS [FORD] JARAGUÁ DO SUL,189310040817079,53.9,3951,3088,23,2.34347826,Conversas por mensagem iniciadas,1,53.9,2026-09-08,2026-09-08,
[SET]_[SN]_Carrossel_Oferta - Estoque,2026-09-08,active,campaign,AUTOPLUS [FORD] JARAGUÁ DO SUL,189310040817079,45.99,2627,2036,48,0.958125,Conversas por mensagem iniciadas,3,15.33,2026-09-08,2026-09-08,
[SET]_[N]_Vt_Oferta - M/T/R,2026-09-09,active,campaign,AUTOPLUS [FORD] JARAGUÁ DO SUL,189310040817079,77.77,1097,816,31,2.50870968,Conversas por mensagem iniciadas,7,11.11,2026-09-09,2026-09-09,
[SET]_[SN]_Carrossel_Oferta - Estoque [TP],2026-09-09,active,campaign,AUTOPLUS [FORD] JARAGUÁ DO SUL,189310040817079,12.45,595,495,18,0.69166667,Conversas por mensagem iniciadas,3,4.15,2026-09-09,2026-09-09,
[SET]_[SN]_Card_Condição - Lote,2026-09-09,active,campaign,AUTOPLUS [FORD] JARAGUÁ DO SUL,189310040817079,39.71,2049,1735,15,2.64733333,Conversas por mensagem iniciadas,3,13.23666667,2026-09-09,2026-09-09,
[SET]_[N]_Card_Oferta - R/T/M,2026-09-09,active,campaign,AUTOPLUS [FORD] JARAGUÁ DO SUL,189310040817079,85.98,5023,3682,48,1.79125,Conversas por mensagem iniciadas,7,12.28285714,2026-09-09,2026-09-09,
[SET]_[SN]_Carrossel_Oferta - Estoque,2026-09-09,active,campaign,AUTOPLUS [FORD] JARAGUÁ DO SUL,189310040817079,50.06,2842,2137,50,1.0012,Conversas por mensagem iniciadas,5,10.012,2026-09-09,2026-09-09,
[SET]_[N]_Vt_Oferta - M/T/R,2026-09-10,active,campaign,AUTOPLUS [FORD] JARAGUÁ DO SUL,189310040817079,65.6,1049,674,17,3.85882353,Conversas por mensagem iniciadas,5,13.12,2026-09-10,2026-09-10,
[SET]_[SN]_Carrossel_Oferta - Estoque [TP],2026-09-10,active,campaign,AUTOPLUS [FORD] JARAGUÁ DO SUL,189310040817079,10.63,509,419,13,0.81769231,Conversas por mensagem iniciadas,2,5.315,2026-09-10,2026-09-10,
[SET]_[SN]_Card_Condição - Lote,2026-09-10,active,campaign,AUTOPLUS [FORD] JARAGUÁ DO SUL,189310040817079,29.45,1533,1220,9,3.27222222,Conversas por mensagem iniciadas,1,29.45,2026-09-10,2026-09-10,
[SET]_[N]_Card_Oferta - R/T/M,2026-09-10,active,campaign,AUTOPLUS [FORD] JARAGUÁ DO SUL,189310040817079,72.42,4833,3426,30,2.414,Conversas por mensagem iniciadas,5,14.484,2026-09-10,2026-09-10,
[SET]_[SN]_Carrossel_Oferta - Estoque,2026-09-10,active,campaign,AUTOPLUS [FORD] JARAGUÁ DO SUL,189310040817079,42.01,2339,1723,43,0.97697674,Conversas por mensagem iniciadas,3,14.00333333,2026-09-10,2026-09-10,
[SET]_[N]_Card_Oferta - R/T/M,2026-09-11,active,campaign,AUTOPLUS [FORD] JARAGUÁ DO SUL,189310040817079,55.0,3794,2860,32,1.71875,Conversas por mensagem iniciadas,7,7.85714286,2026-09-11,2026-09-11,
[SET]_[SN]_Carrossel_Oferta - Estoque,2026-09-11,active,campaign,AUTOPLUS [FORD] JARAGUÁ DO SUL,189310040817079,32.0,1921,1299,27,1.18518519,Conversas por mensagem iniciadas,5,6.4,2026-09-11,2026-09-11,
[SET]_[N]_Vt_Oferta - M/T/R,2026-09-11,active,campaign,AUTOPLUS [FORD] JARAGUÁ DO SUL,189310040817079,44.02,772,560,11,4.00181818,Conversas por mensagem iniciadas,4,11.005,2026-09-11,2026-09-11,
[SET]_[SN]_Card_Condição - Lote,2026-09-11,active,campaign,AUTOPLUS [FORD] JARAGUÁ DO SUL,189310040817079,24.9,1225,995,15,1.66,Conversas por mensagem iniciadas,5,4.98,2026-09-11,2026-09-11,
[SET]_[SN]_Carrossel_Oferta - Estoque [TP],2026-09-11,active,campaign,AUTOPLUS [FORD] JARAGUÁ DO SUL,189310040817079,7.09,340,285,6,1.18166667,,,,2026-09-11,2026-09-11,
[SET]_[N]_Vt_Oferta - M/T/R,2026-09-12,active,campaign,AUTOPLUS [FORD] JARAGUÁ DO SUL,189310040817079,28.59,563,433,19,1.50473684,Conversas por mensagem iniciadas,4,7.1475,2026-09-12,2026-09-12,
[SET]_[SN]_Carrossel_Oferta - Estoque [TP],2026-09-12,active,campaign,AUTOPLUS [FORD] JARAGUÁ DO SUL,189310040817079,3.5,226,206,5,0.7,Conversas por mensagem iniciadas,1,3.5,2026-09-12,2026-09-12,
[SET]_[SN]_Card_Condição - Lote,2026-09-12,active,campaign,AUTOPLUS [FORD] JARAGUÁ DO SUL,189310040817079,11.18,628,494,4,2.795,Conversas por mensagem iniciadas,1,11.18,2026-09-12,2026-09-12,
[SET]_[N]_Card_Oferta - R/T/M,2026-09-12,active,campaign,AUTOPLUS [FORD] JARAGUÁ DO SUL,189310040817079,35.62,2439,1931,22,1.61909091,,,,2026-09-12,2026-09-12,
[SET]_[SN]_Carrossel_Oferta - Estoque,2026-09-12,active,campaign,AUTOPLUS [FORD] JARAGUÁ DO SUL,189310040817079,17.87,1222,898,24,0.74458333,Conversas por mensagem iniciadas,1,17.87,2026-09-12,2026-09-12,
[SET]_[N]_Card_Oferta - R/T/M,2026-09-13,active,campaign,AUTOPLUS [FORD] JARAGUÁ DO SUL,189310040817079,53.38,3106,2492,18,2.96555556,Conversas por mensagem iniciadas,1,53.38,2026-09-13,2026-09-13,
[SET]_[SN]_Carrossel_Oferta - Estoque,2026-09-13,active,campaign,AUTOPLUS [FORD] JARAGUÁ DO SUL,189310040817079,41.67,2107,1430,51,0.81705882,Conversas por mensagem iniciadas,2,20.835,2026-09-13,2026-09-13,
[SET]_[SN]_Card_Condição - Lote,2026-09-13,active,campaign,AUTOPLUS [FORD] JARAGUÁ DO SUL,189310040817079,30.04,1196,974,4,7.51,,,,2026-09-13,2026-09-13,
[SET]_[SN]_Carrossel_Oferta - Estoque [TP],2026-09-13,active,campaign,AUTOPLUS [FORD] JARAGUÁ DO SUL,189310040817079,11.88,509,433,7,1.69714286,Conversas por mensagem iniciadas,2,5.94,2026-09-13,2026-09-13,
[SET]_[N]_Vt_Oferta - M/T/R,2026-09-13,active,campaign,AUTOPLUS [FORD] JARAGUÁ DO SUL,189310040817079,58.35,1006,798,20,2.9175,Conversas por mensagem iniciadas,2,29.175,2026-09-13,2026-09-13,
[SET]_[N]_Vt_Oferta - M/T/R,2026-09-14,active,campaign,AUTOPLUS [FORD] JARAGUÁ DO SUL,189310040817079,14.82,153,120,,,Conversas por mensagem iniciadas,1,14.82,2026-09-14,2026-09-14,
[SET]_[SN]_Carrossel_Oferta - Estoque [TP],2026-09-14,active,campaign,AUTOPLUS [FORD] JARAGUÁ DO SUL,189310040817079,2.85,99,92,1,2.85,,,,2026-09-14,2026-09-14,
[SET]_[SN]_Card_Condição - Lote,2026-09-14,active,campaign,AUTOPLUS [FORD] JARAGUÁ DO SUL,189310040817079,5.58,196,182,1,5.58,,,,2026-09-14,2026-09-14,
[SET]_[N]_Card_Oferta - R/T/M,2026-09-14,active,campaign,AUTOPLUS [FORD] JARAGUÁ DO SUL,189310040817079,11.42,542,469,8,1.4275,Conversas por mensagem iniciadas,3,3.80666667,2026-09-14,2026-09-14,
[SET]_[SN]_Carrossel_Oferta - Estoque,2026-09-14,active,campaign,AUTOPLUS [FORD] JARAGUÁ DO SUL,189310040817079,6.21,296,237,4,1.5525,,,,2026-09-14,2026-09-14,
[SET]_[SN]_Card_Condição - Lote,2026-09-01,active,campaign,AUTOPLUS [FORD] JOAÇABA,865012117311456,38.77,4567,3882,69,0.56188406,Conversas por mensagem iniciadas,5,7.754,2026-09-01,2026-09-01,
[SET]_[N]_Card_Oferta- R/T/M,2026-09-01,active,campaign,AUTOPLUS [FORD] JOAÇABA,865012117311456,73.66,9363,7262,81,0.90938272,Conversas por mensagem iniciadas,8,9.2075,2026-09-01,2026-09-01,
[SET]_[SN]_Carrossel_Oferta - Estoque [TP],2026-09-01,active,campaign,AUTOPLUS [FORD] JOAÇABA,865012117311456,12.72,771,665,17,0.74823529,Conversas por mensagem iniciadas,3,4.24,2026-09-01,2026-09-01,
[SET]_[SN]_Carrossel_Oferta - Estoque,2026-09-01,active,campaign,AUTOPLUS [FORD] JOAÇABA,865012117311456,45.72,3837,2754,66,0.69272727,Conversas por mensagem iniciadas,2,22.86,2026-09-01,2026-09-01,
[SET]_[SN]_Carrossel_Oferta - Estoque [TP],2026-09-02,active,campaign,AUTOPLUS [FORD] JOAÇABA,865012117311456,10.7,988,838,18,0.59444444,Conversas por mensagem iniciadas,4,2.675,2026-09-02,2026-09-02,
[SET]_[SN]_Card_Condição - Lote,2026-09-02,active,campaign,AUTOPLUS [FORD] JOAÇABA,865012117311456,30.83,3548,3032,49,0.62918367,Conversas por mensagem iniciadas,2,15.415,2026-09-02,2026-09-02,
[SET]_[N]_Card_Oferta- R/T/M,2026-09-02,active,campaign,AUTOPLUS [FORD] JOAÇABA,865012117311456,64.08,7645,6031,56,1.14428571,Conversas por mensagem iniciadas,6,10.68,2026-09-02,2026-09-02,
[SET]_[SN]_Carrossel_Oferta - Estoque,2026-09-02,active,campaign,AUTOPLUS [FORD] JOAÇABA,865012117311456,44.96,4566,3125,81,0.55506173,Conversas por mensagem iniciadas,9,4.99555556,2026-09-02,2026-09-02,
[SET]_[SN]_Carrossel_Oferta - Estoque [TP],2026-09-03,active,campaign,AUTOPLUS [FORD] JOAÇABA,865012117311456,8.84,566,509,9,0.98222222,,,,2026-09-03,2026-09-03,
[SET]_[SN]_Card_Condição - Lote,2026-09-03,active,campaign,AUTOPLUS [FORD] JOAÇABA,865012117311456,29.49,2365,1903,37,0.79702703,Conversas por mensagem iniciadas,3,9.83,2026-09-03,2026-09-03,
[SET]_[N]_Card_Oferta- R/T/M,2026-09-03,active,campaign,AUTOPLUS [FORD] JOAÇABA,865012117311456,60.89,5659,4391,39,1.56128205,Conversas por mensagem iniciadas,3,20.29666667,2026-09-03,2026-09-03,
[SET]_[SN]_Carrossel_Oferta - Estoque,2026-09-03,active,campaign,AUTOPLUS [FORD] JOAÇABA,865012117311456,42.89,3470,2447,56,0.76589286,Conversas por mensagem iniciadas,2,21.445,2026-09-03,2026-09-03,
[SET]_[N]_Vt_Oferta - M/T/R,2026-09-04,active,campaign,AUTOPLUS [FORD] JOAÇABA,865012117311456,33.64,862,689,18,1.86888889,Conversas por mensagem iniciadas,2,16.82,2026-09-04,2026-09-04,
[SET]_[SN]_Carrossel_Oferta - Estoque [TP],2026-09-04,active,campaign,AUTOPLUS [FORD] JOAÇABA,865012117311456,7.14,694,593,18,0.39666667,,,,2026-09-04,2026-09-04,
[SET]_[SN]_Card_Condição - Lote,2026-09-04,active,campaign,AUTOPLUS [FORD] JOAÇABA,865012117311456,20.02,1224,917,8,2.5025,Conversas por mensagem iniciadas,2,10.01,2026-09-04,2026-09-04,
[SET]_[N]_Card_Oferta- R/T/M,2026-09-04,active,campaign,AUTOPLUS [FORD] JOAÇABA,865012117311456,43.13,3128,2191,25,1.7252,Conversas por mensagem iniciadas,2,21.565,2026-09-04,2026-09-04,
[SET]_[SN]_Carrossel_Oferta - Estoque,2026-09-04,active,campaign,AUTOPLUS [FORD] JOAÇABA,865012117311456,27.91,2623,1763,45,0.62022222,Conversas por mensagem iniciadas,2,13.955,2026-09-04,2026-09-04,
[SET]_[N]_Card_Oferta- R/T/M,2026-09-05,active,campaign,AUTOPLUS [FORD] JOAÇABA,865012117311456,38.93,3190,2259,22,1.76954545,Conversas por mensagem iniciadas,2,19.465,2026-09-05,2026-09-05,
[SET]_[SN]_Carrossel_Oferta - Estoque,2026-09-05,active,campaign,AUTOPLUS [FORD] JOAÇABA,865012117311456,20.35,2092,1438,33,0.61666667,Conversas por mensagem iniciadas,3,6.78333333,2026-09-05,2026-09-05,
[SET]_[SN]_Card_Condição - Lote,2026-09-05,active,campaign,AUTOPLUS [FORD] JOAÇABA,865012117311456,14.22,804,674,4,3.555,Conversas por mensagem iniciadas,2,7.11,2026-09-05,2026-09-05,
[SET]_[SN]_Carrossel_Oferta - Estoque [TP],2026-09-05,active,campaign,AUTOPLUS [FORD] JOAÇABA,865012117311456,4.71,480,431,6,0.785,,,,2026-09-05,2026-09-05,
[SET]_[N]_Vt_Oferta - M/T/R,2026-09-05,active,campaign,AUTOPLUS [FORD] JOAÇABA,865012117311456,50.84,1089,813,18,2.82444444,Conversas por mensagem iniciadas,2,25.42,2026-09-05,2026-09-05,
[SET]_[N]_Vt_Oferta - M/T/R,2026-09-06,active,campaign,AUTOPLUS [FORD] JOAÇABA,865012117311456,83.02,1571,1090,46,1.80478261,Conversas por mensagem iniciadas,11,7.54727273,2026-09-06,2026-09-06,
[SET]_[SN]_Carrossel_Oferta - Estoque [TP],2026-09-06,active,campaign,AUTOPLUS [FORD] JOAÇABA,865012117311456,13.36,1114,937,17,0.78588235,Conversas por mensagem iniciadas,6,2.22666667,2026-09-06,2026-09-06,
[SET]_[SN]_Card_Condição - Lote,2026-09-06,active,campaign,AUTOPLUS [FORD] JOAÇABA,865012117311456,40.66,2911,2191,28,1.45214286,Conversas por mensagem iniciadas,2,20.33,2026-09-06,2026-09-06,
[SET]_[N]_Card_Oferta- R/T/M,2026-09-06,active,campaign,AUTOPLUS [FORD] JOAÇABA,865012117311456,74.55,5816,4062,41,1.81829268,Conversas por mensagem iniciadas,6,12.425,2026-09-06,2026-09-06,
[SET]_[SN]_Carrossel_Oferta - Estoque,2026-09-06,active,campaign,AUTOPLUS [FORD] JOAÇABA,865012117311456,50.71,5094,3411,87,0.58287356,Conversas por mensagem iniciadas,9,5.63444444,2026-09-06,2026-09-06,
[SET]_[N]_Vt_Oferta - M/T/R,2026-09-07,active,campaign,AUTOPLUS [FORD] JOAÇABA,865012117311456,73.39,1633,1211,42,1.74738095,Conversas por mensagem iniciadas,6,12.23166667,2026-09-07,2026-09-07,
[SET]_[SN]_Carrossel_Oferta - Estoque [TP],2026-09-07,active,campaign,AUTOPLUS [FORD] JOAÇABA,865012117311456,12.05,968,803,13,0.92692308,Conversas por mensagem iniciadas,2,6.025,2026-09-07,2026-09-07,
[SET]_[SN]_Card_Condição - Lote,2026-09-07,active,campaign,AUTOPLUS [FORD] JOAÇABA,865012117311456,30.38,2180,1652,24,1.26583333,Conversas por mensagem iniciadas,3,10.12666667,2026-09-07,2026-09-07,
[SET]_[N]_Card_Oferta- R/T/M,2026-09-07,active,campaign,AUTOPLUS [FORD] JOAÇABA,865012117311456,57.25,4851,3701,30,1.90833333,Conversas por mensagem iniciadas,4,14.3125,2026-09-07,2026-09-07,
[SET]_[SN]_Carrossel_Oferta - Estoque,2026-09-07,active,campaign,AUTOPLUS [FORD] JOAÇABA,865012117311456,47.81,4016,2625,48,0.99604167,Conversas por mensagem iniciadas,2,23.905,2026-09-07,2026-09-07,
[SET]_[N]_Vt_Oferta - M/T/R,2026-09-08,active,campaign,AUTOPLUS [FORD] JOAÇABA,865012117311456,71.01,1019,727,40,1.77525,Conversas por mensagem iniciadas,6,11.835,2026-09-08,2026-09-08,
[SET]_[SN]_Carrossel_Oferta - Estoque [TP],2026-09-08,active,campaign,AUTOPLUS [FORD] JOAÇABA,865012117311456,9.31,697,589,21,0.44333333,Conversas por mensagem iniciadas,1,9.31,2026-09-08,2026-09-08,
[SET]_[SN]_Card_Condição - Lote,2026-09-08,active,campaign,AUTOPLUS [FORD] JOAÇABA,865012117311456,33.91,2287,1664,22,1.54136364,Conversas por mensagem iniciadas,3,11.30333333,2026-09-08,2026-09-08,
[SET]_[N]_Card_Oferta- R/T/M,2026-09-08,active,campaign,AUTOPLUS [FORD] JOAÇABA,865012117311456,56.28,5548,4445,51,1.10352941,Conversas por mensagem iniciadas,5,11.256,2026-09-08,2026-09-08,
[SET]_[SN]_Carrossel_Oferta - Estoque,2026-09-08,active,campaign,AUTOPLUS [FORD] JOAÇABA,865012117311456,43.37,3634,2423,63,0.6884127,Conversas por mensagem iniciadas,2,21.685,2026-09-08,2026-09-08,
[SET]_[N]_Vt_Oferta - M/T/R,2026-09-09,active,campaign,AUTOPLUS [FORD] JOAÇABA,865012117311456,65.76,1308,982,27,2.43555556,Conversas por mensagem iniciadas,5,13.152,2026-09-09,2026-09-09,
[SET]_[SN]_Carrossel_Oferta - Estoque [TP],2026-09-09,active,campaign,AUTOPLUS [FORD] JOAÇABA,865012117311456,10.42,776,709,9,1.15777778,Conversas por mensagem iniciadas,2,5.21,2026-09-09,2026-09-09,
[SET]_[SN]_Card_Condição - Lote,2026-09-09,active,campaign,AUTOPLUS [FORD] JOAÇABA,865012117311456,34.8,3110,2497,18,1.93333333,Conversas por mensagem iniciadas,2,17.4,2026-09-09,2026-09-09,
[SET]_[N]_Card_Oferta- R/T/M,2026-09-09,active,campaign,AUTOPLUS [FORD] JOAÇABA,865012117311456,78.32,6238,4603,52,1.50615385,Conversas por mensagem iniciadas,8,9.79,2026-09-09,2026-09-09,
[SET]_[SN]_Carrossel_Oferta - Estoque,2026-09-09,active,campaign,AUTOPLUS [FORD] JOAÇABA,865012117311456,50.09,3904,2664,74,0.67689189,Conversas por mensagem iniciadas,6,8.34833333,2026-09-09,2026-09-09,
[SET]_[N]_Card_Oferta- R/T/M,2026-09-10,active,campaign,AUTOPLUS [FORD] JOAÇABA,865012117311456,67.69,5049,3423,46,1.47152174,Conversas por mensagem iniciadas,6,11.28166667,2026-09-10,2026-09-10,
[SET]_[SN]_Carrossel_Oferta - Estoque,2026-09-10,active,campaign,AUTOPLUS [FORD] JOAÇABA,865012117311456,41.42,3659,2382,56,0.73964286,Conversas por mensagem iniciadas,6,6.90333333,2026-09-10,2026-09-10,
[SET]_[N]_Vt_Oferta - M/T/R,2026-09-10,active,campaign,AUTOPLUS [FORD] JOAÇABA,865012117311456,58.7,868,577,31,1.89354839,Conversas por mensagem iniciadas,4,14.675,2026-09-10,2026-09-10,
[SET]_[SN]_Card_Condição - Lote,2026-09-10,active,campaign,AUTOPLUS [FORD] JOAÇABA,865012117311456,30.16,1670,1212,13,2.32,Conversas por mensagem iniciadas,1,30.16,2026-09-10,2026-09-10,
[SET]_[SN]_Carrossel_Oferta - Estoque [TP],2026-09-10,active,campaign,AUTOPLUS [FORD] JOAÇABA,865012117311456,12.34,798,656,10,1.234,,,,2026-09-10,2026-09-10,
[SET]_[N]_Vídeo_Post individual,2026-09-11,active,campaign,AUTOPLUS [FORD] JOAÇABA,865012117311456,8.26,364,321,2,4.13,,,,2026-09-11,2026-09-11,
[SET]_[N]_Vt_Oferta - M/T/R,2026-09-11,active,campaign,AUTOPLUS [FORD] JOAÇABA,865012117311456,41.86,790,560,17,2.46235294,Conversas por mensagem iniciadas,4,10.465,2026-09-11,2026-09-11,
[SET]_[SN]_Carrossel_Oferta - Estoque [TP],2026-09-11,active,campaign,AUTOPLUS [FORD] JOAÇABA,865012117311456,8.4,548,483,4,2.1,,,,2026-09-11,2026-09-11,
[SET]_[SN]_Card_Condição - Lote,2026-09-11,active,campaign,AUTOPLUS [FORD] JOAÇABA,865012117311456,34.32,1795,1518,9,3.81333333,Conversas por mensagem iniciadas,1,34.32,2026-09-11,2026-09-11,
[SET]_[N]_Card_Oferta- R/T/M,2026-09-11,active,campaign,AUTOPLUS [FORD] JOAÇABA,865012117311456,52.7,5107,3795,25,2.108,Conversas por mensagem iniciadas,3,17.56666667,2026-09-11,2026-09-11,
[SET]_[SN]_Carrossel_Oferta - Estoque,2026-09-11,active,campaign,AUTOPLUS [FORD] JOAÇABA,865012117311456,29.83,2397,1560,29,1.02862069,Conversas por mensagem iniciadas,1,29.83,2026-09-11,2026-09-11,
[SET]_[SN]_Card_Condição - Lote,2026-09-12,active,campaign,AUTOPLUS [FORD] JOAÇABA,865012117311456,5.73,314,250,13,0.44076923,,,,2026-09-12,2026-09-12,
[SET]_[SN]_Carrossel_Oferta - Estoque,2026-09-12,active,campaign,AUTOPLUS [FORD] JOAÇABA,865012117311456,16.75,1367,969,35,0.47857143,Conversas por mensagem iniciadas,2,8.375,2026-09-12,2026-09-12,
[SET]_[N]_Card_Oferta- R/T/M,2026-09-12,active,campaign,AUTOPLUS [FORD] JOAÇABA,865012117311456,33.18,2750,2112,21,1.58,Conversas por mensagem iniciadas,4,8.295,2026-09-12,2026-09-12,
[SET]_[SN]_Carrossel_Oferta - Estoque [TP],2026-09-12,active,campaign,AUTOPLUS [FORD] JOAÇABA,865012117311456,4.03,320,291,1,4.03,,,,2026-09-12,2026-09-12,
[SET]_[N]_Vídeo_Post individual,2026-09-12,active,campaign,AUTOPLUS [FORD] JOAÇABA,865012117311456,6.77,262,227,1,6.77,,,,2026-09-12,2026-09-12,
[SET]_[N]_Vt_Oferta - M/T/R,2026-09-12,active,campaign,AUTOPLUS [FORD] JOAÇABA,865012117311456,26.05,691,524,15,1.73666667,Conversas por mensagem iniciadas,3,8.68333333,2026-09-12,2026-09-12,
[SET]_[N]_Vídeo_Post individual,2026-09-13,active,campaign,AUTOPLUS [FORD] JOAÇABA,865012117311456,11.16,297,255,2,5.58,Conversas por mensagem iniciadas,1,11.16,2026-09-13,2026-09-13,
[SET]_[N]_Vt_Oferta - M/T/R,2026-09-13,active,campaign,AUTOPLUS [FORD] JOAÇABA,865012117311456,69.63,1637,1242,42,1.65785714,Conversas por mensagem iniciadas,6,11.605,2026-09-13,2026-09-13,
[SET]_[SN]_Carrossel_Oferta - Estoque [TP],2026-09-13,active,campaign,AUTOPLUS [FORD] JOAÇABA,865012117311456,13.26,698,603,10,1.326,,,,2026-09-13,2026-09-13,
[SET]_[SN]_Card_Condição - Lote,2026-09-13,active,campaign,AUTOPLUS [FORD] JOAÇABA,865012117311456,31.87,1152,876,18,1.77055556,Conversas por mensagem iniciadas,1,31.87,2026-09-13,2026-09-13,
[SET]_[N]_Card_Oferta- R/T/M,2026-09-13,active,campaign,AUTOPLUS [FORD] JOAÇABA,865012117311456,58.13,4875,3602,38,1.52973684,Conversas por mensagem iniciadas,3,19.37666667,2026-09-13,2026-09-13,
[SET]_[SN]_Carrossel_Oferta - Estoque,2026-09-13,active,campaign,AUTOPLUS [FORD] JOAÇABA,865012117311456,48.89,2639,1758,47,1.04021277,Conversas por mensagem iniciadas,6,8.14833333,2026-09-13,2026-09-13,
[SET]_[N]_Vídeo_Post individual,2026-09-14,active,campaign,AUTOPLUS [FORD] JOAÇABA,865012117311456,2.59,43,42,1,2.59,Conversas por mensagem iniciadas,1,2.59,2026-09-14,2026-09-14,
[SET]_[N]_Vt_Oferta - M/T/R,2026-09-14,active,campaign,AUTOPLUS [FORD] JOAÇABA,865012117311456,20.97,418,342,11,1.90636364,,,,2026-09-14,2026-09-14,
[SET]_[SN]_Carrossel_Oferta - Estoque [TP],2026-09-14,active,campaign,AUTOPLUS [FORD] JOAÇABA,865012117311456,2.39,134,124,2,1.195,,,,2026-09-14,2026-09-14,
[SET]_[SN]_Card_Condição - Lote,2026-09-14,active,campaign,AUTOPLUS [FORD] JOAÇABA,865012117311456,8.01,397,352,2,4.005,,,,2026-09-14,2026-09-14,
[SET]_[N]_Card_Oferta- R/T/M,2026-09-14,active,campaign,AUTOPLUS [FORD] JOAÇABA,865012117311456,10.38,786,672,2,5.19,,,,2026-09-14,2026-09-14,
[SET]_[SN]_Carrossel_Oferta - Estoque,2026-09-14,active,campaign,AUTOPLUS [FORD] JOAÇABA,865012117311456,10.23,490,360,5,2.046,,,,2026-09-14,2026-09-14,
[SET]_[SN]_Carrossel_Oferta - Estoque,2026-09-01,active,campaign,AUTOPLUS [FORD] LAGES,1439357536110942,51.83,4194,3061,96,0.53989583,Conversas por mensagem iniciadas,7,7.40428571,2026-09-01,2026-09-01,
[SET]_[SN]_Card_Condição - Lote,2026-09-01,active,campaign,AUTOPLUS [FORD] LAGES,1439357536110942,52.9,4728,4154,63,0.83968254,Conversas por mensagem iniciadas,6,8.81666667,2026-09-01,2026-09-01,
[SET]_[SN]_Carrossel_Oferta - Estoque [TP],2026-09-01,active,campaign,AUTOPLUS [FORD] LAGES,1439357536110942,13.87,962,835,21,0.66047619,Conversas por mensagem iniciadas,2,6.935,2026-09-01,2026-09-01,
[SET]_[N]_Vt_Oferta_M/T/R,2026-09-01,active,campaign,AUTOPLUS [FORD] LAGES,1439357536110942,0.0,0,0,,,Conversas por mensagem iniciadas,2,0.0,2026-09-01,2026-09-01,
[SET]_[N]_Card_Oferta - R/T/M,2026-09-01,active,campaign,AUTOPLUS [FORD] LAGES,1439357536110942,100.7,8460,6588,95,1.06,Conversas por mensagem iniciadas,11,9.15454545,2026-09-01,2026-09-01,
[SET]_[SN]_Carrossel_Oferta - Estoque [TP],2026-09-02,active,campaign,AUTOPLUS [FORD] LAGES,1439357536110942,10.49,723,615,24,0.43708333,Conversas por mensagem iniciadas,1,10.49,2026-09-02,2026-09-02,
[SET]_[SN]_Carrossel_Oferta - Estoque,2026-09-02,active,campaign,AUTOPLUS [FORD] LAGES,1439357536110942,33.45,2639,1929,57,0.58684211,Conversas por mensagem iniciadas,2,16.725,2026-09-02,2026-09-02,
[SET]_[SN]_Card_Condição - Lote,2026-09-02,active,campaign,AUTOPLUS [FORD] LAGES,1439357536110942,37.74,2870,2422,33,1.14363636,Conversas por mensagem iniciadas,7,5.39142857,2026-09-02,2026-09-02,
[SET]_[N]_Card_Oferta - R/T/M,2026-09-02,active,campaign,AUTOPLUS [FORD] LAGES,1439357536110942,80.52,5273,4090,74,1.08810811,Conversas por mensagem iniciadas,9,8.94666667,2026-09-02,2026-09-02,
[SET]_[SN]_Carrossel_Oferta - Estoque [TP],2026-09-03,active,campaign,AUTOPLUS [FORD] LAGES,1439357536110942,11.25,647,564,18,0.625,Conversas por mensagem iniciadas,4,2.8125,2026-09-03,2026-09-03,
[SET]_[SN]_Carrossel_Oferta - Estoque,2026-09-03,active,campaign,AUTOPLUS [FORD] LAGES,1439357536110942,44.9,3216,2441,51,0.88039216,Conversas por mensagem iniciadas,4,11.225,2026-09-03,2026-09-03,
[SET]_[SN]_Card_Condição - Lote,2026-09-03,active,campaign,AUTOPLUS [FORD] LAGES,1439357536110942,43.12,2839,2332,28,1.54,Conversas por mensagem iniciadas,5,8.624,2026-09-03,2026-09-03,
[SET]_[N]_Card_Oferta - R/T/M,2026-09-03,active,campaign,AUTOPLUS [FORD] LAGES,1439357536110942,78.59,5420,4064,54,1.45537037,Conversas por mensagem iniciadas,9,8.73222222,2026-09-03,2026-09-03,
[SET]_[SN]_Card_Condição - Lote,2026-09-04,active,campaign,AUTOPLUS [FORD] LAGES,1439357536110942,28.12,1554,1221,22,1.27818182,Conversas por mensagem iniciadas,2,14.06,2026-09-04,2026-09-04,
[SET]_[N]_Card_Oferta - R/T/M,2026-09-04,active,campaign,AUTOPLUS [FORD] LAGES,1439357536110942,60.91,3850,2764,42,1.4502381,Conversas por mensagem iniciadas,4,15.2275,2026-09-04,2026-09-04,
[SET]_[N]_Vt_Oferta_M/T/R,2026-09-04,active,campaign,AUTOPLUS [FORD] LAGES,1439357536110942,34.87,452,385,17,2.05117647,Conversas por mensagem iniciadas,3,11.62333333,2026-09-04,2026-09-04,
[SET]_[SN]_Carrossel_Oferta - Estoque,2026-09-04,active,campaign,AUTOPLUS [FORD] LAGES,1439357536110942,32.41,2326,1730,30,1.08033333,Conversas por mensagem iniciadas,3,10.80333333,2026-09-04,2026-09-04,
[SET]_[SN]_Carrossel_Oferta - Estoque [TP],2026-09-04,active,campaign,AUTOPLUS [FORD] LAGES,1439357536110942,6.29,557,479,8,0.78625,Conversas por mensagem iniciadas,1,6.29,2026-09-04,2026-09-04,
[SET]_[N]_Vt_Oferta_M/T/R,2026-09-05,active,campaign,AUTOPLUS [FORD] LAGES,1439357536110942,45.34,550,412,29,1.56344828,Conversas por mensagem iniciadas,10,4.534,2026-09-05,2026-09-05,
[SET]_[SN]_Carrossel_Oferta - Estoque [TP],2026-09-05,active,campaign,AUTOPLUS [FORD] LAGES,1439357536110942,4.18,409,353,8,0.5225,,,,2026-09-05,2026-09-05,
[SET]_[SN]_Carrossel_Oferta - Estoque,2026-09-05,active,campaign,AUTOPLUS [FORD] LAGES,1439357536110942,24.11,1789,1269,25,0.9644,Conversas por mensagem iniciadas,5,4.822,2026-09-05,2026-09-05,
[SET]_[N]_Card_Oferta - R/T/M,2026-09-05,active,campaign,AUTOPLUS [FORD] LAGES,1439357536110942,52.98,3476,2498,46,1.15173913,Conversas por mensagem iniciadas,4,13.245,2026-09-05,2026-09-05,
[SET]_[SN]_Card_Condição - Lote,2026-09-05,active,campaign,AUTOPLUS [FORD] LAGES,1439357536110942,23.08,1138,932,11,2.09818182,Conversas por mensagem iniciadas,4,5.77,2026-09-05,2026-09-05,
[SET]_[SN]_Card_Condição - Lote,2026-09-06,active,campaign,AUTOPLUS [FORD] LAGES,1439357536110942,42.81,2121,1677,29,1.4762069,Conversas por mensagem iniciadas,6,7.135,2026-09-06,2026-09-06,
[SET]_[N]_Card_Oferta - R/T/M,2026-09-06,active,campaign,AUTOPLUS [FORD] LAGES,1439357536110942,61.75,3961,2826,40,1.54375,Conversas por mensagem iniciadas,5,12.35,2026-09-06,2026-09-06,
[SET]_[SN]_Carrossel_Oferta - Estoque,2026-09-06,active,campaign,AUTOPLUS [FORD] LAGES,1439357536110942,39.62,4353,3103,63,0.62888889,Conversas por mensagem iniciadas,2,19.81,2026-09-06,2026-09-06,
[SET]_[SN]_Carrossel_Oferta - Estoque [TP],2026-09-06,active,campaign,AUTOPLUS [FORD] LAGES,1439357536110942,11.77,849,695,12,0.98083333,Conversas por mensagem iniciadas,1,11.77,2026-09-06,2026-09-06,
[SET]_[N]_Vt_Oferta_M/T/R,2026-09-06,active,campaign,AUTOPLUS [FORD] LAGES,1439357536110942,76.19,933,647,44,1.73159091,Conversas por mensagem iniciadas,10,7.619,2026-09-06,2026-09-06,
[SET]_[N]_Vt_Oferta_M/T/R,2026-09-07,active,campaign,AUTOPLUS [FORD] LAGES,1439357536110942,58.24,812,560,32,1.82,Conversas por mensagem iniciadas,9,6.47111111,2026-09-07,2026-09-07,
[SET]_[SN]_Carrossel_Oferta - Estoque [TP],2026-09-07,active,campaign,AUTOPLUS [FORD] LAGES,1439357536110942,7.57,666,544,13,0.58230769,Conversas por mensagem iniciadas,1,7.57,2026-09-07,2026-09-07,
[SET]_[SN]_Carrossel_Oferta - Estoque,2026-09-07,active,campaign,AUTOPLUS [FORD] LAGES,1439357536110942,45.54,3752,2710,53,0.85924528,Conversas por mensagem iniciadas,2,22.77,2026-09-07,2026-09-07,
[SET]_[SN]_Card_Condição - Lote,2026-09-07,active,campaign,AUTOPLUS [FORD] LAGES,1439357536110942,42.66,2554,2034,23,1.85478261,Conversas por mensagem iniciadas,6,7.11,2026-09-07,2026-09-07,
[SET]_[N]_Card_Oferta - R/T/M,2026-09-07,active,campaign,AUTOPLUS [FORD] LAGES,1439357536110942,66.07,4185,3046,40,1.65175,Conversas por mensagem iniciadas,7,9.43857143,2026-09-07,2026-09-07,
[SET]_[SN]_Carrossel_Oferta - Estoque,2026-09-08,active,campaign,AUTOPLUS [FORD] LAGES,1439357536110942,44.67,3198,2412,54,0.82722222,Conversas por mensagem iniciadas,4,11.1675,2026-09-08,2026-09-08,
[SET]_[N]_Vt_Oferta_M/T/R,2026-09-08,active,campaign,AUTOPLUS [FORD] LAGES,1439357536110942,59.7,851,639,45,1.32666667,Conversas por mensagem iniciadas,4,14.925,2026-09-08,2026-09-08,
[SET]_[SN]_Carrossel_Oferta - Estoque [TP],2026-09-08,active,campaign,AUTOPLUS [FORD] LAGES,1439357536110942,11.87,794,682,14,0.84785714,Conversas por mensagem iniciadas,2,5.935,2026-09-08,2026-09-08,
[SET]_[SN]_Card_Condição - Lote,2026-09-08,active,campaign,AUTOPLUS [FORD] LAGES,1439357536110942,47.47,2513,1981,31,1.53129032,Conversas por mensagem iniciadas,6,7.91166667,2026-09-08,2026-09-08,
[SET]_[N]_Card_Oferta - R/T/M,2026-09-08,active,campaign,AUTOPLUS [FORD] LAGES,1439357536110942,57.22,4279,3428,51,1.12196078,Conversas por mensagem iniciadas,6,9.53666667,2026-09-08,2026-09-08,
[SET]_[N]_Vt_Oferta_M/T/R,2026-09-09,active,campaign,AUTOPLUS [FORD] LAGES,1439357536110942,80.03,939,679,48,1.66729167,Conversas por mensagem iniciadas,9,8.89222222,2026-09-09,2026-09-09,
[SET]_[SN]_Carrossel_Oferta - Estoque [TP],2026-09-09,active,campaign,AUTOPLUS [FORD] LAGES,1439357536110942,13.83,768,669,13,1.06384615,Conversas por mensagem iniciadas,4,3.4575,2026-09-09,2026-09-09,
[SET]_[SN]_Carrossel_Oferta - Estoque,2026-09-09,active,campaign,AUTOPLUS [FORD] LAGES,1439357536110942,55.59,3918,2608,64,0.86859375,Conversas por mensagem iniciadas,9,6.17666667,2026-09-09,2026-09-09,
[SET]_[SN]_Card_Condição - Lote,2026-09-09,active,campaign,AUTOPLUS [FORD] LAGES,1439357536110942,53.05,2671,2086,25,2.122,Conversas por mensagem iniciadas,6,8.84166667,2026-09-09,2026-09-09,
[SET]_[N]_Card_Oferta - R/T/M,2026-09-09,active,campaign,AUTOPLUS [FORD] LAGES,1439357536110942,80.73,4930,3666,54,1.495,Conversas por mensagem iniciadas,11,7.33909091,2026-09-09,2026-09-09,
[SET]_[N]_Vt_Oferta_M/T/R,2026-09-10,active,campaign,AUTOPLUS [FORD] LAGES,1439357536110942,67.33,781,518,28,2.40464286,Conversas por mensagem iniciadas,5,13.466,2026-09-10,2026-09-10,
[SET]_[SN]_Carrossel_Oferta - Estoque [TP],2026-09-10,active,campaign,AUTOPLUS [FORD] LAGES,1439357536110942,11.18,751,646,8,1.3975,Conversas por mensagem iniciadas,1,11.18,2026-09-10,2026-09-10,
[SET]_[SN]_Carrossel_Oferta - Estoque,2026-09-10,active,campaign,AUTOPLUS [FORD] LAGES,1439357536110942,40.1,3158,2067,51,0.78627451,Conversas por mensagem iniciadas,7,5.72857143,2026-09-10,2026-09-10,
[SET]_[SN]_Card_Condição - Lote,2026-09-10,active,campaign,AUTOPLUS [FORD] LAGES,1439357536110942,36.15,2562,2083,20,1.8075,Conversas por mensagem iniciadas,3,12.05,2026-09-10,2026-09-10,
[SET]_[N]_Card_Oferta - R/T/M,2026-09-10,active,campaign,AUTOPLUS [FORD] LAGES,1439357536110942,61.54,4729,3318,33,1.86484848,Conversas por mensagem iniciadas,6,10.25666667,2026-09-10,2026-09-10,
[SET]_[SN]_Card_Condição - Lote,2026-09-11,active,campaign,AUTOPLUS [FORD] LAGES,1439357536110942,43.31,2307,1920,17,2.54764706,Conversas por mensagem iniciadas,4,10.8275,2026-09-11,2026-09-11,
[SET]_[N]_Card_Oferta - R/T/M,2026-09-11,active,campaign,AUTOPLUS [FORD] LAGES,1439357536110942,51.61,3856,2814,28,1.84321429,Conversas por mensagem iniciadas,7,7.37285714,2026-09-11,2026-09-11,
[SET]_[N]_Vt_Oferta_M/T/R,2026-09-11,active,campaign,AUTOPLUS [FORD] LAGES,1439357536110942,43.62,604,431,29,1.50413793,Conversas por mensagem iniciadas,7,6.23142857,2026-09-11,2026-09-11,
[SET]_[SN]_Carrossel_Oferta - Estoque,2026-09-11,active,campaign,AUTOPLUS [FORD] LAGES,1439357536110942,29.84,2175,1493,37,0.80648649,Conversas por mensagem iniciadas,4,7.46,2026-09-11,2026-09-11,
[SET]_[SN]_Carrossel_Oferta - Estoque [TP],2026-09-11,active,campaign,AUTOPLUS [FORD] LAGES,1439357536110942,9.76,601,488,8,1.22,Conversas por mensagem iniciadas,1,9.76,2026-09-11,2026-09-11,
[SET]_[N]_Vt_Oferta_M/T/R,2026-09-12,active,campaign,AUTOPLUS [FORD] LAGES,1439357536110942,34.66,625,449,24,1.44416667,Conversas por mensagem iniciadas,6,5.77666667,2026-09-12,2026-09-12,
[SET]_[SN]_Carrossel_Oferta - Estoque [TP],2026-09-12,active,campaign,AUTOPLUS [FORD] LAGES,1439357536110942,3.92,303,281,2,1.96,,,,2026-09-12,2026-09-12,
[SET]_[SN]_Carrossel_Oferta - Estoque,2026-09-12,active,campaign,AUTOPLUS [FORD] LAGES,1439357536110942,24.52,1837,1384,28,0.87571429,Conversas por mensagem iniciadas,3,8.17333333,2026-09-12,2026-09-12,
[SET]_[SN]_Card_Condição - Lote,2026-09-12,active,campaign,AUTOPLUS [FORD] LAGES,1439357536110942,14.51,750,611,9,1.61222222,Conversas por mensagem iniciadas,2,7.255,2026-09-12,2026-09-12,
[SET]_[N]_Card_Oferta - R/T/M,2026-09-12,active,campaign,AUTOPLUS [FORD] LAGES,1439357536110942,40.82,2790,2072,29,1.40758621,Conversas por mensagem iniciadas,4,10.205,2026-09-12,2026-09-12,
[SET]_[SN]_Card_Condição - Lote,2026-09-13,active,campaign,AUTOPLUS [FORD] LAGES,1439357536110942,36.48,1550,1211,16,2.28,Conversas por mensagem iniciadas,6,6.08,2026-09-13,2026-09-13,
[SET]_[N]_Card_Oferta - R/T/M,2026-09-13,active,campaign,AUTOPLUS [FORD] LAGES,1439357536110942,58.14,3568,2661,32,1.816875,Conversas por mensagem iniciadas,7,8.30571429,2026-09-13,2026-09-13,
[SET]_[SN]_Carrossel_Oferta - Estoque,2026-09-13,active,campaign,AUTOPLUS [FORD] LAGES,1439357536110942,40.6,2241,1634,31,1.30967742,Conversas por mensagem iniciadas,1,40.6,2026-09-13,2026-09-13,
[SET]_[SN]_Carrossel_Oferta - Estoque [TP],2026-09-13,active,campaign,AUTOPLUS [FORD] LAGES,1439357536110942,11.94,569,488,14,0.85285714,Conversas por mensagem iniciadas,2,5.97,2026-09-13,2026-09-13,
[SET]_[N]_Vt_Oferta_M/T/R,2026-09-13,active,campaign,AUTOPLUS [FORD] LAGES,1439357536110942,54.73,846,628,29,1.88724138,,,,2026-09-13,2026-09-13,
[SET]_[N]_Vt_Oferta_M/T/R,2026-09-14,active,campaign,AUTOPLUS [FORD] LAGES,1439357536110942,13.62,308,255,14,0.97285714,Conversas por mensagem iniciadas,1,13.62,2026-09-14,2026-09-14,
[SET]_[SN]_Carrossel_Oferta - Estoque [TP],2026-09-14,active,campaign,AUTOPLUS [FORD] LAGES,1439357536110942,2.03,72,65,2,1.015,,,,2026-09-14,2026-09-14,
[SET]_[SN]_Carrossel_Oferta - Estoque,2026-09-14,active,campaign,AUTOPLUS [FORD] LAGES,1439357536110942,9.89,489,392,10,0.989,Conversas por mensagem iniciadas,1,9.89,2026-09-14,2026-09-14,
[SET]_[SN]_Card_Condição - Lote,2026-09-14,active,campaign,AUTOPLUS [FORD] LAGES,1439357536110942,10.83,517,443,1,10.83,,,,2026-09-14,2026-09-14,
[SET]_[N]_Card_Oferta - R/T/M,2026-09-14,active,campaign,AUTOPLUS [FORD] LAGES,1439357536110942,17.71,990,813,9,1.96777778,Conversas por mensagem iniciadas,1,17.71,2026-09-14,2026-09-14,
[SET]_[SN]_Card_Condição - Lote,2026-09-01,active,campaign,AUTOPLUS [FORD] MAFRA,3401392603350599,48.94,3677,2505,35,1.39828571,Conversas por mensagem iniciadas,2,24.47,2026-09-01,2026-09-01,
[SET]_[N]_Card_Oferta- R/T/M,2026-09-01,active,campaign,AUTOPLUS [FORD] MAFRA,3401392603350599,87.82,7079,4252,44,1.99590909,Conversas por mensagem iniciadas,5,17.564,2026-09-01,2026-09-01,
[SET]_[SN]_Carrossel_Oferta - Estoque [TP],2026-09-01,active,campaign,AUTOPLUS [FORD] MAFRA,3401392603350599,16.65,1050,878,18,0.925,,,,2026-09-01,2026-09-01,
[SET][SN]_Carrossel_Ofertas - Estoque,2026-09-01,active,campaign,AUTOPLUS [FORD] MAFRA,3401392603350599,64.73,3968,2630,45,1.43844444,Conversas por mensagem iniciadas,4,16.1825,2026-09-01,2026-09-01,
[SET]_[SN]_Carrossel_Oferta - Estoque [TP],2026-09-02,active,campaign,AUTOPLUS [FORD] MAFRA,3401392603350599,11.77,465,378,10,1.177,Conversas por mensagem iniciadas,1,11.77,2026-09-02,2026-09-02,
[SET]_[SN]_Card_Condição - Lote,2026-09-02,active,campaign,AUTOPLUS [FORD] MAFRA,3401392603350599,31.46,1826,1091,16,1.96625,Conversas por mensagem iniciadas,1,31.46,2026-09-02,2026-09-02,
[SET]_[N]_Card_Oferta- R/T/M,2026-09-02,active,campaign,AUTOPLUS [FORD] MAFRA,3401392603350599,69.74,3143,1571,18,3.87444444,Conversas por mensagem iniciadas,2,34.87,2026-09-02,2026-09-02,
[SET][SN]_Carrossel_Ofertas - Estoque,2026-09-02,active,campaign,AUTOPLUS [FORD] MAFRA,3401392603350599,36.18,1333,820,13,2.78307692,Conversas por mensagem iniciadas,1,36.18,2026-09-02,2026-09-02,
[SET]_[SN]_Carrossel_Oferta - Estoque [TP],2026-09-03,active,campaign,AUTOPLUS [FORD] MAFRA,3401392603350599,10.01,573,490,10,1.001,Conversas por mensagem iniciadas,3,3.33666667,2026-09-03,2026-09-03,
[SET]_[SN]_Card_Condição - Lote,2026-09-03,active,campaign,AUTOPLUS [FORD] MAFRA,3401392603350599,32.93,1626,1073,8,4.11625,,,,2026-09-03,2026-09-03,
[SET]_[N]_Card_Oferta- R/T/M,2026-09-03,active,campaign,AUTOPLUS [FORD] MAFRA,3401392603350599,71.78,3531,1989,22,3.26272727,Conversas por mensagem iniciadas,2,35.89,2026-09-03,2026-09-03,
[SET][SN]_Carrossel_Ofertas - Estoque,2026-09-03,active,campaign,AUTOPLUS [FORD] MAFRA,3401392603350599,42.07,2017,1333,14,3.005,Conversas por mensagem iniciadas,2,21.035,2026-09-03,2026-09-03,
[SET]_[N]_Vt_Oferta - M/T/R,2026-09-04,active,campaign,AUTOPLUS [FORD] MAFRA,3401392603350599,17.55,982,781,4,4.3875,Conversas por mensagem iniciadas,1,17.55,2026-09-04,2026-09-04,
[SET]_[SN]_Carrossel_Oferta - Estoque [TP],2026-09-04,active,campaign,AUTOPLUS [FORD] MAFRA,3401392603350599,6.83,486,428,8,0.85375,Conversas por mensagem iniciadas,1,6.83,2026-09-04,2026-09-04,
[SET]_[SN]_Card_Condição - Lote,2026-09-04,active,campaign,AUTOPLUS [FORD] MAFRA,3401392603350599,19.93,1435,1034,4,4.9825,,,,2026-09-04,2026-09-04,
[SET]_[N]_Card_Oferta- R/T/M,2026-09-04,active,campaign,AUTOPLUS [FORD] MAFRA,3401392603350599,46.89,3595,2208,27,1.73666667,Conversas por mensagem iniciadas,2,23.445,2026-09-04,2026-09-04,
[SET][SN]_Carrossel_Ofertas - Estoque,2026-09-04,active,campaign,AUTOPLUS [FORD] MAFRA,3401392603350599,32.13,1271,883,15,2.142,Conversas por mensagem iniciadas,3,10.71,2026-09-04,2026-09-04,
[SET][SN]_Carrossel_Ofertas - Estoque,2026-09-05,active,campaign,AUTOPLUS [FORD] MAFRA,3401392603350599,24.79,1571,1095,18,1.37722222,Conversas por mensagem iniciadas,2,12.395,2026-09-05,2026-09-05,
[SET]_[SN]_Card_Condição - Lote,2026-09-05,active,campaign,AUTOPLUS [FORD] MAFRA,3401392603350599,13.19,1020,785,9,1.46555556,Conversas por mensagem iniciadas,1,13.19,2026-09-05,2026-09-05,
[SET]_[N]_Card_Oferta- R/T/M,2026-09-05,active,campaign,AUTOPLUS [FORD] MAFRA,3401392603350599,32.81,2888,1860,10,3.281,,,,2026-09-05,2026-09-05,
[SET]_[SN]_Carrossel_Oferta - Estoque [TP],2026-09-05,active,campaign,AUTOPLUS [FORD] MAFRA,3401392603350599,2.81,294,261,1,2.81,,,,2026-09-05,2026-09-05,
[SET]_[N]_Vt_Oferta - M/T/R,2026-09-05,active,campaign,AUTOPLUS [FORD] MAFRA,3401392603350599,63.67,3880,2326,8,7.95875,,,,2026-09-05,2026-09-05,
[SET]_[N]_Vt_Oferta - M/T/R,2026-09-06,active,campaign,AUTOPLUS [FORD] MAFRA,3401392603350599,52.53,3796,2039,18,2.91833333,Conversas por mensagem iniciadas,2,26.265,2026-09-06,2026-09-06,
[SET]_[SN]_Carrossel_Oferta - Estoque [TP],2026-09-06,active,campaign,AUTOPLUS [FORD] MAFRA,3401392603350599,8.8,916,823,6,1.46666667,,,,2026-09-06,2026-09-06,
[SET]_[SN]_Card_Condição - Lote,2026-09-06,active,campaign,AUTOPLUS [FORD] MAFRA,3401392603350599,28.65,2052,1366,10,2.865,,,,2026-09-06,2026-09-06,
[SET]_[N]_Card_Oferta- R/T/M,2026-09-06,active,campaign,AUTOPLUS [FORD] MAFRA,3401392603350599,44.02,4010,2596,25,1.7608,Conversas por mensagem iniciadas,1,44.02,2026-09-06,2026-09-06,
[SET][SN]_Carrossel_Ofertas - Estoque,2026-09-06,active,campaign,AUTOPLUS [FORD] MAFRA,3401392603350599,33.45,2673,1883,30,1.115,Conversas por mensagem iniciadas,1,33.45,2026-09-06,2026-09-06,
[SET]_[N]_Vt_Oferta - M/T/R,2026-09-07,active,campaign,AUTOPLUS [FORD] MAFRA,3401392603350599,48.28,1955,1008,16,3.0175,Conversas por mensagem iniciadas,2,24.14,2026-09-07,2026-09-07,
[SET]_[SN]_Carrossel_Oferta - Estoque [TP],2026-09-07,active,campaign,AUTOPLUS [FORD] MAFRA,3401392603350599,9.3,969,811,4,2.325,,,,2026-09-07,2026-09-07,
[SET]_[SN]_Card_Condição - Lote,2026-09-07,active,campaign,AUTOPLUS [FORD] MAFRA,3401392603350599,27.58,2132,1420,6,4.59666667,,,,2026-09-07,2026-09-07,
[SET]_[N]_Card_Oferta- R/T/M,2026-09-07,active,campaign,AUTOPLUS [FORD] MAFRA,3401392603350599,66.1,5544,3611,32,2.065625,Conversas por mensagem iniciadas,3,22.03333333,2026-09-07,2026-09-07,
[SET][SN]_Carrossel_Ofertas - Estoque,2026-09-07,active,campaign,AUTOPLUS [FORD] MAFRA,3401392603350599,43.97,2412,1558,19,2.31421053,Conversas por mensagem iniciadas,1,43.97,2026-09-07,2026-09-07,
[SET]_[SN]_Card_Condição - Lote,2026-09-08,active,campaign,AUTOPLUS [FORD] MAFRA,3401392603350599,40.92,2051,1358,14,2.92285714,Conversas por mensagem iniciadas,1,40.92,2026-09-08,2026-09-08,
[SET]_[N]_Vt_Oferta - M/T/R,2026-09-08,active,campaign,AUTOPLUS [FORD] MAFRA,3401392603350599,66.91,1828,1187,13,5.14692308,,,,2026-09-08,2026-09-08,
[SET]_[SN]_Carrossel_Oferta - Estoque [TP],2026-09-08,active,campaign,AUTOPLUS [FORD] MAFRA,3401392603350599,9.38,587,529,7,1.34,,,,2026-09-08,2026-09-08,
[SET]_[N]_Card_Oferta- R/T/M,2026-09-08,active,campaign,AUTOPLUS [FORD] MAFRA,3401392603350599,54.1,3887,2450,22,2.45909091,Conversas por mensagem iniciadas,3,18.03333333,2026-09-08,2026-09-08,
[SET][SN]_Carrossel_Ofertas - Estoque,2026-09-08,active,campaign,AUTOPLUS [FORD] MAFRA,3401392603350599,50.02,2528,1686,17,2.94235294,Conversas por mensagem iniciadas,2,25.01,2026-09-08,2026-09-08,
[SET]_[N]_Vt_Oferta - M/T/R,2026-09-09,active,campaign,AUTOPLUS [FORD] MAFRA,3401392603350599,86.95,5020,4310,16,5.434375,Conversas por mensagem iniciadas,2,43.475,2026-09-09,2026-09-09,
[SET]_[SN]_Carrossel_Oferta - Estoque [TP],2026-09-09,active,campaign,AUTOPLUS [FORD] MAFRA,3401392603350599,15.32,910,811,9,1.70222222,Conversas por mensagem iniciadas,1,15.32,2026-09-09,2026-09-09,
[SET]_[SN]_Card_Condição - Lote,2026-09-09,active,campaign,AUTOPLUS [FORD] MAFRA,3401392603350599,40.34,1790,1446,8,5.0425,,,,2026-09-09,2026-09-09,
[SET]_[N]_Card_Oferta- R/T/M,2026-09-09,active,campaign,AUTOPLUS [FORD] MAFRA,3401392603350599,69.67,4300,3286,18,3.87055556,Conversas por mensagem iniciadas,3,23.22333333,2026-09-09,2026-09-09,
[SET][SN]_Carrossel_Ofertas - Estoque,2026-09-09,active,campaign,AUTOPLUS [FORD] MAFRA,3401392603350599,62.26,3267,2410,26,2.39461538,Conversas por mensagem iniciadas,2,31.13,2026-09-09,2026-09-09,
[SET]_[N]_Vt_Oferta - M/T/R,2026-09-10,active,campaign,AUTOPLUS [FORD] MAFRA,3401392603350599,52.02,1428,869,6,8.67,Conversas por mensagem iniciadas,1,52.02,2026-09-10,2026-09-10,
[SET]_[SN]_Carrossel_Oferta - Estoque [TP],2026-09-10,active,campaign,AUTOPLUS [FORD] MAFRA,3401392603350599,15.41,860,746,14,1.10071429,,,,2026-09-10,2026-09-10,
[SET]_[SN]_Card_Condição - Lote,2026-09-10,active,campaign,AUTOPLUS [FORD] MAFRA,3401392603350599,15.35,713,567,5,3.07,Conversas por mensagem iniciadas,1,15.35,2026-09-10,2026-09-10,
[SET]_[N]_Card_Oferta- R/T/M,2026-09-10,active,campaign,AUTOPLUS [FORD] MAFRA,3401392603350599,86.35,4304,2695,29,2.97758621,Conversas por mensagem iniciadas,5,17.27,2026-09-10,2026-09-10,
[SET][SN]_Carrossel_Ofertas - Estoque,2026-09-10,active,campaign,AUTOPLUS [FORD] MAFRA,3401392603350599,44.07,2059,1262,26,1.695,Conversas por mensagem iniciadas,5,8.814,2026-09-10,2026-09-10,
[SET]_[N]_Card_Oferta- R/T/M,2026-09-11,active,campaign,AUTOPLUS [FORD] MAFRA,3401392603350599,55.47,3009,1913,10,5.547,Conversas por mensagem iniciadas,2,27.735,2026-09-11,2026-09-11,
[SET][SN]_Carrossel_Ofertas - Estoque,2026-09-11,active,campaign,AUTOPLUS [FORD] MAFRA,3401392603350599,27.63,1426,980,12,2.3025,Conversas por mensagem iniciadas,3,9.21,2026-09-11,2026-09-11,
[SET]_[N]_Vt_Oferta - M/T/R,2026-09-11,active,campaign,AUTOPLUS [FORD] MAFRA,3401392603350599,47.86,1221,770,5,9.572,Conversas por mensagem iniciadas,1,47.86,2026-09-11,2026-09-11,
[SET]_[SN]_Card_Condição - Lote,2026-09-11,active,campaign,AUTOPLUS [FORD] MAFRA,3401392603350599,9.24,624,525,5,1.848,,,,2026-09-11,2026-09-11,
[SET]_[SN]_Carrossel_Oferta - Estoque [TP],2026-09-11,active,campaign,AUTOPLUS [FORD] MAFRA,3401392603350599,9.68,522,450,7,1.38285714,Conversas por mensagem iniciadas,1,9.68,2026-09-11,2026-09-11,
[SET]_[N]_Vt_Oferta - M/T/R,2026-09-12,active,campaign,AUTOPLUS [FORD] MAFRA,3401392603350599,36.68,1231,850,4,9.17,Conversas por mensagem iniciadas,1,36.68,2026-09-12,2026-09-12,
[SET]_[SN]_Carrossel_Oferta - Estoque [TP],2026-09-12,active,campaign,AUTOPLUS [FORD] MAFRA,3401392603350599,2.06,205,188,3,0.68666667,Conversas por mensagem iniciadas,1,2.06,2026-09-12,2026-09-12,
[SET]_[SN]_Card_Condição - Lote,2026-09-12,active,campaign,AUTOPLUS [FORD] MAFRA,3401392603350599,8.08,479,430,5,1.616,,,,2026-09-12,2026-09-12,
[SET]_[N]_Card_Oferta- R/T/M,2026-09-12,active,campaign,AUTOPLUS [FORD] MAFRA,3401392603350599,41.31,2053,1378,12,3.4425,Conversas por mensagem iniciadas,1,41.31,2026-09-12,2026-09-12,
[SET][SN]_Carrossel_Ofertas - Estoque,2026-09-12,active,campaign,AUTOPLUS [FORD] MAFRA,3401392603350599,18.51,1166,849,9,2.05666667,,,,2026-09-12,2026-09-12,
[SET]_[N]_Card_Oferta- R/T/M,2026-09-13,active,campaign,AUTOPLUS [FORD] MAFRA,3401392603350599,48.54,2892,2052,15,3.236,,,,2026-09-13,2026-09-13,
[SET][SN]_Carrossel_Ofertas - Estoque,2026-09-13,active,campaign,AUTOPLUS [FORD] MAFRA,3401392603350599,44.09,2298,1408,15,2.93933333,,,,2026-09-13,2026-09-13,
[SET]_[SN]_Card_Condição - Lote,2026-09-13,active,campaign,AUTOPLUS [FORD] MAFRA,3401392603350599,10.03,502,450,1,10.03,,,,2026-09-13,2026-09-13,
[SET]_[SN]_Carrossel_Oferta - Estoque [TP],2026-09-13,active,campaign,AUTOPLUS [FORD] MAFRA,3401392603350599,14.18,693,555,9,1.57555556,Conversas por mensagem iniciadas,2,7.09,2026-09-13,2026-09-13,
[SET]_[N]_Vt_Oferta - M/T/R,2026-09-13,active,campaign,AUTOPLUS [FORD] MAFRA,3401392603350599,44.42,1452,1043,7,6.34571429,Conversas por mensagem iniciadas,1,44.42,2026-09-13,2026-09-13,
[SET]_[N]_Vt_Oferta - M/T/R,2026-09-14,active,campaign,AUTOPLUS [FORD] MAFRA,3401392603350599,12.16,290,223,2,6.08,,,,2026-09-14,2026-09-14,
[SET]_[SN]_Carrossel_Oferta - Estoque [TP],2026-09-14,active,campaign,AUTOPLUS [FORD] MAFRA,3401392603350599,3.09,151,137,3,1.03,,,,2026-09-14,2026-09-14,
[SET]_[SN]_Card_Condição - Lote,2026-09-14,active,campaign,AUTOPLUS [FORD] MAFRA,3401392603350599,3.3,151,137,3,1.1,,,,2026-09-14,2026-09-14,
[SET]_[N]_Card_Oferta- R/T/M,2026-09-14,active,campaign,AUTOPLUS [FORD] MAFRA,3401392603350599,11.23,350,275,1,11.23,,,,2026-09-14,2026-09-14,
[SET][SN]_Carrossel_Ofertas - Estoque,2026-09-14,active,campaign,AUTOPLUS [FORD] MAFRA,3401392603350599,8.93,460,377,6,1.48833333,,,,2026-09-14,2026-09-14,
[SET]_[SN]_Card_Condição - Lote,2026-09-01,active,campaign,AUTOPLUS [FORD] RIO DO SUL,915043748942329,37.11,2479,2114,22,1.68681818,Conversas por mensagem iniciadas,2,18.555,2026-09-01,2026-09-01,
[SET]_[N]_Card_Oferta - M/R/T,2026-09-01,active,campaign,AUTOPLUS [FORD] RIO DO SUL,915043748942329,129.08,11742,8795,95,1.35873684,Conversas por mensagem iniciadas,9,14.34222222,2026-09-01,2026-09-01,
[SET]_[SN]_Carrossel_Oferta - Estoque [TP],2026-09-01,active,campaign,AUTOPLUS [FORD] RIO DO SUL,915043748942329,13.33,751,609,13,1.02538462,Conversas por mensagem iniciadas,2,6.665,2026-09-01,2026-09-01,
[SET]_[SN]_Carrossel_Oferta - Estoque,2026-09-01,active,campaign,AUTOPLUS [FORD] RIO DO SUL,915043748942329,40.07,1897,1242,34,1.17852941,Conversas por mensagem iniciadas,4,10.0175,2026-09-01,2026-09-01,
[SET]_[SN]_Carrossel_Oferta - Estoque [TP],2026-09-02,active,campaign,AUTOPLUS [FORD] RIO DO SUL,915043748942329,9.38,770,619,18,0.52111111,Conversas por mensagem iniciadas,2,4.69,2026-09-02,2026-09-02,
[SET]_[SN]_Card_Condição - Lote,2026-09-02,active,campaign,AUTOPLUS [FORD] RIO DO SUL,915043748942329,32.78,2759,2293,26,1.26076923,Conversas por mensagem iniciadas,2,16.39,2026-09-02,2026-09-02,
[SET]_[N]_Card_Oferta - M/R/T,2026-09-02,active,campaign,AUTOPLUS [FORD] RIO DO SUL,915043748942329,103.32,10583,7585,97,1.06515464,Conversas por mensagem iniciadas,5,20.664,2026-09-02,2026-09-02,
[SET]_[SN]_Carrossel_Oferta - Estoque,2026-09-02,active,campaign,AUTOPLUS [FORD] RIO DO SUL,915043748942329,30.84,2613,1714,45,0.68533333,Conversas por mensagem iniciadas,2,15.42,2026-09-02,2026-09-02,
[SET]_[SN]_Carrossel_Oferta - Estoque [TP],2026-09-03,active,campaign,AUTOPLUS [FORD] RIO DO SUL,915043748942329,8.94,464,407,8,1.1175,Conversas por mensagem iniciadas,1,8.94,2026-09-03,2026-09-03,
[SET]_[SN]_Card_Condição - Lote,2026-09-03,active,campaign,AUTOPLUS [FORD] RIO DO SUL,915043748942329,33.15,2316,1906,19,1.74473684,Conversas por mensagem iniciadas,4,8.2875,2026-09-03,2026-09-03,
[SET]_[N]_Card_Oferta - M/R/T,2026-09-03,active,campaign,AUTOPLUS [FORD] RIO DO SUL,915043748942329,99.88,8420,6058,55,1.816,Conversas por mensagem iniciadas,6,16.64666667,2026-09-03,2026-09-03,
[SET]_[SN]_Carrossel_Oferta - Estoque,2026-09-03,active,campaign,AUTOPLUS [FORD] RIO DO SUL,915043748942329,31.59,2518,1664,47,0.67212766,Conversas por mensagem iniciadas,1,31.59,2026-09-03,2026-09-03,
[SET]_[N]_Vt_Oferta_M/T/R,2026-09-04,active,campaign,AUTOPLUS [FORD] RIO DO SUL,915043748942329,34.67,525,418,15,2.31133333,Conversas por mensagem iniciadas,5,6.934,2026-09-04,2026-09-04,
[SET]_[SN]_Carrossel_Oferta - Estoque [TP],2026-09-04,active,campaign,AUTOPLUS [FORD] RIO DO SUL,915043748942329,5.67,421,359,9,0.63,,,,2026-09-04,2026-09-04,
[SET]_[SN]_Card_Condição - Lote,2026-09-04,active,campaign,AUTOPLUS [FORD] RIO DO SUL,915043748942329,19.87,1608,1209,11,1.80636364,,,,2026-09-04,2026-09-04,
[SET]_[N]_Card_Oferta - M/R/T,2026-09-04,active,campaign,AUTOPLUS [FORD] RIO DO SUL,915043748942329,67.67,4674,3244,33,2.05060606,Conversas por mensagem iniciadas,4,16.9175,2026-09-04,2026-09-04,
[SET]_[SN]_Carrossel_Oferta - Estoque,2026-09-04,active,campaign,AUTOPLUS [FORD] RIO DO SUL,915043748942329,23.01,1764,1218,31,0.74225806,Conversas por mensagem iniciadas,1,23.01,2026-09-04,2026-09-04,
[SET]_[N]_Card_Oferta - M/R/T,2026-09-05,active,campaign,AUTOPLUS [FORD] RIO DO SUL,915043748942329,55.37,4615,3415,32,1.7303125,Conversas por mensagem iniciadas,2,27.685,2026-09-05,2026-09-05,
[SET]_[SN]_Carrossel_Oferta - Estoque,2026-09-05,active,campaign,AUTOPLUS [FORD] RIO DO SUL,915043748942329,19.19,1335,926,24,0.79958333,Conversas por mensagem iniciadas,1,19.19,2026-09-05,2026-09-05,
[SET]_[SN]_Card_Condição - Lote,2026-09-05,active,campaign,AUTOPLUS [FORD] RIO DO SUL,915043748942329,14.97,1147,934,5,2.994,Conversas por mensagem iniciadas,2,7.485,2026-09-05,2026-09-05,
[SET]_[SN]_Carrossel_Oferta - Estoque [TP],2026-09-05,active,campaign,AUTOPLUS [FORD] RIO DO SUL,915043748942329,3.1,341,328,3,1.03333333,,,,2026-09-05,2026-09-05,
[SET]_[N]_Vt_Oferta_M/T/R,2026-09-05,active,campaign,AUTOPLUS [FORD] RIO DO SUL,915043748942329,45.54,854,576,15,3.036,Conversas por mensagem iniciadas,4,11.385,2026-09-05,2026-09-05,
[SET]_[N]_Vt_Oferta_M/T/R,2026-09-06,active,campaign,AUTOPLUS [FORD] RIO DO SUL,915043748942329,77.2,1476,1150,40,1.93,Conversas por mensagem iniciadas,4,19.3,2026-09-06,2026-09-06,
[SET]_[SN]_Carrossel_Oferta - Estoque [TP],2026-09-06,active,campaign,AUTOPLUS [FORD] RIO DO SUL,915043748942329,12.93,1028,769,28,0.46178571,Conversas por mensagem iniciadas,3,4.31,2026-09-06,2026-09-06,
[SET]_[SN]_Card_Condição - Lote,2026-09-06,active,campaign,AUTOPLUS [FORD] RIO DO SUL,915043748942329,31.86,2109,1610,16,1.99125,Conversas por mensagem iniciadas,5,6.372,2026-09-06,2026-09-06,
[SET]_[N]_Card_Oferta - M/R/T,2026-09-06,active,campaign,AUTOPLUS [FORD] RIO DO SUL,915043748942329,61.4,5095,3393,46,1.33478261,Conversas por mensagem iniciadas,5,12.28,2026-09-06,2026-09-06,
[SET]_[SN]_Carrossel_Oferta - Estoque,2026-09-06,active,campaign,AUTOPLUS [FORD] RIO DO SUL,915043748942329,35.28,3356,2200,54,0.65333333,Conversas por mensagem iniciadas,2,17.64,2026-09-06,2026-09-06,
[SET]_[N]_Vt_Oferta_M/T/R,2026-09-07,active,campaign,AUTOPLUS [FORD] RIO DO SUL,915043748942329,55.76,1418,1081,30,1.85866667,Conversas por mensagem iniciadas,5,11.152,2026-09-07,2026-09-07,
[SET]_[SN]_Carrossel_Oferta - Estoque [TP],2026-09-07,active,campaign,AUTOPLUS [FORD] RIO DO SUL,915043748942329,11.85,845,646,16,0.740625,Conversas por mensagem iniciadas,2,5.925,2026-09-07,2026-09-07,
[SET]_[SN]_Card_Condição - Lote,2026-09-07,active,campaign,AUTOPLUS [FORD] RIO DO SUL,915043748942329,33.33,2297,1867,18,1.85166667,Conversas por mensagem iniciadas,1,33.33,2026-09-07,2026-09-07,
[SET]_[N]_Card_Oferta - M/R/T,2026-09-07,active,campaign,AUTOPLUS [FORD] RIO DO SUL,915043748942329,48.72,4353,3102,29,1.68,Conversas por mensagem iniciadas,3,16.24,2026-09-07,2026-09-07,
[SET]_[SN]_Carrossel_Oferta - Estoque,2026-09-07,active,campaign,AUTOPLUS [FORD] RIO DO SUL,915043748942329,31.38,2778,1878,42,0.74714286,Conversas por mensagem iniciadas,5,6.276,2026-09-07,2026-09-07,
[SET]_[N]_Vt_Oferta_M/T/R,2026-09-08,active,campaign,AUTOPLUS [FORD] RIO DO SUL,915043748942329,55.12,1338,1044,23,2.39652174,Conversas por mensagem iniciadas,2,27.56,2026-09-08,2026-09-08,
[SET]_[SN]_Carrossel_Oferta - Estoque [TP],2026-09-08,active,campaign,AUTOPLUS [FORD] RIO DO SUL,915043748942329,10.68,580,460,13,0.82153846,Conversas por mensagem iniciadas,1,10.68,2026-09-08,2026-09-08,
[SET]_[SN]_Card_Condição - Lote,2026-09-08,active,campaign,AUTOPLUS [FORD] RIO DO SUL,915043748942329,34.43,2194,1811,16,2.151875,Conversas por mensagem iniciadas,1,34.43,2026-09-08,2026-09-08,
[SET]_[N]_Card_Oferta - M/R/T,2026-09-08,active,campaign,AUTOPLUS [FORD] RIO DO SUL,915043748942329,58.76,5595,4273,40,1.469,Conversas por mensagem iniciadas,6,9.79333333,2026-09-08,2026-09-08,
[SET]_[SN]_Carrossel_Oferta - Estoque,2026-09-08,active,campaign,AUTOPLUS [FORD] RIO DO SUL,915043748942329,37.48,1974,1322,45,0.83288889,Conversas por mensagem iniciadas,7,5.35428571,2026-09-08,2026-09-08,
[SET]_[N]_Vt_Oferta_M/T/R,2026-09-09,active,campaign,AUTOPLUS [FORD] RIO DO SUL,915043748942329,81.51,2913,2353,40,2.03775,Conversas por mensagem iniciadas,6,13.585,2026-09-09,2026-09-09,
[SET]_[SN]_Carrossel_Oferta - Estoque [TP],2026-09-09,active,campaign,AUTOPLUS [FORD] RIO DO SUL,915043748942329,12.5,705,591,16,0.78125,Conversas por mensagem iniciadas,2,6.25,2026-09-09,2026-09-09,
[SET]_[SN]_Card_Condição - Lote,2026-09-09,active,campaign,AUTOPLUS [FORD] RIO DO SUL,915043748942329,41.67,2373,1939,11,3.78818182,Conversas por mensagem iniciadas,2,20.835,2026-09-09,2026-09-09,
[SET]_[N]_Card_Oferta - M/R/T,2026-09-09,active,campaign,AUTOPLUS [FORD] RIO DO SUL,915043748942329,84.58,6302,4662,49,1.72612245,Conversas por mensagem iniciadas,8,10.5725,2026-09-09,2026-09-09,
[SET]_[SN]_Carrossel_Oferta - Estoque,2026-09-09,active,campaign,AUTOPLUS [FORD] RIO DO SUL,915043748942329,46.7,3009,2018,52,0.89807692,Conversas por mensagem iniciadas,5,9.34,2026-09-09,2026-09-09,
[SET]_[N]_Card_Oferta - M/R/T,2026-09-10,active,campaign,AUTOPLUS [FORD] RIO DO SUL,915043748942329,70.39,5538,3890,26,2.70730769,Conversas por mensagem iniciadas,2,35.195,2026-09-10,2026-09-10,
[SET]_[SN]_Carrossel_Oferta - Estoque,2026-09-10,active,campaign,AUTOPLUS [FORD] RIO DO SUL,915043748942329,37.71,2740,1721,50,0.7542,Conversas por mensagem iniciadas,5,7.542,2026-09-10,2026-09-10,
[SET]_[N]_Vt_Oferta_M/T/R,2026-09-10,active,campaign,AUTOPLUS [FORD] RIO DO SUL,915043748942329,73.24,1204,840,23,3.18434783,Conversas por mensagem iniciadas,7,10.46285714,2026-09-10,2026-09-10,
[SET]_[SN]_Card_Condição - Lote,2026-09-10,active,campaign,AUTOPLUS [FORD] RIO DO SUL,915043748942329,29.23,1923,1584,13,2.24846154,Conversas por mensagem iniciadas,2,14.615,2026-09-10,2026-09-10,
[SET]_[SN]_Carrossel_Oferta - Estoque [TP],2026-09-10,active,campaign,AUTOPLUS [FORD] RIO DO SUL,915043748942329,10.58,605,503,15,0.70533333,Conversas por mensagem iniciadas,1,10.58,2026-09-10,2026-09-10,
[SET]_[N]_Vídeo_Post Individual,2026-09-11,active,campaign,AUTOPLUS [FORD] RIO DO SUL,915043748942329,26.02,1191,847,3,8.67333333,Conversas por mensagem iniciadas,1,26.02,2026-09-11,2026-09-11,
[SET]_[N]_Vt_Oferta_M/T/R,2026-09-11,active,campaign,AUTOPLUS [FORD] RIO DO SUL,915043748942329,44.04,1197,878,19,2.31789474,Conversas por mensagem iniciadas,2,22.02,2026-09-11,2026-09-11,
[SET]_[SN]_Carrossel_Oferta - Estoque [TP],2026-09-11,active,campaign,AUTOPLUS [FORD] RIO DO SUL,915043748942329,7.91,495,400,6,1.31833333,Conversas por mensagem iniciadas,2,3.955,2026-09-11,2026-09-11,
[SET]_[SN]_Card_Condição - Lote,2026-09-11,active,campaign,AUTOPLUS [FORD] RIO DO SUL,915043748942329,30.17,1625,1392,14,2.155,Conversas por mensagem iniciadas,1,30.17,2026-09-11,2026-09-11,
[SET]_[N]_Card_Oferta - M/R/T,2026-09-11,active,campaign,AUTOPLUS [FORD] RIO DO SUL,915043748942329,54.48,4136,3120,27,2.01777778,Conversas por mensagem iniciadas,3,18.16,2026-09-11,2026-09-11,
[SET]_[SN]_Carrossel_Oferta - Estoque,2026-09-11,active,campaign,AUTOPLUS [FORD] RIO DO SUL,915043748942329,24.94,1906,1260,38,0.65631579,Conversas por mensagem iniciadas,1,24.94,2026-09-11,2026-09-11,
[SET]_[SN]_Card_Condição - Lote,2026-09-12,active,campaign,AUTOPLUS [FORD] RIO DO SUL,915043748942329,9.28,635,497,2,4.64,Conversas por mensagem iniciadas,1,9.28,2026-09-12,2026-09-12,
[SET]_[SN]_Carrossel_Oferta - Estoque,2026-09-12,active,campaign,AUTOPLUS [FORD] RIO DO SUL,915043748942329,17.32,1288,920,28,0.61857143,Conversas por mensagem iniciadas,2,8.66,2026-09-12,2026-09-12,
[SET]_[N]_Card_Oferta - M/R/T,2026-09-12,active,campaign,AUTOPLUS [FORD] RIO DO SUL,915043748942329,41.6,3028,2349,29,1.43448276,Conversas por mensagem iniciadas,2,20.8,2026-09-12,2026-09-12,
[SET]_[SN]_Carrossel_Oferta - Estoque [TP],2026-09-12,active,campaign,AUTOPLUS [FORD] RIO DO SUL,915043748942329,3.42,255,232,5,0.684,Conversas por mensagem iniciadas,2,1.71,2026-09-12,2026-09-12,
[SET]_[N]_Vídeo_Post Individual,2026-09-12,active,campaign,AUTOPLUS [FORD] RIO DO SUL,915043748942329,35.03,1794,1416,5,7.006,,,,2026-09-12,2026-09-12,
[SET]_[N]_Vt_Oferta_M/T/R,2026-09-12,active,campaign,AUTOPLUS [FORD] RIO DO SUL,915043748942329,33.06,937,728,17,1.94470588,Conversas por mensagem iniciadas,5,6.612,2026-09-12,2026-09-12,
[SET]_[N]_Vídeo_Post Individual,2026-09-13,active,campaign,AUTOPLUS [FORD] RIO DO SUL,915043748942329,35.39,1507,1152,3,11.79666667,,,,2026-09-13,2026-09-13,
[SET]_[N]_Vt_Oferta_M/T/R,2026-09-13,active,campaign,AUTOPLUS [FORD] RIO DO SUL,915043748942329,61.8,1584,1216,33,1.87272727,Conversas por mensagem iniciadas,3,20.6,2026-09-13,2026-09-13,
[SET]_[SN]_Carrossel_Oferta - Estoque [TP],2026-09-13,active,campaign,AUTOPLUS [FORD] RIO DO SUL,915043748942329,12.44,606,537,12,1.03666667,,,,2026-09-13,2026-09-13,
[SET]_[SN]_Card_Condição - Lote,2026-09-13,active,campaign,AUTOPLUS [FORD] RIO DO SUL,915043748942329,30.14,1313,1096,5,6.028,,,,2026-09-13,2026-09-13,
[SET]_[N]_Card_Oferta - M/R/T,2026-09-13,active,campaign,AUTOPLUS [FORD] RIO DO SUL,915043748942329,62.84,4682,3595,33,1.90424242,Conversas por mensagem iniciadas,6,10.47333333,2026-09-13,2026-09-13,
[SET]_[SN]_Carrossel_Oferta - Estoque,2026-09-13,active,campaign,AUTOPLUS [FORD] RIO DO SUL,915043748942329,35.37,1960,1400,37,0.95594595,Conversas por mensagem iniciadas,2,17.685,2026-09-13,2026-09-13,
[SET]_[N]_Vídeo_Post Individual,2026-09-14,active,campaign,AUTOPLUS [FORD] RIO DO SUL,915043748942329,13.1,552,470,1,13.1,,,,2026-09-14,2026-09-14,
[SET]_[N]_Vt_Oferta_M/T/R,2026-09-14,active,campaign,AUTOPLUS [FORD] RIO DO SUL,915043748942329,8.16,210,175,2,4.08,,,,2026-09-14,2026-09-14,
[SET]_[SN]_Carrossel_Oferta - Estoque [TP],2026-09-14,active,campaign,AUTOPLUS [FORD] RIO DO SUL,915043748942329,2.56,96,86,3,0.85333333,,,,2026-09-14,2026-09-14,
[SET]_[SN]_Card_Condição - Lote,2026-09-14,active,campaign,AUTOPLUS [FORD] RIO DO SUL,915043748942329,5.95,244,218,,,,,,2026-09-14,2026-09-14,
[SET]_[N]_Card_Oferta - M/R/T,2026-09-14,active,campaign,AUTOPLUS [FORD] RIO DO SUL,915043748942329,11.61,767,657,4,2.9025,Conversas por mensagem iniciadas,1,11.61,2026-09-14,2026-09-14,
[SET]_[SN]_Carrossel_Oferta - Estoque,2026-09-14,active,campaign,AUTOPLUS [FORD] RIO DO SUL,915043748942329,9.47,487,380,7,1.35285714,Conversas por mensagem iniciadas,1,9.47,2026-09-14,2026-09-14,
