Nome da campanha,Dia,Status de veiculação,Nível de veiculação,Nome da conta,Identificação da conta,Valor gasto (BRL),Impressões,Alcance,Cliques no link,CPC (custo por clique no link),Tipo de resultado,Resultados,Custo por resultado,Início dos relatórios,Encerramento dos relatórios,Resultados (iniciais)
[SET]_[SN]_Carrossel_Oferta,2026-09-30,active,campaign,Autoshow Joaçaba [Chevrolet],686916755253210,30.42,1850,1209,25,1.2168,Conversas por mensagem iniciadas,3,10.14,2026-09-30,2026-09-30,
[SET]_[N]_Card_Operação_Consórcio,2026-09-30,active,campaign,Autoshow Joaçaba [Chevrolet],686916755253210,9.88,2062,1770,31,0.31870968,Conversas por mensagem iniciadas,1,9.88,2026-09-30,2026-09-30,
[SET]_[N]_Card_Oferta - Feirão,2026-09-30,active,campaign,Autoshow Joaçaba [Chevrolet],686916755253210,35.69,1113,686,4,8.9225,Conversas por mensagem iniciadas,1,35.69,2026-09-30,2026-09-30,
[SET]_[N]_Card_Oferta - S10,2026-09-30,active,campaign,Autoshow Joaçaba [Chevrolet],686916755253210,23.38,1392,1076,11,2.12545455,Conversas por mensagem iniciadas,2,11.69,2026-09-30,2026-09-30,
[SET]_[PV]_Vídeo_Condição,2026-09-30,active,campaign,Autoshow Joaçaba [Chevrolet],686916755253210,9.26,262,226,2,4.63,,,,2026-09-30,2026-09-30,
[AGO]_[N]_Card_Consórcio Day [Permanente],2026-09-30,active,campaign,Autoshow Joaçaba [Chevrolet],686916755253210,5.35,229,204,2,2.675,,,,2026-09-30,2026-09-30,
[SET]_[N]_Card_Oferta - S10,2026-09-29,active,campaign,Autoshow Joaçaba [Chevrolet],686916755253210,57.66,4043,2675,17,3.39176471,,,,2026-09-29,2026-09-29,
[SET]_[PV]_Vídeo_Condição,2026-09-29,active,campaign,Autoshow Joaçaba [Chevrolet],686916755253210,29.27,1021,863,7,4.18142857,Conversas por mensagem iniciadas,1,29.27,2026-09-29,2026-09-29,
[AGO]_[N]_Card_Consórcio Day [Permanente],2026-09-29,active,campaign,Autoshow Joaçaba [Chevrolet],686916755253210,9.19,442,392,2,4.595,,,,2026-09-29,2026-09-29,
[SET]_[N]_Card_Oferta - Feirão,2026-09-29,active,campaign,Autoshow Joaçaba [Chevrolet],686916755253210,79.8,2682,1307,13,6.13846154,,,,2026-09-29,2026-09-29,
[SET]_[N]_Card_Operação_Consórcio,2026-09-29,active,campaign,Autoshow Joaçaba [Chevrolet],686916755253210,16.46,4059,3207,59,0.27898305,Conversas por mensagem iniciadas,1,16.46,2026-09-29,2026-09-29,
[SET]_[SN]_Carrossel_Oferta,2026-09-29,active,campaign,Autoshow Joaçaba [Chevrolet],686916755253210,61.5,3441,1811,42,1.46428571,Conversas por mensagem iniciadas,5,12.3,2026-09-29,2026-09-29,
[SET]_[SN]_Carrossel_Oferta,2026-09-28,active,campaign,Autoshow Joaçaba [Chevrolet],686916755253210,42.21,1897,1185,18,2.345,Conversas por mensagem iniciadas,2,21.105,2026-09-28,2026-09-28,
[SET]_[N]_Card_Operação_Consórcio,2026-09-28,active,campaign,Autoshow Joaçaba [Chevrolet],686916755253210,19.08,4534,3557,79,0.24151899,Conversas por mensagem iniciadas,1,19.08,2026-09-28,2026-09-28,
[SET]_[N]_Card_Oferta - Feirão,2026-09-28,active,campaign,Autoshow Joaçaba [Chevrolet],686916755253210,47.97,1365,870,3,15.99,Conversas por mensagem iniciadas,1,47.97,2026-09-28,2026-09-28,
[SET]_[N]_Card_Oferta - S10,2026-09-28,active,campaign,Autoshow Joaçaba [Chevrolet],686916755253210,32.39,881,537,6,5.39833333,,,,2026-09-28,2026-09-28,
[SET]_[PV]_Vídeo_Condição,2026-09-28,active,campaign,Autoshow Joaçaba [Chevrolet],686916755253210,23.71,628,465,8,2.96375,Conversas por mensagem iniciadas,2,11.855,2026-09-28,2026-09-28,
[AGO]_[N]_Card_Consórcio Day [Permanente],2026-09-28,active,campaign,Autoshow Joaçaba [Chevrolet],686916755253210,7.22,224,207,2,3.61,,,,2026-09-28,2026-09-28,
[SET]_[N]_Card_Operação_Consórcio,2026-09-27,active,campaign,Autoshow Joaçaba [Chevrolet],686916755253210,28.25,6601,5200,112,0.25223214,Conversas por mensagem iniciadas,2,14.125,2026-09-27,2026-09-27,
[SET]_[N]_Card_Oferta - Feirão,2026-09-27,active,campaign,Autoshow Joaçaba [Chevrolet],686916755253210,30.11,1512,975,8,3.76375,,,,2026-09-27,2026-09-27,
[SET]_[N]_Card_Oferta - S10,2026-09-27,active,campaign,Autoshow Joaçaba [Chevrolet],686916755253210,41.17,1649,1034,12,3.43083333,Conversas por mensagem iniciadas,1,41.17,2026-09-27,2026-09-27,
[SET]_[PV]_Vídeo_Condição,2026-09-27,active,campaign,Autoshow Joaçaba [Chevrolet],686916755253210,15.42,828,624,9,1.71333333,Conversas por mensagem iniciadas,1,15.42,2026-09-27,2026-09-27,
[AGO]_[N]_Card_Consórcio Day [Permanente],2026-09-27,active,campaign,Autoshow Joaçaba [Chevrolet],686916755253210,4.89,259,222,2,2.445,,,,2026-09-27,2026-09-27,
[SET]_[N]_Card_Oferta - S10,2026-09-26,active,campaign,Autoshow Joaçaba [Chevrolet],686916755253210,20.26,876,580,5,4.052,Conversas por mensagem iniciadas,2,10.13,2026-09-26,2026-09-26,
[AGO]_[N]_Card_Consórcio Day [Permanente],2026-09-26,active,campaign,Autoshow Joaçaba [Chevrolet],686916755253210,1.52,164,151,,,,,,2026-09-26,2026-09-26,
[SET]_[PV]_Vídeo_Condição,2026-09-26,active,campaign,Autoshow Joaçaba [Chevrolet],686916755253210,11.3,523,408,2,5.65,,,,2026-09-26,2026-09-26,
[SET]_[N]_Card_Oferta - Feirão,2026-09-26,active,campaign,Autoshow Joaçaba [Chevrolet],686916755253210,31.66,1411,813,11,2.87818182,Conversas por mensagem iniciadas,2,15.83,2026-09-26,2026-09-26,
[SET]_[N]_Card_Operação_Consórcio,2026-09-26,active,campaign,Autoshow Joaçaba [Chevrolet],686916755253210,17.82,3741,3036,74,0.24081081,Conversas por mensagem iniciadas,1,17.82,2026-09-26,2026-09-26,
[SET]_[N]_Card_Operação_Consórcio,2026-09-25,active,campaign,Autoshow Joaçaba [Chevrolet],686916755253210,17.24,4425,3491,54,0.31925926,Conversas por mensagem iniciadas,1,17.24,2026-09-25,2026-09-25,
[SET]_[N]_Card_Oferta - Feirão,2026-09-25,active,campaign,Autoshow Joaçaba [Chevrolet],686916755253210,68.16,2785,1472,7,9.73714286,,,,2026-09-25,2026-09-25,
[SET]_[N]_Card_Oferta - S10,2026-09-25,active,campaign,Autoshow Joaçaba [Chevrolet],686916755253210,24.17,1143,754,10,2.417,Conversas por mensagem iniciadas,1,24.17,2026-09-25,2026-09-25,
[SET]_[PV]_Vídeo_Condição,2026-09-25,active,campaign,Autoshow Joaçaba [Chevrolet],686916755253210,13.93,573,415,2,6.965,,,,2026-09-25,2026-09-25,
[AGO]_[N]_Card_Consórcio Day [Permanente],2026-09-25,active,campaign,Autoshow Joaçaba [Chevrolet],686916755253210,3.66,213,199,1,3.66,Conversas por mensagem iniciadas,1,3.66,2026-09-25,2026-09-25,
[SET]_[N]_Card_Operação_Consórcio,2026-09-24,active,campaign,Autoshow Joaçaba [Chevrolet],686916755253210,10.5,2749,2532,30,0.35,Conversas por mensagem iniciadas,1,10.5,2026-09-24,2026-09-24,
[SET]_[N]_Card_Oferta - Feirão,2026-09-24,active,campaign,Autoshow Joaçaba [Chevrolet],686916755253210,48.34,2364,1691,10,4.834,Conversas por mensagem iniciadas,4,12.085,2026-09-24,2026-09-24,
[SET]_[N]_Card_Oferta - S10,2026-09-24,active,campaign,Autoshow Joaçaba [Chevrolet],686916755253210,36.2,1270,792,13,2.78461538,,,,2026-09-24,2026-09-24,
[SET]_[PV]_Vídeo_Condição,2026-09-24,active,campaign,Autoshow Joaçaba [Chevrolet],686916755253210,19.09,753,603,2,9.545,,,,2026-09-24,2026-09-24,
[AGO]_[N]_Card_Consórcio Day [Permanente],2026-09-24,active,campaign,Autoshow Joaçaba [Chevrolet],686916755253210,5.65,274,252,2,2.825,Conversas por mensagem iniciadas,2,2.825,2026-09-24,2026-09-24,
[SET]_[N]_Card_Oferta - TM [2],2026-09-23,inactive,campaign,Autoshow Joaçaba [Chevrolet],686916755253210,84.67,6498,4070,35,2.41914286,Conversas por mensagem iniciadas,3,28.22333333,2026-09-23,2026-09-23,
[AGO]_[N]_Card_Consórcio Day [Permanente],2026-09-23,active,campaign,Autoshow Joaçaba [Chevrolet],686916755253210,6.65,366,336,1,6.65,,,,2026-09-23,2026-09-23,
[SET]_[N]_Card_Oferta - S10,2026-09-23,active,campaign,Autoshow Joaçaba [Chevrolet],686916755253210,36.76,1443,873,7,5.25142857,Conversas por mensagem iniciadas,1,36.76,2026-09-23,2026-09-23,
[SET]_[PV]_Vídeo_Condição,2026-09-23,active,campaign,Autoshow Joaçaba [Chevrolet],686916755253210,25.44,717,591,6,4.24,,,,2026-09-23,2026-09-23,
[SET]_[N]_Card_Oferta - Feirão,2026-09-23,active,campaign,Autoshow Joaçaba [Chevrolet],686916755253210,13.56,808,669,5,2.712,Conversas por mensagem iniciadas,1,13.56,2026-09-23,2026-09-23,
[SET]_[N]_Card_Oferta - S10,2026-09-22,active,campaign,Autoshow Joaçaba [Chevrolet],686916755253210,61.51,3132,1842,14,4.39357143,,,,2026-09-22,2026-09-22,
[SET]_[PV]_Vídeo_Condição,2026-09-22,active,campaign,Autoshow Joaçaba [Chevrolet],686916755253210,29.4,1170,896,10,2.94,Conversas por mensagem iniciadas,2,14.7,2026-09-22,2026-09-22,
[SET]_[N]_Card_Oferta - TM [2],2026-09-22,inactive,campaign,Autoshow Joaçaba [Chevrolet],686916755253210,154.95,11759,6471,64,2.42109375,Conversas por mensagem iniciadas,5,30.99,2026-09-22,2026-09-22,
[AGO]_[N]_Card_Consórcio Day [Permanente],2026-09-22,active,campaign,Autoshow Joaçaba [Chevrolet],686916755253210,9.22,518,480,2,4.61,,,,2026-09-22,2026-09-22,
[SET]_[N]_Card_Oferta - S10,2026-09-21,active,campaign,Autoshow Joaçaba [Chevrolet],686916755253210,46.03,2332,1639,44,1.04613636,,,,2026-09-21,2026-09-21,
[SET]_[PV]_Vídeo_Condição,2026-09-21,active,campaign,Autoshow Joaçaba [Chevrolet],686916755253210,26.52,809,619,7,3.78857143,,,,2026-09-21,2026-09-21,
[SET]_[N]_Card_Oferta - TM [2],2026-09-21,inactive,campaign,Autoshow Joaçaba [Chevrolet],686916755253210,114.55,7242,3726,48,2.38645833,Conversas por mensagem iniciadas,3,38.18333333,2026-09-21,2026-09-21,
[AGO]_[N]_Card_Consórcio Day [Permanente],2026-09-21,active,campaign,Autoshow Joaçaba [Chevrolet],686916755253210,9.42,311,246,2,4.71,,,,2026-09-21,2026-09-21,
[AGO]_[N]_Card_Consórcio Day [Permanente],2026-09-20,active,campaign,Autoshow Joaçaba [Chevrolet],686916755253210,5.84,315,271,,,,,,2026-09-20,2026-09-20,
[SET]_[N]_Card_Oferta - S10,2026-09-20,active,campaign,Autoshow Joaçaba [Chevrolet],686916755253210,27.47,2917,2200,96,0.28614583,,,,2026-09-20,2026-09-20,
[SET]_[PV]_Vídeo_Condição,2026-09-20,active,campaign,Autoshow Joaçaba [Chevrolet],686916755253210,14.24,693,550,6,2.37333333,Conversas por mensagem iniciadas,1,14.24,2026-09-20,2026-09-20,
[SET]_[N]_Card_Oferta - TM [2],2026-09-20,inactive,campaign,Autoshow Joaçaba [Chevrolet],686916755253210,79,6864,4003,44,1.79545455,Conversas por mensagem iniciadas,4,19.75,2026-09-20,2026-09-20,
[SET]_[SN]_Card_Condição_72H,2026-09-19,inactive,campaign,Autoshow Joaçaba [Chevrolet],686916755253210,49.61,13017,9866,161,0.30813665,Conversas por mensagem iniciadas,1,49.61,2026-09-19,2026-09-19,
[SET]_[PV]_Vídeo_Condição,2026-09-19,active,campaign,Autoshow Joaçaba [Chevrolet],686916755253210,18.15,775,615,6,3.025,,,,2026-09-19,2026-09-19,
[SET]_[N]_Card_Oferta - TM [2],2026-09-19,inactive,campaign,Autoshow Joaçaba [Chevrolet],686916755253210,106.09,8735,4876,60,1.76816667,Conversas por mensagem iniciadas,6,17.68166667,2026-09-19,2026-09-19,
[AGO]_[N]_Card_Consórcio Day [Permanente],2026-09-19,active,campaign,Autoshow Joaçaba [Chevrolet],686916755253210,2.21,159,146,,,,,,2026-09-19,2026-09-19,
[SET]_[N]_Card_Oferta - S10,2026-09-19,active,campaign,Autoshow Joaçaba [Chevrolet],686916755253210,19.48,1584,1214,70,0.27828571,Conversas por mensagem iniciadas,1,19.48,2026-09-19,2026-09-19,
[SET]_[SN]_Card_Condição_72H,2026-09-18,inactive,campaign,Autoshow Joaçaba [Chevrolet],686916755253210,96.62,22706,15184,284,0.34021127,Conversas por mensagem iniciadas,4,24.155,2026-09-18,2026-09-18,
[SET]_[N]_Card_Oferta - S10,2026-09-18,active,campaign,Autoshow Joaçaba [Chevrolet],686916755253210,20.28,3026,2710,74,0.27405405,Conversas por mensagem iniciadas,1,20.28,2026-09-18,2026-09-18,
[SET]_[PV]_Vídeo_Condição,2026-09-18,active,campaign,Autoshow Joaçaba [Chevrolet],686916755253210,16.81,735,573,1,16.81,,,,2026-09-18,2026-09-18,
[SET]_[N]_Card_Oferta - TM [2],2026-09-18,inactive,campaign,Autoshow Joaçaba [Chevrolet],686916755253210,126.37,9038,4913,56,2.25660714,Conversas por mensagem iniciadas,1,126.37,2026-09-18,2026-09-18,
[AGO]_[N]_Card_Consórcio Day [Permanente],2026-09-18,active,campaign,Autoshow Joaçaba [Chevrolet],686916755253210,5.69,161,150,,,,,,2026-09-18,2026-09-18,
[AGO]_[N]_Card_Consórcio Day [Permanente],2026-09-17,active,campaign,Autoshow Joaçaba [Chevrolet],686916755253210,6.59,372,340,2,3.295,Conversas por mensagem iniciadas,1,6.59,2026-09-17,2026-09-17,
[SET]_[N]_Card_Oferta - TM [2],2026-09-17,inactive,campaign,Autoshow Joaçaba [Chevrolet],686916755253210,136.05,10782,5523,73,1.86369863,Conversas por mensagem iniciadas,5,27.21,2026-09-17,2026-09-17,
[SET]_[PV]_Vídeo_Condição,2026-09-17,active,campaign,Autoshow Joaçaba [Chevrolet],686916755253210,15.5,884,706,4,3.875,,,,2026-09-17,2026-09-17,
[SET]_[N]_Card_Oferta - S10,2026-09-17,active,campaign,Autoshow Joaçaba [Chevrolet],686916755253210,12.07,4927,3144,55,0.21945455,Conversas por mensagem iniciadas,2,6.035,2026-09-17,2026-09-17,
[SET]_[SN]_Card_Condição_72H,2026-09-17,inactive,campaign,Autoshow Joaçaba [Chevrolet],686916755253210,76.51,16295,11024,253,0.30241107,Conversas por mensagem iniciadas,1,76.51,2026-09-17,2026-09-17,
[SET]_[N]_Card_Oferta - S10,2026-09-16,active,campaign,Autoshow Joaçaba [Chevrolet],686916755253210,23.11,7545,4013,134,0.17246269,Conversas por mensagem iniciadas,1,23.11,2026-09-16,2026-09-16,
[SET]_[PV]_Vídeo_Condição,2026-09-16,active,campaign,Autoshow Joaçaba [Chevrolet],686916755253210,22.61,1349,1078,8,2.82625,,,,2026-09-16,2026-09-16,
[SET]_[N]_Card_Oferta - TM [2],2026-09-16,inactive,campaign,Autoshow Joaçaba [Chevrolet],686916755253210,136.63,10278,5707,90,1.51811111,Conversas por mensagem iniciadas,5,27.326,2026-09-16,2026-09-16,
[AGO]_[N]_Card_Consórcio Day [Permanente],2026-09-16,active,campaign,Autoshow Joaçaba [Chevrolet],686916755253210,7.87,455,398,1,7.87,Conversas por mensagem iniciadas,1,7.87,2026-09-16,2026-09-16,
[SET]_[N]_Card_Oferta - S10,2026-09-15,active,campaign,Autoshow Joaçaba [Chevrolet],686916755253210,15.12,4603,3191,74,0.20432432,Conversas por mensagem iniciadas,1,15.12,2026-09-15,2026-09-15,
[SET]_[PV]_Vídeo_Condição,2026-09-15,active,campaign,Autoshow Joaçaba [Chevrolet],686916755253210,29.97,1989,1552,7,4.28142857,,,,2026-09-15,2026-09-15,
[AGO]_[N]_Card_Consórcio Day [Permanente],2026-09-15,active,campaign,Autoshow Joaçaba [Chevrolet],686916755253210,7.54,421,377,2,3.77,,,,2026-09-15,2026-09-15,
[AGO]_[N]_Card_Consórcio Day [Permanente],2026-09-14,active,campaign,Autoshow Joaçaba [Chevrolet],686916755253210,6.1,249,226,,,,,,2026-09-14,2026-09-14,
[SET]_[PV]_Vídeo_Condição,2026-09-14,active,campaign,Autoshow Joaçaba [Chevrolet],686916755253210,21.7,1047,835,1,21.7,Conversas por mensagem iniciadas,1,21.7,2026-09-14,2026-09-14,
[SET]_[N]_Card_Oferta - TM [2],2026-09-14,inactive,campaign,Autoshow Joaçaba [Chevrolet],686916755253210,108.87,6692,4045,43,2.53186047,Conversas por mensagem iniciadas,3,36.29,2026-09-14,2026-09-14,
[SET]_[N]_Card_Oferta - TM [2],2026-09-13,inactive,campaign,Autoshow Joaçaba [Chevrolet],686916755253210,85.93,5806,3369,38,2.26131579,Conversas por mensagem iniciadas,1,85.93,2026-09-13,2026-09-13,
[SET]_[PV]_Vídeo_Condição,2026-09-13,active,campaign,Autoshow Joaçaba [Chevrolet],686916755253210,15.14,806,651,2,7.57,,,,2026-09-13,2026-09-13,
[AGO]_[N]_Card_Consórcio Day [Permanente],2026-09-13,active,campaign,Autoshow Joaçaba [Chevrolet],686916755253210,5.99,259,223,,,,,,2026-09-13,2026-09-13,
[AGO]_[N]_Card_Consórcio Day [Permanente],2026-09-12,active,campaign,Autoshow Joaçaba [Chevrolet],686916755253210,1.62,93,88,1,1.62,,,,2026-09-12,2026-09-12,
[SET]_[PV]_Vídeo_Condição,2026-09-12,active,campaign,Autoshow Joaçaba [Chevrolet],686916755253210,18.13,1247,948,3,6.04333333,Conversas por mensagem iniciadas,1,18.13,2026-09-12,2026-09-12,
[SET]_[N]_Card_Oferta - TM [2],2026-09-12,inactive,campaign,Autoshow Joaçaba [Chevrolet],686916755253210,43.3,3699,2332,24,1.80416667,Conversas por mensagem iniciadas,1,43.3,2026-09-12,2026-09-12,
[SET]_[PV]_Vídeo_Condição,2026-09-11,active,campaign,Autoshow Joaçaba [Chevrolet],686916755253210,6.78,566,461,4,1.695,Conversas por mensagem iniciadas,2,3.39,2026-09-11,2026-09-11,
[SET]_[N]_Card_Oferta - TM [2],2026-09-11,inactive,campaign,Autoshow Joaçaba [Chevrolet],686916755253210,78.31,5493,3248,33,2.3730303,Conversas por mensagem iniciadas,5,15.662,2026-09-11,2026-09-11,
[AGO]_[N]_Card_Consórcio Day [Permanente],2026-09-11,active,campaign,Autoshow Joaçaba [Chevrolet],686916755253210,3.68,199,167,,,,,,2026-09-11,2026-09-11,
[SET]_[N]_Card_Oferta - TM [2],2026-09-10,inactive,campaign,Autoshow Joaçaba [Chevrolet],686916755253210,110.37,7445,3703,33,3.34454545,Conversas por mensagem iniciadas,4,27.5925,2026-09-10,2026-09-10,
[AGO]_[N]_Card_Consórcio Day [Permanente],2026-09-10,active,campaign,Autoshow Joaçaba [Chevrolet],686916755253210,7.24,294,261,3,2.41333333,,,,2026-09-10,2026-09-10,
[SET]_[N]_Card_Oferta - TM [2],2026-09-09,inactive,campaign,Autoshow Joaçaba [Chevrolet],686916755253210,151.49,11347,6187,66,2.29530303,Conversas por mensagem iniciadas,4,37.8725,2026-09-09,2026-09-09,
[AGO]_[N]_Card_Consórcio Day [Permanente],2026-09-09,active,campaign,Autoshow Joaçaba [Chevrolet],686916755253210,10.01,463,414,,,,,,2026-09-09,2026-09-09,
[SET]_[N]_Card_Oferta - TM [2],2026-09-08,inactive,campaign,Autoshow Joaçaba [Chevrolet],686916755253210,39.1,2087,1454,11,3.55454545,,,,2026-09-08,2026-09-08,
[SET]_[N]_Card_Oferta - TM,2026-09-08,inactive,campaign,Autoshow Joaçaba [Chevrolet],686916755253210,135.06,10952,6043,61,2.21409836,Conversas por mensagem iniciadas,1,135.06,2026-09-08,2026-09-08,
[AGO]_[N]_Card_Consórcio Day [Permanente],2026-09-08,active,campaign,Autoshow Joaçaba [Chevrolet],686916755253210,8.58,378,350,,,,,,2026-09-08,2026-09-08,
[AGO]_[N]_Card_Consórcio Day [Permanente],2026-09-07,active,campaign,Autoshow Joaçaba [Chevrolet],686916755253210,5.06,327,279,1,5.06,,,,2026-09-07,2026-09-07,
[SET]_[N]_Card_Oferta - TM,2026-09-07,inactive,campaign,Autoshow Joaçaba [Chevrolet],686916755253210,66.25,6897,3965,36,1.84027778,Conversas por mensagem iniciadas,3,22.08333333,2026-09-07,2026-09-07,
[SET]_[N]_Card_Oferta - TM,2026-09-06,inactive,campaign,Autoshow Joaçaba [Chevrolet],686916755253210,68.26,7695,4466,36,1.89611111,Conversas por mensagem iniciadas,3,22.75333333,2026-09-06,2026-09-06,
[AGO]_[N]_Card_Consórcio Day [Permanente],2026-09-06,active,campaign,Autoshow Joaçaba [Chevrolet],686916755253210,5.76,239,201,,,,,,2026-09-06,2026-09-06,
[SET]_[N]_Card_Oferta - TM,2026-09-05,inactive,campaign,Autoshow Joaçaba [Chevrolet],686916755253210,59.47,6126,3609,33,1.80212121,Conversas por mensagem iniciadas,1,59.47,2026-09-05,2026-09-05,
[AGO]_[N]_Card_Consórcio Day [Permanente],2026-09-05,active,campaign,Autoshow Joaçaba [Chevrolet],686916755253210,1.86,172,158,1,1.86,,,,2026-09-05,2026-09-05,
[SET]_[N]_Card_Oferta - TM,2026-09-04,inactive,campaign,Autoshow Joaçaba [Chevrolet],686916755253210,61.48,6072,3546,36,1.70777778,Conversas por mensagem iniciadas,5,12.296,2026-09-04,2026-09-04,
[AGO]_[N]_Card_Consórcio Day [Permanente],2026-09-04,active,campaign,Autoshow Joaçaba [Chevrolet],686916755253210,3.34,279,252,3,1.11333333,Conversas por mensagem iniciadas,2,1.67,2026-09-04,2026-09-04,
[SET]_[N]_Card_Oferta - TM,2026-09-03,inactive,campaign,Autoshow Joaçaba [Chevrolet],686916755253210,109.44,8210,4738,51,2.14588235,Conversas por mensagem iniciadas,1,109.44,2026-09-03,2026-09-03,
[AGO]_[N]_Card_Consórcio Day [Permanente],2026-09-03,active,campaign,Autoshow Joaçaba [Chevrolet],686916755253210,6.54,311,276,,,,,,2026-09-03,2026-09-03,
[AGO]_[N]_Card_Consórcio Day [Permanente],2026-09-02,active,campaign,Autoshow Joaçaba [Chevrolet],686916755253210,6.52,213,190,1,6.52,Conversas por mensagem iniciadas,1,6.52,2026-09-02,2026-09-02,
[SET]_[N]_Card_Oferta - TM,2026-09-02,inactive,campaign,Autoshow Joaçaba [Chevrolet],686916755253210,73.09,4629,2602,38,1.92342105,Conversas por mensagem iniciadas,3,24.36333333,2026-09-02,2026-09-02,
[JUN]_[SN]_Carrossel_Oferta,2026-09-02,inactive,campaign,Autoshow Joaçaba [Chevrolet],686916755253210,6.45,459,392,3,2.15,,,,2026-09-02,2026-09-02,
[JUN]_[SN]_Carrossel_Oferta,2026-09-01,inactive,campaign,Autoshow Joaçaba [Chevrolet],686916755253210,50.3,3328,2235,32,1.571875,Conversas por mensagem iniciadas,1,50.3,2026-09-01,2026-09-01,
[SET]_[N]_Card_Oferta - TM,2026-09-01,inactive,campaign,Autoshow Joaçaba [Chevrolet],686916755253210,60.52,4005,2533,28,2.16142857,,,,2026-09-01,2026-09-01,
[AGO]_[N]_Card_Consórcio Day [Permanente],2026-09-01,active,campaign,Autoshow Joaçaba [Chevrolet],686916755253210,8.85,375,344,,,,,,2026-09-01,2026-09-01,
[SET]_[N]_Card_Oferta - Feirão,2026-09-30,active,campaign,Autoshow Mafra [Chevrolet],321216505838340,13.7,458,320,9,1.52222222,Conversas por mensagem iniciadas,3,4.56666667,2026-09-30,2026-09-30,
[SET]_[SN]_Carrossel_Oferta,2026-09-30,active,campaign,Autoshow Mafra [Chevrolet],321216505838340,30.09,1611,1079,44,0.68386364,Conversas por mensagem iniciadas,2,15.045,2026-09-30,2026-09-30,
[SET]_[N]_Card_Oferta - Feirão,2026-09-29,active,campaign,Autoshow Mafra [Chevrolet],321216505838340,42.46,1299,759,10,4.246,Conversas por mensagem iniciadas,1,42.46,2026-09-29,2026-09-29,
[SET]_[SN]_Carrossel_Oferta,2026-09-29,active,campaign,Autoshow Mafra [Chevrolet],321216505838340,65.37,3426,2117,75,0.8716,Conversas por mensagem iniciadas,5,13.074,2026-09-29,2026-09-29,
[SET]_[N]_Card_Oferta - Feirão,2026-09-28,active,campaign,Autoshow Mafra [Chevrolet],321216505838340,40.02,870,609,8,5.0025,Conversas por mensagem iniciadas,1,40.02,2026-09-28,2026-09-28,
[SET]_[N]_Card_Operação_Consórcio,2026-09-28,inactive,campaign,Autoshow Mafra [Chevrolet],321216505838340,0.27,13,12,1,0.27,Conversas por mensagem iniciadas,1,0.27,2026-09-28,2026-09-28,
[SET]_[SN]_Carrossel_Oferta,2026-09-28,active,campaign,Autoshow Mafra [Chevrolet],321216505838340,38.32,1450,1005,29,1.32137931,Conversas por mensagem iniciadas,2,19.16,2026-09-28,2026-09-28,
[SET]_[N]_Card_Oferta - S10,2026-09-28,inactive,campaign,Autoshow Mafra [Chevrolet],321216505838340,0.12,17,16,,,,,,2026-09-28,2026-09-28,
[SET]_[PV]_Vídeo_Condição,2026-09-28,inactive,campaign,Autoshow Mafra [Chevrolet],321216505838340,1.06,15,15,2,0.53,,,,2026-09-28,2026-09-28,
[SET]_[N]_Card_Consórcio Day [Permanente],2026-09-28,inactive,campaign,Autoshow Mafra [Chevrolet],321216505838340,0.02,2,2,,,,,,2026-09-28,2026-09-28,
[SET]_[N]_Card_Oferta - S10,2026-09-27,inactive,campaign,Autoshow Mafra [Chevrolet],321216505838340,9.56,713,599,8,1.195,Conversas por mensagem iniciadas,1,9.56,2026-09-27,2026-09-27,
[SET]_[N]_Card_Consórcio Day [Permanente],2026-09-27,inactive,campaign,Autoshow Mafra [Chevrolet],321216505838340,8.3,225,198,2,4.15,Conversas por mensagem iniciadas,1,8.3,2026-09-27,2026-09-27,
[SET]_[PV]_Vídeo_Condição,2026-09-27,inactive,campaign,Autoshow Mafra [Chevrolet],321216505838340,7.19,343,322,1,7.19,,,,2026-09-27,2026-09-27,
[SET]_[N]_Card_Operação_Consórcio,2026-09-27,inactive,campaign,Autoshow Mafra [Chevrolet],321216505838340,8.62,432,387,2,4.31,Conversas por mensagem iniciadas,1,8.62,2026-09-27,2026-09-27,
[SET]_[SN]_Carrossel_Oferta,2026-09-27,active,campaign,Autoshow Mafra [Chevrolet],321216505838340,39.42,2930,2134,49,0.8044898,Conversas por mensagem iniciadas,9,4.38,2026-09-27,2026-09-27,
[SET]_[N]_Card_Oferta - Feirão,2026-09-27,active,campaign,Autoshow Mafra [Chevrolet],321216505838340,26.79,1353,967,11,2.43545455,Conversas por mensagem iniciadas,1,26.79,2026-09-27,2026-09-27,
[SET]_[N]_Card_Oferta - Feirão,2026-09-26,active,campaign,Autoshow Mafra [Chevrolet],321216505838340,24.53,1158,806,10,2.453,Conversas por mensagem iniciadas,2,12.265,2026-09-26,2026-09-26,
[SET]_[N]_Card_Operação_Consórcio,2026-09-26,inactive,campaign,Autoshow Mafra [Chevrolet],321216505838340,6.35,352,299,5,1.27,Conversas por mensagem iniciadas,1,6.35,2026-09-26,2026-09-26,
[SET]_[SN]_Carrossel_Oferta,2026-09-26,active,campaign,Autoshow Mafra [Chevrolet],321216505838340,28.66,1810,1279,43,0.66651163,Conversas por mensagem iniciadas,6,4.77666667,2026-09-26,2026-09-26,
[SET]_[N]_Card_Oferta - S10,2026-09-26,inactive,campaign,Autoshow Mafra [Chevrolet],321216505838340,8.98,640,575,7,1.28285714,,,,2026-09-26,2026-09-26,
[SET]_[PV]_Vídeo_Condição,2026-09-26,inactive,campaign,Autoshow Mafra [Chevrolet],321216505838340,8.01,445,417,1,8.01,,,,2026-09-26,2026-09-26,
[SET]_[N]_Card_Consórcio Day [Permanente],2026-09-26,inactive,campaign,Autoshow Mafra [Chevrolet],321216505838340,3.91,147,125,,,,,,2026-09-26,2026-09-26,
[SET]_[N]_Card_Oferta - S10,2026-09-25,inactive,campaign,Autoshow Mafra [Chevrolet],321216505838340,13.35,747,653,5,2.67,Conversas por mensagem iniciadas,1,13.35,2026-09-25,2026-09-25,
[SET]_[PV]_Vídeo_Condição,2026-09-25,inactive,campaign,Autoshow Mafra [Chevrolet],321216505838340,10.59,485,448,,,,,,2026-09-25,2026-09-25,
[SET]_[N]_Card_Consórcio Day [Permanente],2026-09-25,inactive,campaign,Autoshow Mafra [Chevrolet],321216505838340,9.43,262,243,2,4.715,Conversas por mensagem iniciadas,2,4.715,2026-09-25,2026-09-25,
[SET]_[SN]_Carrossel_Oferta,2026-09-25,active,campaign,Autoshow Mafra [Chevrolet],321216505838340,31.92,2379,1626,38,0.84,Conversas por mensagem iniciadas,4,7.98,2026-09-25,2026-09-25,
[SET]_[N]_Card_Oferta - Feirão,2026-09-25,active,campaign,Autoshow Mafra [Chevrolet],321216505838340,34.69,1233,801,8,4.33625,Conversas por mensagem iniciadas,4,8.6725,2026-09-25,2026-09-25,
[SET]_[N]_Card_Operação_Consórcio,2026-09-25,inactive,campaign,Autoshow Mafra [Chevrolet],321216505838340,12.97,381,354,2,6.485,,,,2026-09-25,2026-09-25,
[SET]_[N]_Card_Oferta - Feirão,2026-09-24,active,campaign,Autoshow Mafra [Chevrolet],321216505838340,66.61,2258,1510,19,3.50578947,Conversas por mensagem iniciadas,4,16.6525,2026-09-24,2026-09-24,
[SET]_[N]_Card_Operação_Consórcio,2026-09-24,inactive,campaign,Autoshow Mafra [Chevrolet],321216505838340,14.81,672,534,2,7.405,,,,2026-09-24,2026-09-24,
[SET]_[SN]_Carrossel_Oferta,2026-09-24,active,campaign,Autoshow Mafra [Chevrolet],321216505838340,34,2504,1742,28,1.21428571,Conversas por mensagem iniciadas,4,8.5,2026-09-24,2026-09-24,
[SET]_[N]_Card_Oferta - S10,2026-09-24,inactive,campaign,Autoshow Mafra [Chevrolet],321216505838340,26.44,637,445,9,2.93777778,Conversas por mensagem iniciadas,2,13.22,2026-09-24,2026-09-24,
[SET]_[PV]_Vídeo_Condição,2026-09-24,inactive,campaign,Autoshow Mafra [Chevrolet],321216505838340,21.15,489,381,3,7.05,Conversas por mensagem iniciadas,1,21.15,2026-09-24,2026-09-24,
[SET]_[N]_Card_Consórcio Day [Permanente],2026-09-24,inactive,campaign,Autoshow Mafra [Chevrolet],321216505838340,12.01,336,277,1,12.01,,,,2026-09-24,2026-09-24,
[SET]_[N]_Card_Oferta - S10,2026-09-23,inactive,campaign,Autoshow Mafra [Chevrolet],321216505838340,49.02,2144,1679,16,3.06375,Conversas por mensagem iniciadas,5,9.804,2026-09-23,2026-09-23,
[SET]_[N]_Card_Consórcio Day [Permanente],2026-09-23,inactive,campaign,Autoshow Mafra [Chevrolet],321216505838340,21.15,495,406,3,7.05,Conversas por mensagem iniciadas,3,7.05,2026-09-23,2026-09-23,
[SET]_[PV]_Vídeo_Condição,2026-09-23,inactive,campaign,Autoshow Mafra [Chevrolet],321216505838340,20.02,548,436,3,6.67333333,Conversas por mensagem iniciadas,1,20.02,2026-09-23,2026-09-23,
[SET]_[N]_Card_Oferta - TM [2],2026-09-23,inactive,campaign,Autoshow Mafra [Chevrolet],321216505838340,82.81,3853,2899,24,3.45041667,Conversas por mensagem iniciadas,6,13.80166667,2026-09-23,2026-09-23,
[SET]_[SN]_Carrossel_Oferta,2026-09-23,active,campaign,Autoshow Mafra [Chevrolet],321216505838340,42.65,3149,2120,78,0.54679487,Conversas por mensagem iniciadas,7,6.09285714,2026-09-23,2026-09-23,
[SET]_[N]_Card_Oferta - Feirão,2026-09-23,active,campaign,Autoshow Mafra [Chevrolet],321216505838340,12.7,671,529,4,3.175,,,,2026-09-23,2026-09-23,
[SET]_[N]_Card_Operação_Consórcio,2026-09-23,inactive,campaign,Autoshow Mafra [Chevrolet],321216505838340,16.17,670,530,5,3.234,Conversas por mensagem iniciadas,1,16.17,2026-09-23,2026-09-23,
[SET]_[SN]_Carrossel_Oferta,2026-09-22,active,campaign,Autoshow Mafra [Chevrolet],321216505838340,67.12,5224,3455,68,0.98705882,Conversas por mensagem iniciadas,10,6.712,2026-09-22,2026-09-22,
[SET]_[N]_Card_Oferta - S10,2026-09-22,inactive,campaign,Autoshow Mafra [Chevrolet],321216505838340,69.5,2251,1516,10,6.95,,,,2026-09-22,2026-09-22,
[SET]_[PV]_Vídeo_Condição,2026-09-22,inactive,campaign,Autoshow Mafra [Chevrolet],321216505838340,32.41,1018,794,11,2.94636364,,,,2026-09-22,2026-09-22,
[SET]_[N]_Card_Oferta - TM [2],2026-09-22,inactive,campaign,Autoshow Mafra [Chevrolet],321216505838340,163.64,8015,5665,46,3.5573913,Conversas por mensagem iniciadas,6,27.27333333,2026-09-22,2026-09-22,
[SET]_[N]_Card_Consórcio Day [Permanente],2026-09-22,inactive,campaign,Autoshow Mafra [Chevrolet],321216505838340,31.26,800,671,3,10.42,Conversas por mensagem iniciadas,1,31.26,2026-09-22,2026-09-22,
[SET]_[N]_Card_Oferta - TM [2],2026-09-21,inactive,campaign,Autoshow Mafra [Chevrolet],321216505838340,149.77,6262,4462,63,2.37730159,Conversas por mensagem iniciadas,3,49.92333333,2026-09-21,2026-09-21,
[SET]_[N]_Card_Consórcio Day [Permanente],2026-09-21,inactive,campaign,Autoshow Mafra [Chevrolet],321216505838340,32.28,712,585,2,16.14,Conversas por mensagem iniciadas,1,32.28,2026-09-21,2026-09-21,
[SET]_[SN]_Carrossel_Oferta,2026-09-21,active,campaign,Autoshow Mafra [Chevrolet],321216505838340,46.85,2535,1921,28,1.67321429,Conversas por mensagem iniciadas,3,15.61666667,2026-09-21,2026-09-21,
[SET]_[PV]_Vídeo_Condição,2026-09-21,inactive,campaign,Autoshow Mafra [Chevrolet],321216505838340,25.77,615,463,4,6.4425,,,,2026-09-21,2026-09-21,
[SET]_[N]_Card_Oferta - S10,2026-09-21,inactive,campaign,Autoshow Mafra [Chevrolet],321216505838340,56.95,1598,1081,11,5.17727273,,,,2026-09-21,2026-09-21,
[SET]_[N]_Card_Consórcio Day [Permanente],2026-09-20,inactive,campaign,Autoshow Mafra [Chevrolet],321216505838340,17.91,631,521,4,4.4775,Conversas por mensagem iniciadas,4,4.4775,2026-09-20,2026-09-20,
[SET]_[SN]_Carrossel_Oferta,2026-09-20,active,campaign,Autoshow Mafra [Chevrolet],321216505838340,28.59,2335,1704,41,0.69731707,Conversas por mensagem iniciadas,3,9.53,2026-09-20,2026-09-20,
[SET]_[N]_Card_Oferta - S10,2026-09-20,inactive,campaign,Autoshow Mafra [Chevrolet],321216505838340,18.33,661,414,6,3.055,Conversas por mensagem iniciadas,2,9.165,2026-09-20,2026-09-20,
[SET]_[PV]_Vídeo_Condição,2026-09-20,inactive,campaign,Autoshow Mafra [Chevrolet],321216505838340,17.52,553,425,2,8.76,,,,2026-09-20,2026-09-20,
[SET]_[N]_Card_Oferta - TM [2],2026-09-20,inactive,campaign,Autoshow Mafra [Chevrolet],321216505838340,81.72,4676,3627,41,1.99317073,Conversas por mensagem iniciadas,6,13.62,2026-09-20,2026-09-20,
[SET]_[SN]_Carrossel_Oferta,2026-09-19,active,campaign,Autoshow Mafra [Chevrolet],321216505838340,32.25,2597,1825,39,0.82692308,Conversas por mensagem iniciadas,2,16.125,2026-09-19,2026-09-19,
[SET]_[SN]_Card_Condição_72H,2026-09-19,inactive,campaign,Autoshow Mafra [Chevrolet],321216505838340,48.5,2099,1497,11,4.40909091,Conversas por mensagem iniciadas,2,24.25,2026-09-19,2026-09-19,
[SET]_[N]_Card_Oferta - S10,2026-09-19,inactive,campaign,Autoshow Mafra [Chevrolet],321216505838340,17.49,654,408,2,8.745,Conversas por mensagem iniciadas,1,17.49,2026-09-19,2026-09-19,
[SET]_[PV]_Vídeo_Condição,2026-09-19,inactive,campaign,Autoshow Mafra [Chevrolet],321216505838340,13.4,495,406,3,4.46666667,Conversas por mensagem iniciadas,1,13.4,2026-09-19,2026-09-19,
[SET]_[N]_Card_Oferta - TM [2],2026-09-19,inactive,campaign,Autoshow Mafra [Chevrolet],321216505838340,97.1,5626,4071,45,2.15777778,Conversas por mensagem iniciadas,6,16.18333333,2026-09-19,2026-09-19,
[SET]_[N]_Card_Consórcio Day [Permanente],2026-09-19,inactive,campaign,Autoshow Mafra [Chevrolet],321216505838340,9.73,311,254,1,9.73,,,,2026-09-19,2026-09-19,
[SET]_[SN]_Carrossel_Oferta,2026-09-18,active,campaign,Autoshow Mafra [Chevrolet],321216505838340,40.11,2763,1707,47,0.85340426,Conversas por mensagem iniciadas,9,4.45666667,2026-09-18,2026-09-18,
[SET]_[SN]_Card_Condição_72H,2026-09-18,inactive,campaign,Autoshow Mafra [Chevrolet],321216505838340,95.4,3313,2002,25,3.816,Conversas por mensagem iniciadas,11,8.67272727,2026-09-18,2026-09-18,
[SET]_[N]_Card_Oferta - S10,2026-09-18,inactive,campaign,Autoshow Mafra [Chevrolet],321216505838340,15.68,1221,1026,16,0.98,Conversas por mensagem iniciadas,1,15.68,2026-09-18,2026-09-18,
[SET]_[PV]_Vídeo_Condição,2026-09-18,inactive,campaign,Autoshow Mafra [Chevrolet],321216505838340,14.64,478,350,,,Conversas por mensagem iniciadas,1,14.64,2026-09-18,2026-09-18,
[SET]_[N]_Card_Oferta - TM [2],2026-09-18,inactive,campaign,Autoshow Mafra [Chevrolet],321216505838340,127.19,6383,4741,71,1.79140845,Conversas por mensagem iniciadas,6,21.19833333,2026-09-18,2026-09-18,
[SET]_[N]_Card_Consórcio Day [Permanente],2026-09-18,inactive,campaign,Autoshow Mafra [Chevrolet],321216505838340,14.46,321,264,3,4.82,Conversas por mensagem iniciadas,2,7.23,2026-09-18,2026-09-18,
[SET]_[N]_Card_Oferta - S10,2026-09-17,inactive,campaign,Autoshow Mafra [Chevrolet],321216505838340,11.12,8069,3080,76,0.14631579,Conversas por mensagem iniciadas,1,11.12,2026-09-17,2026-09-17,
[SET]_[N]_Card_Consórcio Day [Permanente],2026-09-17,inactive,campaign,Autoshow Mafra [Chevrolet],321216505838340,17.76,458,383,5,3.552,Conversas por mensagem iniciadas,1,17.76,2026-09-17,2026-09-17,
[SET]_[N]_Card_Oferta - TM [2],2026-09-17,inactive,campaign,Autoshow Mafra [Chevrolet],321216505838340,146.6,7224,5113,82,1.78780488,Conversas por mensagem iniciadas,9,16.28888889,2026-09-17,2026-09-17,
[SET]_[SN]_Carrossel_Oferta,2026-09-17,active,campaign,Autoshow Mafra [Chevrolet],321216505838340,22.1,1379,996,35,0.63142857,Conversas por mensagem iniciadas,7,3.15714286,2026-09-17,2026-09-17,
[SET]_[PV]_Vídeo_Condição,2026-09-17,inactive,campaign,Autoshow Mafra [Chevrolet],321216505838340,16.01,719,548,1,16.01,,,,2026-09-17,2026-09-17,
[SET]_[SN]_Card_Condição_72H,2026-09-17,inactive,campaign,Autoshow Mafra [Chevrolet],321216505838340,76.83,2559,1606,32,2.4009375,Conversas por mensagem iniciadas,9,8.53666667,2026-09-17,2026-09-17,
[SET]_[N]_Card_Oferta - S10,2026-09-16,inactive,campaign,Autoshow Mafra [Chevrolet],321216505838340,20.96,11800,4076,154,0.1361039,,,,2026-09-16,2026-09-16,
[SET]_[PV]_Vídeo_Condição,2026-09-16,inactive,campaign,Autoshow Mafra [Chevrolet],321216505838340,19.24,1023,767,6,3.20666667,Conversas por mensagem iniciadas,1,19.24,2026-09-16,2026-09-16,
[SET]_[N]_Card_Oferta - TM [2],2026-09-16,inactive,campaign,Autoshow Mafra [Chevrolet],321216505838340,134.2,6909,5078,67,2.00298507,Conversas por mensagem iniciadas,9,14.91111111,2026-09-16,2026-09-16,
[SET]_[N]_Card_Consórcio Day [Permanente],2026-09-16,inactive,campaign,Autoshow Mafra [Chevrolet],321216505838340,21.87,471,357,7,3.12428571,Conversas por mensagem iniciadas,6,3.645,2026-09-16,2026-09-16,
[SET]_[N]_Card_Oferta - S10,2026-09-15,inactive,campaign,Autoshow Mafra [Chevrolet],321216505838340,18.98,8241,3000,151,0.12569536,Conversas por mensagem iniciadas,1,18.98,2026-09-15,2026-09-15,
[SET]_[PV]_Vídeo_Condição,2026-09-15,inactive,campaign,Autoshow Mafra [Chevrolet],321216505838340,29.08,1541,1178,1,29.08,Conversas por mensagem iniciadas,1,29.08,2026-09-15,2026-09-15,
[SET]_[N]_Card_Consórcio Day [Permanente],2026-09-15,inactive,campaign,Autoshow Mafra [Chevrolet],321216505838340,26.64,626,498,4,6.66,Conversas por mensagem iniciadas,1,26.64,2026-09-15,2026-09-15,
[SET]_[N]_Card_Oferta - TM [2],2026-09-14,inactive,campaign,Autoshow Mafra [Chevrolet],321216505838340,110.25,4234,3351,46,2.39673913,Conversas por mensagem iniciadas,6,18.375,2026-09-14,2026-09-14,
[SET]_[N]_Card_Consórcio Day [Permanente],2026-09-14,inactive,campaign,Autoshow Mafra [Chevrolet],321216505838340,23.73,336,308,2,11.865,Conversas por mensagem iniciadas,2,11.865,2026-09-14,2026-09-14,
[SET]_[PV]_Vídeo_Condição,2026-09-14,inactive,campaign,Autoshow Mafra [Chevrolet],321216505838340,29.5,1233,974,4,7.375,,,,2026-09-14,2026-09-14,
[SET]_[N]_Card_Consórcio Day [Permanente],2026-09-13,inactive,campaign,Autoshow Mafra [Chevrolet],321216505838340,6.53,146,142,1,6.53,Conversas por mensagem iniciadas,1,6.53,2026-09-13,2026-09-13,
[SET]_[PV]_Vídeo_Condição,2026-09-13,inactive,campaign,Autoshow Mafra [Chevrolet],321216505838340,17.76,820,634,1,17.76,,,,2026-09-13,2026-09-13,
[SET]_[N]_Card_Oferta - TM [2],2026-09-13,inactive,campaign,Autoshow Mafra [Chevrolet],321216505838340,81.93,3647,2810,30,2.731,Conversas por mensagem iniciadas,5,16.386,2026-09-13,2026-09-13,
[SET]_[PV]_Vídeo_Condição,2026-09-12,inactive,campaign,Autoshow Mafra [Chevrolet],321216505838340,18.12,1081,792,5,3.624,,,,2026-09-12,2026-09-12,
[SET]_[N]_Card_Oferta - TM [2],2026-09-12,inactive,campaign,Autoshow Mafra [Chevrolet],321216505838340,44.95,2297,1709,17,2.64411765,Conversas por mensagem iniciadas,2,22.475,2026-09-12,2026-09-12,
[SET]_[N]_Card_Consórcio Day [Permanente],2026-09-12,inactive,campaign,Autoshow Mafra [Chevrolet],321216505838340,1.16,55,52,,,,,,2026-09-12,2026-09-12,
[SET]_[PV]_Vídeo_Condição,2026-09-11,inactive,campaign,Autoshow Mafra [Chevrolet],321216505838340,6.26,431,324,,,,,,2026-09-11,2026-09-11,
[SET]_[N]_Card_Oferta - TM [2],2026-09-11,inactive,campaign,Autoshow Mafra [Chevrolet],321216505838340,76.83,3588,2316,28,2.74392857,Conversas por mensagem iniciadas,6,12.805,2026-09-11,2026-09-11,
[SET]_[N]_Card_Consórcio Day [Permanente],2026-09-11,inactive,campaign,Autoshow Mafra [Chevrolet],321216505838340,4.12,132,126,1,4.12,Conversas por mensagem iniciadas,1,4.12,2026-09-11,2026-09-11,
[SET]_[N]_Card_Oferta - TM [2],2026-09-10,inactive,campaign,Autoshow Mafra [Chevrolet],321216505838340,106.91,5020,3422,29,3.68655172,Conversas por mensagem iniciadas,4,26.7275,2026-09-10,2026-09-10,
[SET]_[N]_Card_Consórcio Day [Permanente],2026-09-10,inactive,campaign,Autoshow Mafra [Chevrolet],321216505838340,7.1,221,200,1,7.1,Conversas por mensagem iniciadas,1,7.1,2026-09-10,2026-09-10,
[SET]_[N]_Card_Oferta - TM [2],2026-09-09,inactive,campaign,Autoshow Mafra [Chevrolet],321216505838340,151.96,7262,4862,56,2.71357143,Conversas por mensagem iniciadas,2,75.98,2026-09-09,2026-09-09,
[SET]_[N]_Card_Consórcio Day [Permanente],2026-09-09,inactive,campaign,Autoshow Mafra [Chevrolet],321216505838340,9.58,262,247,1,9.58,Conversas por mensagem iniciadas,1,9.58,2026-09-09,2026-09-09,
[SET]_[N]_Card_Consórcio Day [Permanente],2026-09-08,inactive,campaign,Autoshow Mafra [Chevrolet],321216505838340,9.39,294,268,,,,,,2026-09-08,2026-09-08,
[SET]_[N]_Card_Oferta - TM,2026-09-08,inactive,campaign,Autoshow Mafra [Chevrolet],321216505838340,134.71,8249,5985,52,2.59057692,Conversas por mensagem iniciadas,3,44.90333333,2026-09-08,2026-09-08,
[SET]_[N]_Card_Oferta - TM [2],2026-09-08,inactive,campaign,Autoshow Mafra [Chevrolet],321216505838340,40.39,1589,1333,16,2.524375,Conversas por mensagem iniciadas,2,20.195,2026-09-08,2026-09-08,
[SET]_[N]_Card_Oferta - TM,2026-09-07,inactive,campaign,Autoshow Mafra [Chevrolet],321216505838340,64.86,5312,3979,37,1.75297297,Conversas por mensagem iniciadas,2,32.43,2026-09-07,2026-09-07,
[SET]_[N]_Card_Consórcio Day [Permanente],2026-09-07,inactive,campaign,Autoshow Mafra [Chevrolet],321216505838340,4.22,200,182,2,2.11,Conversas por mensagem iniciadas,1,4.22,2026-09-07,2026-09-07,
[SET]_[N]_Card_Oferta - TM,2026-09-06,inactive,campaign,Autoshow Mafra [Chevrolet],321216505838340,63.68,5409,3960,42,1.51619048,Conversas por mensagem iniciadas,3,21.22666667,2026-09-06,2026-09-06,
[SET]_[N]_Card_Consórcio Day [Permanente],2026-09-06,inactive,campaign,Autoshow Mafra [Chevrolet],321216505838340,6.27,281,251,2,3.135,Conversas por mensagem iniciadas,1,6.27,2026-09-06,2026-09-06,
[SET]_[N]_Card_Oferta - TM,2026-09-05,inactive,campaign,Autoshow Mafra [Chevrolet],321216505838340,42.35,3004,2218,35,1.21,Conversas por mensagem iniciadas,5,8.47,2026-09-05,2026-09-05,
[SET]_[N]_Card_Consórcio Day [Permanente],2026-09-05,inactive,campaign,Autoshow Mafra [Chevrolet],321216505838340,3.42,199,187,,,,,,2026-09-05,2026-09-05,
[SET]_[N]_Card_Oferta - TM,2026-09-04,inactive,campaign,Autoshow Mafra [Chevrolet],321216505838340,68.54,5467,3910,44,1.55772727,Conversas por mensagem iniciadas,2,34.27,2026-09-04,2026-09-04,
[SET]_[N]_Card_Consórcio Day [Permanente],2026-09-04,inactive,campaign,Autoshow Mafra [Chevrolet],321216505838340,5.65,223,213,,,,,,2026-09-04,2026-09-04,
[SET]_[N]_Card_Oferta - TM,2026-09-03,inactive,campaign,Autoshow Mafra [Chevrolet],321216505838340,118.1,6571,4855,41,2.8804878,Conversas por mensagem iniciadas,6,19.68333333,2026-09-03,2026-09-03,
[SET]_[N]_Card_Consórcio Day [Permanente],2026-09-03,inactive,campaign,Autoshow Mafra [Chevrolet],321216505838340,7.78,273,253,,,,,,2026-09-03,2026-09-03,
[SET]_[N]_Card_Consórcio Day [Permanente],2026-09-02,inactive,campaign,Autoshow Mafra [Chevrolet],321216505838340,8.66,225,206,4,2.165,Conversas por mensagem iniciadas,2,4.33,2026-09-02,2026-09-02,
[SET]_[N]_Card_Oferta - TM,2026-09-02,inactive,campaign,Autoshow Mafra [Chevrolet],321216505838340,34.79,1616,1271,10,3.479,Conversas por mensagem iniciadas,1,34.79,2026-09-02,2026-09-02,
[SET]_[N]_Card_Oferta - TM,2026-09-01,inactive,campaign,Autoshow Mafra [Chevrolet],321216505838340,35.17,1513,1260,12,2.93083333,Conversas por mensagem iniciadas,3,11.72333333,2026-09-01,2026-09-01,
[SET]_[N]_Card_Consórcio Day [Permanente],2026-09-01,inactive,campaign,Autoshow Mafra [Chevrolet],321216505838340,29.21,833,682,5,5.842,Conversas por mensagem iniciadas,3,9.73666667,2026-09-01,2026-09-01,
[SET]_[N]_Card_Operação_Consórcio,2026-09-30,active,campaign,AutoShow Lages [Chevrolet],444965579796662,5.65,339,287,,,,,,2026-09-30,2026-09-30,
[SET]_[N]_Card_Oferta - Feirão,2026-09-30,active,campaign,AutoShow Lages [Chevrolet],444965579796662,22.82,835,581,5,4.564,Conversas por mensagem iniciadas,1,22.82,2026-09-30,2026-09-30,
[SET]_[SN]_Carrossel_Oferta [#7145],2026-09-30,active,campaign,AutoShow Lages [Chevrolet],444965579796662,9.27,506,374,5,1.854,,,,2026-09-30,2026-09-30,
[SET]_[N]_Card_Oferta - TM [2] [#7145],2026-09-30,active,campaign,AutoShow Lages [Chevrolet],444965579796662,20.14,1168,935,9,2.23777778,,,,2026-09-30,2026-09-30,
[SET]_[N]_Card_Oferta - S10,2026-09-30,active,campaign,AutoShow Lages [Chevrolet],444965579796662,16.7,833,640,9,1.85555556,Conversas por mensagem iniciadas,1,16.7,2026-09-30,2026-09-30,
[SET]_[PV]_Vídeo_Condição,2026-09-30,active,campaign,AutoShow Lages [Chevrolet],444965579796662,10.46,383,285,3,3.48666667,,,,2026-09-30,2026-09-30,
[SET]_[SN]_Carrossel_Oferta,2026-09-30,active,campaign,AutoShow Lages [Chevrolet],444965579796662,28.15,1513,985,29,0.97068966,,,,2026-09-30,2026-09-30,
[SET]_[N]_Card_Consórcio Day [Permanente],2026-09-30,active,campaign,AutoShow Lages [Chevrolet],444965579796662,4.53,188,167,2,2.265,,,,2026-09-30,2026-09-30,
[SET]_[N]_Card_Oferta - S10,2026-09-29,active,campaign,AutoShow Lages [Chevrolet],444965579796662,65.15,4935,3512,38,1.71447368,Conversas por mensagem iniciadas,2,32.575,2026-09-29,2026-09-29,
[SET]_[N]_Card_Consórcio Day [Permanente],2026-09-29,active,campaign,AutoShow Lages [Chevrolet],444965579796662,9.24,391,353,,,,,,2026-09-29,2026-09-29,
[SET]_[SN]_Carrossel_Oferta,2026-09-29,active,campaign,AutoShow Lages [Chevrolet],444965579796662,60.59,3342,1862,62,0.97725806,Conversas por mensagem iniciadas,6,10.09833333,2026-09-29,2026-09-29,
[SET]_[PV]_Vídeo_Condição,2026-09-29,active,campaign,AutoShow Lages [Chevrolet],444965579796662,29.34,1027,773,4,7.335,,,,2026-09-29,2026-09-29,
[SET]_[N]_Card_Operação_Consórcio,2026-09-29,active,campaign,AutoShow Lages [Chevrolet],444965579796662,23.35,1198,955,10,2.335,Conversas por mensagem iniciadas,1,23.35,2026-09-29,2026-09-29,
[SET]_[N]_Card_Oferta - TM [2] [#7145],2026-09-29,active,campaign,AutoShow Lages [Chevrolet],444965579796662,32.34,2019,1643,19,1.70210526,Conversas por mensagem iniciadas,3,10.78,2026-09-29,2026-09-29,
[SET]_[SN]_Carrossel_Oferta [#7145],2026-09-29,active,campaign,AutoShow Lages [Chevrolet],444965579796662,22.99,1316,909,13,1.76846154,Conversas por mensagem iniciadas,1,22.99,2026-09-29,2026-09-29,
[SET]_[N]_Card_Oferta - Feirão,2026-09-29,active,campaign,AutoShow Lages [Chevrolet],444965579796662,64.46,2005,1180,16,4.02875,Conversas por mensagem iniciadas,5,12.892,2026-09-29,2026-09-29,
[SET]_[N]_Card_Oferta - S10,2026-09-28,active,campaign,AutoShow Lages [Chevrolet],444965579796662,77.01,5280,3937,40,1.92525,Conversas por mensagem iniciadas,2,38.505,2026-09-28,2026-09-28,
[SET]_[N]_Card_Consórcio Day [Permanente],2026-09-28,active,campaign,AutoShow Lages [Chevrolet],444965579796662,9.39,324,285,3,3.13,Conversas por mensagem iniciadas,1,9.39,2026-09-28,2026-09-28,
[SET]_[SN]_Carrossel_Oferta,2026-09-28,active,campaign,AutoShow Lages [Chevrolet],444965579796662,52.96,2456,1436,51,1.03843137,Conversas por mensagem iniciadas,6,8.82666667,2026-09-28,2026-09-28,
[SET]_[PV]_Vídeo_Condição,2026-09-28,active,campaign,AutoShow Lages [Chevrolet],444965579796662,20.01,558,379,6,3.335,Conversas por mensagem iniciadas,2,10.005,2026-09-28,2026-09-28,
[SET]_[N]_Card_Oferta - TM [2] [#7145],2026-09-28,active,campaign,AutoShow Lages [Chevrolet],444965579796662,28.35,2042,1742,24,1.18125,,,,2026-09-28,2026-09-28,
[SET]_[SN]_Carrossel_Oferta [#7145],2026-09-28,active,campaign,AutoShow Lages [Chevrolet],444965579796662,25.88,1665,1152,20,1.294,,,,2026-09-28,2026-09-28,
[SET]_[N]_Card_Oferta - Feirão,2026-09-28,active,campaign,AutoShow Lages [Chevrolet],444965579796662,66.28,1677,1117,8,8.285,Conversas por mensagem iniciadas,2,33.14,2026-09-28,2026-09-28,
[SET]_[N]_Card_Operação_Consórcio,2026-09-28,active,campaign,AutoShow Lages [Chevrolet],444965579796662,28.41,1025,811,10,2.841,Conversas por mensagem iniciadas,1,28.41,2026-09-28,2026-09-28,
[SET]_[N]_Card_Oferta - S10,2026-09-27,active,campaign,AutoShow Lages [Chevrolet],444965579796662,34.78,3366,2543,32,1.086875,Conversas por mensagem iniciadas,2,17.39,2026-09-27,2026-09-27,
[SET]_[SN]_Carrossel_Oferta,2026-09-27,active,campaign,AutoShow Lages [Chevrolet],444965579796662,33.26,2568,1522,34,0.97823529,Conversas por mensagem iniciadas,3,11.08666667,2026-09-27,2026-09-27,
[SET]_[PV]_Vídeo_Condição,2026-09-27,active,campaign,AutoShow Lages [Chevrolet],444965579796662,16.33,589,441,11,1.48454545,Conversas por mensagem iniciadas,1,16.33,2026-09-27,2026-09-27,
[SET]_[N]_Card_Consórcio Day [Permanente],2026-09-27,active,campaign,AutoShow Lages [Chevrolet],444965579796662,4.98,278,256,1,4.98,,,,2026-09-27,2026-09-27,
[SET]_[N]_Card_Oferta - TM [2] [#7145],2026-09-27,active,campaign,AutoShow Lages [Chevrolet],444965579796662,26.43,2371,2020,21,1.25857143,Conversas por mensagem iniciadas,2,13.215,2026-09-27,2026-09-27,
[SET]_[SN]_Carrossel_Oferta [#7145],2026-09-27,active,campaign,AutoShow Lages [Chevrolet],444965579796662,21,1581,1256,22,0.95454545,,,,2026-09-27,2026-09-27,
[SET]_[N]_Card_Oferta - Feirão,2026-09-27,active,campaign,AutoShow Lages [Chevrolet],444965579796662,37.87,1442,959,10,3.787,Conversas por mensagem iniciadas,1,37.87,2026-09-27,2026-09-27,
[SET]_[N]_Card_Operação_Consórcio,2026-09-27,active,campaign,AutoShow Lages [Chevrolet],444965579796662,16.68,818,657,7,2.38285714,,,,2026-09-27,2026-09-27,
[SET]_[N]_Card_Operação_Consórcio,2026-09-26,active,campaign,AutoShow Lages [Chevrolet],444965579796662,17.66,1099,872,8,2.2075,,,,2026-09-26,2026-09-26,
[SET]_[N]_Card_Oferta - Feirão,2026-09-26,active,campaign,AutoShow Lages [Chevrolet],444965579796662,33.29,1323,844,9,3.69888889,Conversas por mensagem iniciadas,1,33.29,2026-09-26,2026-09-26,
[SET]_[SN]_Carrossel_Oferta [#7145],2026-09-26,active,campaign,AutoShow Lages [Chevrolet],444965579796662,7.69,615,502,10,0.769,Conversas por mensagem iniciadas,3,2.56333333,2026-09-26,2026-09-26,
[SET]_[N]_Card_Oferta - TM [2] [#7145],2026-09-26,active,campaign,AutoShow Lages [Chevrolet],444965579796662,16.98,1272,1086,11,1.54363636,Conversas por mensagem iniciadas,3,5.66,2026-09-26,2026-09-26,
[SET]_[N]_Card_Oferta - S10,2026-09-26,active,campaign,AutoShow Lages [Chevrolet],444965579796662,32.49,3297,2381,23,1.4126087,Conversas por mensagem iniciadas,4,8.1225,2026-09-26,2026-09-26,
[SET]_[PV]_Vídeo_Condição,2026-09-26,active,campaign,AutoShow Lages [Chevrolet],444965579796662,9.02,342,272,5,1.804,Conversas por mensagem iniciadas,1,9.02,2026-09-26,2026-09-26,
[SET]_[SN]_Carrossel_Oferta,2026-09-26,active,campaign,AutoShow Lages [Chevrolet],444965579796662,24.23,1732,1043,26,0.93192308,Conversas por mensagem iniciadas,2,12.115,2026-09-26,2026-09-26,
[SET]_[N]_Card_Consórcio Day [Permanente],2026-09-26,active,campaign,AutoShow Lages [Chevrolet],444965579796662,3.17,195,177,2,1.585,Conversas por mensagem iniciadas,2,1.585,2026-09-26,2026-09-26,
[SET]_[N]_Card_Oferta - S10,2026-09-25,active,campaign,AutoShow Lages [Chevrolet],444965579796662,39.53,3477,2396,29,1.36310345,Conversas por mensagem iniciadas,3,13.17666667,2026-09-25,2026-09-25,
[SET]_[N]_Card_Consórcio Day [Permanente],2026-09-25,active,campaign,AutoShow Lages [Chevrolet],444965579796662,4.04,204,183,1,4.04,Conversas por mensagem iniciadas,1,4.04,2026-09-25,2026-09-25,
[SET]_[SN]_Carrossel_Oferta,2026-09-25,active,campaign,AutoShow Lages [Chevrolet],444965579796662,30.72,2194,1400,37,0.83027027,,,,2026-09-25,2026-09-25,
[SET]_[PV]_Vídeo_Condição,2026-09-25,active,campaign,AutoShow Lages [Chevrolet],444965579796662,18.1,630,485,4,4.525,,,,2026-09-25,2026-09-25,
[SET]_[N]_Card_Oferta - Feirão,2026-09-25,active,campaign,AutoShow Lages [Chevrolet],444965579796662,55.41,2055,1193,14,3.95785714,Conversas por mensagem iniciadas,4,13.8525,2026-09-25,2026-09-25,
[SET]_[N]_Card_Oferta - TM [2] [#7145],2026-09-25,active,campaign,AutoShow Lages [Chevrolet],444965579796662,29.04,2176,1794,19,1.52842105,Conversas por mensagem iniciadas,2,14.52,2026-09-25,2026-09-25,
[SET]_[SN]_Carrossel_Oferta [#7145],2026-09-25,active,campaign,AutoShow Lages [Chevrolet],444965579796662,12.3,809,600,14,0.87857143,Conversas por mensagem iniciadas,1,12.3,2026-09-25,2026-09-25,
[SET]_[N]_Card_Operação_Consórcio,2026-09-25,active,campaign,AutoShow Lages [Chevrolet],444965579796662,19.89,1062,763,3,6.63,Conversas por mensagem iniciadas,1,19.89,2026-09-25,2026-09-25,
[SET]_[N]_Card_Operação_Consórcio,2026-09-24,active,campaign,AutoShow Lages [Chevrolet],444965579796662,7.97,381,330,4,1.9925,Conversas por mensagem iniciadas,1,7.97,2026-09-24,2026-09-24,
[SET]_[N]_Card_Oferta - Feirão,2026-09-24,active,campaign,AutoShow Lages [Chevrolet],444965579796662,58.32,2497,1493,19,3.06947368,Conversas por mensagem iniciadas,4,14.58,2026-09-24,2026-09-24,
[SET]_[SN]_Carrossel_Oferta [#7145],2026-09-24,active,campaign,AutoShow Lages [Chevrolet],444965579796662,16.3,943,766,14,1.16428571,Conversas por mensagem iniciadas,1,16.3,2026-09-24,2026-09-24,
[SET]_[N]_Card_Oferta - TM [2] [#7145],2026-09-24,active,campaign,AutoShow Lages [Chevrolet],444965579796662,29.51,2173,1811,21,1.4052381,Conversas por mensagem iniciadas,1,29.51,2026-09-24,2026-09-24,
[SET]_[N]_Card_Oferta - S10,2026-09-24,active,campaign,AutoShow Lages [Chevrolet],444965579796662,34.37,2417,1820,12,2.86416667,Conversas por mensagem iniciadas,4,8.5925,2026-09-24,2026-09-24,
[SET]_[PV]_Vídeo_Condição,2026-09-24,active,campaign,AutoShow Lages [Chevrolet],444965579796662,16.49,478,323,2,8.245,,,,2026-09-24,2026-09-24,
[SET]_[SN]_Carrossel_Oferta,2026-09-24,active,campaign,AutoShow Lages [Chevrolet],444965579796662,34.5,1979,1357,23,1.5,Conversas por mensagem iniciadas,2,17.25,2026-09-24,2026-09-24,
[SET]_[N]_Card_Consórcio Day [Permanente],2026-09-24,active,campaign,AutoShow Lages [Chevrolet],444965579796662,4.6,213,196,2,2.3,Conversas por mensagem iniciadas,2,2.3,2026-09-24,2026-09-24,
[SET]_[PV]_Vídeo_Condição,2026-09-23,active,campaign,AutoShow Lages [Chevrolet],444965579796662,23.34,683,503,6,3.89,Conversas por mensagem iniciadas,1,23.34,2026-09-23,2026-09-23,
[SET]_[N]_Card_Oferta - TM [2],2026-09-23,inactive,campaign,AutoShow Lages [Chevrolet],444965579796662,68.87,5649,3971,38,1.81236842,,,,2026-09-23,2026-09-23,
[SET]_[SN]_Carrossel_Oferta,2026-09-23,active,campaign,AutoShow Lages [Chevrolet],444965579796662,42.01,2686,1777,36,1.16694444,Conversas por mensagem iniciadas,5,8.402,2026-09-23,2026-09-23,
[SET]_[N]_Card_Consórcio Day [Permanente],2026-09-23,active,campaign,AutoShow Lages [Chevrolet],444965579796662,6.6,240,228,1,6.6,Conversas por mensagem iniciadas,1,6.6,2026-09-23,2026-09-23,
[SET]_[N]_Card_Oferta - S10,2026-09-23,active,campaign,AutoShow Lages [Chevrolet],444965579796662,44.46,2613,1913,25,1.7784,Conversas por mensagem iniciadas,4,11.115,2026-09-23,2026-09-23,
[SET]_[SN]_Carrossel_Oferta [#7145],2026-09-23,active,campaign,AutoShow Lages [Chevrolet],444965579796662,18.81,1164,860,20,0.9405,Conversas por mensagem iniciadas,1,18.81,2026-09-23,2026-09-23,
[SET]_[N]_Card_Oferta - Feirão,2026-09-23,active,campaign,AutoShow Lages [Chevrolet],444965579796662,15.75,998,789,8,1.96875,,,,2026-09-23,2026-09-23,
[SET]_[N]_Card_Oferta - TM [2] [#7145],2026-09-23,active,campaign,AutoShow Lages [Chevrolet],444965579796662,30.77,2353,2033,21,1.4652381,Conversas por mensagem iniciadas,3,10.25666667,2026-09-23,2026-09-23,
[SET]_[SN]_Carrossel_Oferta [#7145],2026-09-22,active,campaign,AutoShow Lages [Chevrolet],444965579796662,24.41,1776,1386,18,1.35611111,Conversas por mensagem iniciadas,1,24.41,2026-09-22,2026-09-22,
[SET]_[N]_Card_Oferta - TM [2] [#7145],2026-09-22,active,campaign,AutoShow Lages [Chevrolet],444965579796662,37.07,3521,2969,23,1.61173913,,,,2026-09-22,2026-09-22,
[SET]_[N]_Card_Oferta - S10,2026-09-22,active,campaign,AutoShow Lages [Chevrolet],444965579796662,67.65,2670,1604,16,4.228125,Conversas por mensagem iniciadas,1,67.65,2026-09-22,2026-09-22,
[SET]_[PV]_Vídeo_Condição,2026-09-22,active,campaign,AutoShow Lages [Chevrolet],444965579796662,30.65,1447,1056,8,3.83125,Conversas por mensagem iniciadas,1,30.65,2026-09-22,2026-09-22,
[SET]_[SN]_Carrossel_Oferta,2026-09-22,active,campaign,AutoShow Lages [Chevrolet],444965579796662,65.7,3745,2321,28,2.34642857,Conversas por mensagem iniciadas,4,16.425,2026-09-22,2026-09-22,
[SET]_[N]_Card_Oferta - TM [2],2026-09-22,inactive,campaign,AutoShow Lages [Chevrolet],444965579796662,134.34,11833,7130,78,1.72230769,Conversas por mensagem iniciadas,5,26.868,2026-09-22,2026-09-22,
[SET]_[N]_Card_Consórcio Day [Permanente],2026-09-22,active,campaign,AutoShow Lages [Chevrolet],444965579796662,9.11,478,439,,,,,,2026-09-22,2026-09-22,
[SET]_[SN]_Carrossel_Oferta,2026-09-21,active,campaign,AutoShow Lages [Chevrolet],444965579796662,59.81,3661,2261,51,1.1727451,Conversas por mensagem iniciadas,2,29.905,2026-09-21,2026-09-21,
[SET]_[N]_Card_Consórcio Day [Permanente],2026-09-21,active,campaign,AutoShow Lages [Chevrolet],444965579796662,9.04,294,262,,,,,,2026-09-21,2026-09-21,
[SET]_[N]_Card_Oferta - TM [2],2026-09-21,inactive,campaign,AutoShow Lages [Chevrolet],444965579796662,105.49,7738,4151,58,1.8187931,Conversas por mensagem iniciadas,3,35.16333333,2026-09-21,2026-09-21,
[SET]_[SN]_Carrossel_Oferta [#7145],2026-09-21,active,campaign,AutoShow Lages [Chevrolet],444965579796662,26.03,1096,898,11,2.36636364,Conversas por mensagem iniciadas,3,8.67666667,2026-09-21,2026-09-21,
[SET]_[PV]_Vídeo_Condição,2026-09-21,active,campaign,AutoShow Lages [Chevrolet],444965579796662,28.05,790,604,7,4.00714286,Conversas por mensagem iniciadas,1,28.05,2026-09-21,2026-09-21,
[SET]_[N]_Card_Oferta - S10,2026-09-21,active,campaign,AutoShow Lages [Chevrolet],444965579796662,60.36,3210,2351,26,2.32153846,,,,2026-09-21,2026-09-21,
[SET]_[N]_Card_Oferta - TM [2] [#7145],2026-09-21,active,campaign,AutoShow Lages [Chevrolet],444965579796662,39.6,3158,2556,35,1.13142857,Conversas por mensagem iniciadas,2,19.8,2026-09-21,2026-09-21,
[SET]_[N]_Card_Oferta - TM [2],2026-09-20,inactive,campaign,AutoShow Lages [Chevrolet],444965579796662,88.36,8304,5115,69,1.28057971,Conversas por mensagem iniciadas,4,22.09,2026-09-20,2026-09-20,
[SET]_[SN]_Carrossel_Oferta [#7145],2026-09-20,active,campaign,AutoShow Lages [Chevrolet],444965579796662,20.46,1357,1083,22,0.93,,,,2026-09-20,2026-09-20,
[SET]_[N]_Card_Oferta - TM [2] [#7145],2026-09-20,active,campaign,AutoShow Lages [Chevrolet],444965579796662,27,2775,2441,25,1.08,Conversas por mensagem iniciadas,2,13.5,2026-09-20,2026-09-20,
[SET]_[N]_Card_Oferta - S10,2026-09-20,active,campaign,AutoShow Lages [Chevrolet],444965579796662,15.56,856,538,6,2.59333333,Conversas por mensagem iniciadas,1,15.56,2026-09-20,2026-09-20,
[SET]_[PV]_Vídeo_Condição,2026-09-20,active,campaign,AutoShow Lages [Chevrolet],444965579796662,14.2,675,556,7,2.02857143,Conversas por mensagem iniciadas,1,14.2,2026-09-20,2026-09-20,
[SET]_[SN]_Carrossel_Oferta,2026-09-20,active,campaign,AutoShow Lages [Chevrolet],444965579796662,22.96,1999,1394,17,1.35058824,Conversas por mensagem iniciadas,2,11.48,2026-09-20,2026-09-20,
[SET]_[N]_Card_Consórcio Day [Permanente],2026-09-20,active,campaign,AutoShow Lages [Chevrolet],444965579796662,5.4,266,249,,,,,,2026-09-20,2026-09-20,
[SET]_[N]_Card_Consórcio Day [Permanente],2026-09-19,active,campaign,AutoShow Lages [Chevrolet],444965579796662,1.95,149,139,1,1.95,,,,2026-09-19,2026-09-19,
[SET]_[SN]_Carrossel_Oferta [#7145],2026-09-19,active,campaign,AutoShow Lages [Chevrolet],444965579796662,14.76,1182,835,14,1.05428571,Conversas por mensagem iniciadas,1,14.76,2026-09-19,2026-09-19,
[SET]_[N]_Card_Oferta - TM [2] [#7145],2026-09-19,active,campaign,AutoShow Lages [Chevrolet],444965579796662,32.12,2781,2280,34,0.94470588,Conversas por mensagem iniciadas,1,32.12,2026-09-19,2026-09-19,
[SET]_[N]_Card_Oferta - S10,2026-09-19,active,campaign,AutoShow Lages [Chevrolet],444965579796662,13.06,660,407,3,4.35333333,,,,2026-09-19,2026-09-19,
[SET]_[PV]_Vídeo_Condição,2026-09-19,active,campaign,AutoShow Lages [Chevrolet],444965579796662,17.45,797,579,8,2.18125,Conversas por mensagem iniciadas,2,8.725,2026-09-19,2026-09-19,
[SET]_[SN]_Carrossel_Oferta,2026-09-19,active,campaign,AutoShow Lages [Chevrolet],444965579796662,23.22,2064,1341,32,0.725625,Conversas por mensagem iniciadas,2,11.61,2026-09-19,2026-09-19,
[SET]_[N]_Card_Oferta - TM [2],2026-09-19,inactive,campaign,AutoShow Lages [Chevrolet],444965579796662,113.72,7932,4581,68,1.67235294,Conversas por mensagem iniciadas,11,10.33818182,2026-09-19,2026-09-19,
[SET]_[SN]_Card_Condição_72H,2026-09-19,inactive,campaign,AutoShow Lages [Chevrolet],444965579796662,44.72,9187,7381,206,0.21708738,Conversas por mensagem iniciadas,3,14.90666667,2026-09-19,2026-09-19,
[SET]_[PV]_Vídeo_Condição,2026-09-18,active,campaign,AutoShow Lages [Chevrolet],444965579796662,15.17,629,486,6,2.52833333,Conversas por mensagem iniciadas,1,15.17,2026-09-18,2026-09-18,
[SET]_[N]_Card_Oferta - TM [2],2026-09-18,inactive,campaign,AutoShow Lages [Chevrolet],444965579796662,97.42,6771,4032,66,1.47606061,Conversas por mensagem iniciadas,7,13.91714286,2026-09-18,2026-09-18,
[SET]_[SN]_Carrossel_Oferta,2026-09-18,active,campaign,AutoShow Lages [Chevrolet],444965579796662,30.84,1649,1086,19,1.62315789,,,,2026-09-18,2026-09-18,
[SET]_[SN]_Carrossel_Oferta [#7145],2026-09-18,active,campaign,AutoShow Lages [Chevrolet],444965579796662,13.75,847,627,14,0.98214286,Conversas por mensagem iniciadas,2,6.875,2026-09-18,2026-09-18,
[SET]_[N]_Card_Oferta - S10,2026-09-18,active,campaign,AutoShow Lages [Chevrolet],444965579796662,17.93,1077,741,8,2.24125,Conversas por mensagem iniciadas,3,5.97666667,2026-09-18,2026-09-18,
[SET]_[N]_Card_Oferta - TM [2] [#7145],2026-09-18,active,campaign,AutoShow Lages [Chevrolet],444965579796662,28.69,2166,1811,16,1.793125,Conversas por mensagem iniciadas,1,28.69,2026-09-18,2026-09-18,
[SET]_[SN]_Card_Condição_72H,2026-09-18,inactive,campaign,AutoShow Lages [Chevrolet],444965579796662,100.17,20451,13457,398,0.25168342,Conversas por mensagem iniciadas,5,20.034,2026-09-18,2026-09-18,
[SET]_[N]_Card_Consórcio Day [Permanente],2026-09-18,active,campaign,AutoShow Lages [Chevrolet],444965579796662,4.45,176,167,1,4.45,Conversas por mensagem iniciadas,1,4.45,2026-09-18,2026-09-18,
[SET]_[N]_Card_Oferta - TM [2],2026-09-17,inactive,campaign,AutoShow Lages [Chevrolet],444965579796662,91.45,6586,3964,54,1.69351852,Conversas por mensagem iniciadas,4,22.8625,2026-09-17,2026-09-17,
[SET]_[N]_Card_Oferta - S10,2026-09-17,active,campaign,AutoShow Lages [Chevrolet],444965579796662,19.74,1593,1150,21,0.94,Conversas por mensagem iniciadas,3,6.58,2026-09-17,2026-09-17,
[SET]_[N]_Card_Consórcio Day [Permanente],2026-09-17,active,campaign,AutoShow Lages [Chevrolet],444965579796662,5.68,218,202,1,5.68,,,,2026-09-17,2026-09-17,
[SET]_[SN]_Carrossel_Oferta,2026-09-17,active,campaign,AutoShow Lages [Chevrolet],444965579796662,30.08,1891,1267,23,1.30782609,,,,2026-09-17,2026-09-17,
[SET]_[N]_Card_Oferta - TM [2] [#7145],2026-09-17,active,campaign,AutoShow Lages [Chevrolet],444965579796662,27.47,2464,2106,22,1.24863636,Conversas por mensagem iniciadas,1,27.47,2026-09-17,2026-09-17,
[SET]_[PV]_Vídeo_Condição,2026-09-17,active,campaign,AutoShow Lages [Chevrolet],444965579796662,17.9,1162,872,3,5.96666667,,,,2026-09-17,2026-09-17,
[SET]_[SN]_Carrossel_Oferta [#7145],2026-09-17,active,campaign,AutoShow Lages [Chevrolet],444965579796662,19.43,1151,822,16,1.214375,,,,2026-09-17,2026-09-17,
[SET]_[SN]_Card_Condição_72H,2026-09-17,inactive,campaign,AutoShow Lages [Chevrolet],444965579796662,81.6,19782,11729,359,0.22729805,Conversas por mensagem iniciadas,4,20.4,2026-09-17,2026-09-17,
[SET]_[PV]_Vídeo_Condição,2026-09-16,active,campaign,AutoShow Lages [Chevrolet],444965579796662,18.63,1023,766,6,3.105,Conversas por mensagem iniciadas,2,9.315,2026-09-16,2026-09-16,
[SET]_[N]_Card_Consórcio Day [Permanente],2026-09-16,active,campaign,AutoShow Lages [Chevrolet],444965579796662,6.24,212,189,1,6.24,,,,2026-09-16,2026-09-16,
[SET]_[SN]_Carrossel_Oferta,2026-09-16,active,campaign,AutoShow Lages [Chevrolet],444965579796662,44.56,2512,1591,35,1.27314286,,,,2026-09-16,2026-09-16,
[SET]_[N]_Card_Oferta - TM [2],2026-09-16,inactive,campaign,AutoShow Lages [Chevrolet],444965579796662,56.98,4516,3086,30,1.89933333,,,,2026-09-16,2026-09-16,
[SET]_[N]_Card_Oferta - S10,2026-09-16,active,campaign,AutoShow Lages [Chevrolet],444965579796662,23,2260,1552,26,0.88461538,Conversas por mensagem iniciadas,2,11.5,2026-09-16,2026-09-16,
[SET]_[N]_Card_Oferta - TM [2] [#7145],2026-09-16,active,campaign,AutoShow Lages [Chevrolet],444965579796662,16.46,1526,1339,6,2.74333333,,,,2026-09-16,2026-09-16,
[SET]_[SN]_Carrossel_Oferta [#7145],2026-09-16,active,campaign,AutoShow Lages [Chevrolet],444965579796662,14.77,756,540,8,1.84625,Conversas por mensagem iniciadas,1,14.77,2026-09-16,2026-09-16,
[SET]_[N]_Card_Oferta - S10,2026-09-15,active,campaign,AutoShow Lages [Chevrolet],444965579796662,16.62,1233,918,10,1.662,,,,2026-09-15,2026-09-15,
[SET]_[PV]_Vídeo_Condição,2026-09-15,active,campaign,AutoShow Lages [Chevrolet],444965579796662,23.84,1497,1159,4,5.96,,,,2026-09-15,2026-09-15,
[SET]_[SN]_Carrossel_Oferta,2026-09-15,active,campaign,AutoShow Lages [Chevrolet],444965579796662,57.61,2605,1796,31,1.8583871,Conversas por mensagem iniciadas,4,14.4025,2026-09-15,2026-09-15,
[SET]_[N]_Card_Consórcio Day [Permanente],2026-09-15,active,campaign,AutoShow Lages [Chevrolet],444965579796662,7.62,248,228,2,3.81,Conversas por mensagem iniciadas,1,7.62,2026-09-15,2026-09-15,
[SET]_[N]_Card_Consórcio Day [Permanente],2026-09-14,active,campaign,AutoShow Lages [Chevrolet],444965579796662,9.45,357,319,3,3.15,Conversas por mensagem iniciadas,3,3.15,2026-09-14,2026-09-14,
[SET]_[PV]_Vídeo_Condição,2026-09-14,active,campaign,AutoShow Lages [Chevrolet],444965579796662,26.3,1061,816,5,5.26,,,,2026-09-14,2026-09-14,
[SET]_[SN]_Carrossel_Oferta,2026-09-14,active,campaign,AutoShow Lages [Chevrolet],444965579796662,53.28,1615,1044,24,2.22,Conversas por mensagem iniciadas,4,13.32,2026-09-14,2026-09-14,
[SET]_[N]_Card_Oferta - TM [2],2026-09-14,inactive,campaign,AutoShow Lages [Chevrolet],444965579796662,106.5,6666,3822,49,2.17346939,Conversas por mensagem iniciadas,2,53.25,2026-09-14,2026-09-14,
[SET]_[N]_Card_Oferta - TM [2],2026-09-13,inactive,campaign,AutoShow Lages [Chevrolet],444965579796662,88.65,5962,3423,44,2.01477273,Conversas por mensagem iniciadas,4,22.1625,2026-09-13,2026-09-13,
[SET]_[N]_Card_Consórcio Day [Permanente],2026-09-13,active,campaign,AutoShow Lages [Chevrolet],444965579796662,6.56,208,194,3,2.18666667,Conversas por mensagem iniciadas,3,2.18666667,2026-09-13,2026-09-13,
[SET]_[PV]_Vídeo_Condição,2026-09-13,active,campaign,AutoShow Lages [Chevrolet],444965579796662,20.42,672,550,3,6.80666667,Conversas por mensagem iniciadas,1,20.42,2026-09-13,2026-09-13,
[SET]_[SN]_Carrossel_Oferta,2026-09-13,active,campaign,AutoShow Lages [Chevrolet],444965579796662,39.48,1584,1034,27,1.46222222,Conversas por mensagem iniciadas,3,13.16,2026-09-13,2026-09-13,
[SET]_[PV]_Vídeo_Condição,2026-09-12,active,campaign,AutoShow Lages [Chevrolet],444965579796662,17.54,1153,855,1,17.54,Conversas por mensagem iniciadas,1,17.54,2026-09-12,2026-09-12,
[SET]_[SN]_Carrossel_Oferta,2026-09-12,active,campaign,AutoShow Lages [Chevrolet],444965579796662,36.86,2367,1541,30,1.22866667,Conversas por mensagem iniciadas,3,12.28666667,2026-09-12,2026-09-12,
[SET]_[N]_Card_Oferta - TM [2],2026-09-12,inactive,campaign,AutoShow Lages [Chevrolet],444965579796662,108.56,7286,4041,37,2.93405405,Conversas por mensagem iniciadas,4,27.14,2026-09-12,2026-09-12,
[SET]_[N]_Card_Consórcio Day [Permanente],2026-09-12,active,campaign,AutoShow Lages [Chevrolet],444965579796662,1.77,117,112,,,,,,2026-09-12,2026-09-12,
[SET]_[N]_Card_Oferta - TM [2],2026-09-11,inactive,campaign,AutoShow Lages [Chevrolet],444965579796662,94.69,6028,3309,45,2.10422222,Conversas por mensagem iniciadas,2,47.345,2026-09-11,2026-09-11,
[SET]_[N]_Card_Consórcio Day [Permanente],2026-09-11,active,campaign,AutoShow Lages [Chevrolet],444965579796662,4.59,190,172,,,,,,2026-09-11,2026-09-11,
[SET]_[SN]_Carrossel_Oferta,2026-09-11,active,campaign,AutoShow Lages [Chevrolet],444965579796662,30.92,2142,1312,29,1.0662069,Conversas por mensagem iniciadas,3,10.30666667,2026-09-11,2026-09-11,
[SET]_[PV]_Vídeo_Condição,2026-09-11,active,campaign,AutoShow Lages [Chevrolet],444965579796662,7.13,414,342,2,3.565,,,,2026-09-11,2026-09-11,
[SET]_[SN]_Carrossel_Oferta,2026-09-10,active,campaign,AutoShow Lages [Chevrolet],444965579796662,41.81,2477,1368,48,0.87104167,Conversas por mensagem iniciadas,3,13.93666667,2026-09-10,2026-09-10,
[SET]_[N]_Card_Oferta - TM [2],2026-09-10,inactive,campaign,AutoShow Lages [Chevrolet],444965579796662,96.31,5557,3296,32,3.0096875,Conversas por mensagem iniciadas,3,32.10333333,2026-09-10,2026-09-10,
[SET]_[N]_Card_Consórcio Day [Permanente],2026-09-10,active,campaign,AutoShow Lages [Chevrolet],444965579796662,6.13,316,284,1,6.13,Conversas por mensagem iniciadas,1,6.13,2026-09-10,2026-09-10,
[JUN]_[SN]_Carrossel_Ofertas,2026-09-10,inactive,campaign,AutoShow Lages [Chevrolet],444965579796662,8.28,472,383,6,1.38,,,,2026-09-10,2026-09-10,
[SET]_[SN]_Carrossel_Oferta,2026-09-09,active,campaign,AutoShow Lages [Chevrolet],444965579796662,24.88,1120,683,21,1.1847619,Conversas por mensagem iniciadas,2,12.44,2026-09-09,2026-09-09,
[SET]_[N]_Card_Oferta - TM [2],2026-09-09,inactive,campaign,AutoShow Lages [Chevrolet],444965579796662,94.6,5988,3875,34,2.78235294,Conversas por mensagem iniciadas,4,23.65,2026-09-09,2026-09-09,
[SET]_[N]_Card_Consórcio Day [Permanente],2026-09-09,active,campaign,AutoShow Lages [Chevrolet],444965579796662,9.51,358,324,3,3.17,Conversas por mensagem iniciadas,1,9.51,2026-09-09,2026-09-09,
[JUN]_[SN]_Carrossel_Ofertas,2026-09-09,inactive,campaign,AutoShow Lages [Chevrolet],444965579796662,45.52,2219,1595,21,2.16761905,Conversas por mensagem iniciadas,4,11.38,2026-09-09,2026-09-09,
[SET]_[N]_Card_Consórcio Day [Permanente],2026-09-08,active,campaign,AutoShow Lages [Chevrolet],444965579796662,10.13,467,425,2,5.065,Conversas por mensagem iniciadas,2,5.065,2026-09-08,2026-09-08,
[JUN]_[SN]_Carrossel_Ofertas,2026-09-08,inactive,campaign,AutoShow Lages [Chevrolet],444965579796662,46.85,2766,1804,34,1.37794118,Conversas por mensagem iniciadas,3,15.61666667,2026-09-08,2026-09-08,
[SET]_[N]_Card_Oferta - TM,2026-09-08,inactive,campaign,AutoShow Lages [Chevrolet],444965579796662,136.18,10804,6768,74,1.84027027,Conversas por mensagem iniciadas,4,34.045,2026-09-08,2026-09-08,
[SET]_[N]_Card_Oferta - TM [2],2026-09-08,inactive,campaign,AutoShow Lages [Chevrolet],444965579796662,25.01,1436,1107,14,1.78642857,,,,2026-09-08,2026-09-08,
[SET]_[N]_Card_Oferta - TM,2026-09-07,inactive,campaign,AutoShow Lages [Chevrolet],444965579796662,57.45,5702,3719,44,1.30568182,,,,2026-09-07,2026-09-07,
[SET]_[N]_Card_Consórcio Day [Permanente],2026-09-07,active,campaign,AutoShow Lages [Chevrolet],444965579796662,3.21,276,257,1,3.21,,,,2026-09-07,2026-09-07,
[JUN]_[SN]_Carrossel_Ofertas,2026-09-07,inactive,campaign,AutoShow Lages [Chevrolet],444965579796662,40.71,3554,2316,34,1.19735294,Conversas por mensagem iniciadas,2,20.355,2026-09-07,2026-09-07,
[SET]_[N]_Card_Oferta - TM,2026-09-06,inactive,campaign,AutoShow Lages [Chevrolet],444965579796662,69.07,5892,3819,44,1.56977273,Conversas por mensagem iniciadas,3,23.02333333,2026-09-06,2026-09-06,
[SET]_[N]_Card_Consórcio Day [Permanente],2026-09-06,active,campaign,AutoShow Lages [Chevrolet],444965579796662,6.52,389,353,4,1.63,Conversas por mensagem iniciadas,4,1.63,2026-09-06,2026-09-06,
[JUN]_[SN]_Carrossel_Ofertas,2026-09-06,inactive,campaign,AutoShow Lages [Chevrolet],444965579796662,34.11,3967,2666,39,0.87461538,Conversas por mensagem iniciadas,1,34.11,2026-09-06,2026-09-06,
[SET]_[N]_Card_Consórcio Day [Permanente],2026-09-05,active,campaign,AutoShow Lages [Chevrolet],444965579796662,3.98,314,284,,,,,,2026-09-05,2026-09-05,
[SET]_[N]_Card_Oferta - TM,2026-09-05,inactive,campaign,AutoShow Lages [Chevrolet],444965579796662,45.95,3383,2200,25,1.838,Conversas por mensagem iniciadas,3,15.31666667,2026-09-05,2026-09-05,
[JUN]_[SN]_Carrossel_Ofertas,2026-09-05,inactive,campaign,AutoShow Lages [Chevrolet],444965579796662,23.17,1918,1256,26,0.89115385,Conversas por mensagem iniciadas,4,5.7925,2026-09-05,2026-09-05,
[SET]_[N]_Card_Oferta - TM,2026-09-04,inactive,campaign,AutoShow Lages [Chevrolet],444965579796662,65.16,5179,3290,37,1.76108108,Conversas por mensagem iniciadas,2,32.58,2026-09-04,2026-09-04,
[SET]_[N]_Card_Consórcio Day [Permanente],2026-09-04,active,campaign,AutoShow Lages [Chevrolet],444965579796662,5.92,379,355,,,,,,2026-09-04,2026-09-04,
[JUN]_[SN]_Carrossel_Ofertas,2026-09-04,inactive,campaign,AutoShow Lages [Chevrolet],444965579796662,34.02,2607,1636,39,0.87230769,Conversas por mensagem iniciadas,1,34.02,2026-09-04,2026-09-04,
[JUN]_[SN]_Carrossel_Ofertas,2026-09-03,inactive,campaign,AutoShow Lages [Chevrolet],444965579796662,51.95,3025,1919,39,1.33205128,Conversas por mensagem iniciadas,8,6.49375,2026-09-03,2026-09-03,
[SET]_[N]_Card_Oferta - TM,2026-09-03,inactive,campaign,AutoShow Lages [Chevrolet],444965579796662,109.88,7678,4738,53,2.07320755,Conversas por mensagem iniciadas,3,36.62666667,2026-09-03,2026-09-03,
[SET]_[N]_Card_Consórcio Day [Permanente],2026-09-03,active,campaign,AutoShow Lages [Chevrolet],444965579796662,8.9,495,456,3,2.96666667,Conversas por mensagem iniciadas,1,8.9,2026-09-03,2026-09-03,
[JUN]_[SN]_Carrossel_Ofertas,2026-09-02,inactive,campaign,AutoShow Lages [Chevrolet],444965579796662,30.6,1561,989,23,1.33043478,,,,2026-09-02,2026-09-02,
[SET]_[N]_Card_Oferta - TM,2026-09-02,inactive,campaign,AutoShow Lages [Chevrolet],444965579796662,80.62,5126,2814,30,2.68733333,Conversas por mensagem iniciadas,1,80.62,2026-09-02,2026-09-02,
[SET]_[N]_Card_Consórcio Day [Permanente],2026-09-02,active,campaign,AutoShow Lages [Chevrolet],444965579796662,4.29,218,198,,,,,,2026-09-02,2026-09-02,
[SET]_[N]_Card_Consórcio Day [Permanente],2026-09-01,active,campaign,AutoShow Lages [Chevrolet],444965579796662,19.58,745,654,1,19.58,,,,2026-09-01,2026-09-01,
[SET]_[N]_Card_Oferta - TM,2026-09-01,inactive,campaign,AutoShow Lages [Chevrolet],444965579796662,99.29,7052,4739,49,2.02632653,Conversas por mensagem iniciadas,3,33.09666667,2026-09-01,2026-09-01,
[JUN]_[SN]_Carrossel_Ofertas,2026-09-01,inactive,campaign,AutoShow Lages [Chevrolet],444965579796662,52.8,4304,2864,65,0.81230769,Conversas por mensagem iniciadas,6,8.8,2026-09-01,2026-09-01,
[SET]_[N]_Card_Oferta - Feirão,2026-09-29,active,campaign,AutoShow Concórdia [Chevrolet],3293033177418228,11.08,512,383,6,1.84666667,Conversas por mensagem iniciadas,1,11.08,2026-09-29,2026-09-29,
[SET]_[N]_Card_Operação_Consórcio,2026-09-29,active,campaign,AutoShow Concórdia [Chevrolet],3293033177418228,16.48,861,717,3,5.49333333,Conversas por mensagem iniciadas,1,16.48,2026-09-29,2026-09-29,
[SET]_[N]_Card_Oferta - S10,2026-09-29,active,campaign,AutoShow Concórdia [Chevrolet],3293033177418228,13.09,1101,932,6,2.18166667,,,,2026-09-29,2026-09-29,
[SET]_[PV]_Vídeo_Condição,2026-09-29,active,campaign,AutoShow Concórdia [Chevrolet],3293033177418228,14.08,498,393,6,2.34666667,Conversas por mensagem iniciadas,1,14.08,2026-09-29,2026-09-29,
[SET]_[N]_Card_Oferta - Feirão,2026-09-28,active,campaign,AutoShow Concórdia [Chevrolet],3293033177418228,17.25,772,552,9,1.91666667,Conversas por mensagem iniciadas,2,8.625,2026-09-28,2026-09-28,
[SET]_[PV]_Vídeo_Condição,2026-09-28,active,campaign,AutoShow Concórdia [Chevrolet],3293033177418228,10.03,314,218,1,10.03,Conversas por mensagem iniciadas,1,10.03,2026-09-28,2026-09-28,
[SET]_[N]_Card_Oferta - S10,2026-09-27,active,campaign,AutoShow Concórdia [Chevrolet],3293033177418228,11.59,882,737,5,2.318,,,,2026-09-27,2026-09-27,
[SET]_[N]_Card_Oferta - Feirão,2026-09-25,active,campaign,AutoShow Concórdia [Chevrolet],3293033177418228,11.3,587,445,4,2.825,Conversas por mensagem iniciadas,1,11.3,2026-09-25,2026-09-25,
[SET]_[N]_Card_Operação_Consórcio,2026-09-25,active,campaign,AutoShow Concórdia [Chevrolet],3293033177418228,12.14,697,591,5,2.428,,,,2026-09-25,2026-09-25,
[SET]_[N]_Card_Oferta - S10,2026-09-25,active,campaign,AutoShow Concórdia [Chevrolet],3293033177418228,11.7,920,783,6,1.95,Conversas por mensagem iniciadas,1,11.7,2026-09-25,2026-09-25,
[SET]_[PV]_Vídeo_Condição,2026-09-25,active,campaign,AutoShow Concórdia [Chevrolet],3293033177418228,11.56,540,430,2,5.78,,,,2026-09-25,2026-09-25,
[SET]_[N]_Card_Oferta - Feirão,2026-09-24,active,campaign,AutoShow Concórdia [Chevrolet],3293033177418228,11.9,615,476,5,2.38,Conversas por mensagem iniciadas,1,11.9,2026-09-24,2026-09-24,
[SET]_[N]_Card_Oferta - S10,2026-09-24,active,campaign,AutoShow Concórdia [Chevrolet],3293033177418228,17.35,876,571,6,2.89166667,Conversas por mensagem iniciadas,2,8.675,2026-09-24,2026-09-24,
[SET]_[PV]_Vídeo_Condição,2026-09-24,active,campaign,AutoShow Concórdia [Chevrolet],3293033177418228,15.2,636,475,2,7.6,Conversas por mensagem iniciadas,1,15.2,2026-09-24,2026-09-24,
[SET]_[N]_Card_Oferta - TM [2],2026-09-23,inactive,campaign,AutoShow Concórdia [Chevrolet],3293033177418228,22.36,1910,1541,10,2.236,,,,2026-09-23,2026-09-23,
[SET]_[N]_Card_Oferta - S10,2026-09-23,active,campaign,AutoShow Concórdia [Chevrolet],3293033177418228,25.39,1529,1073,8,3.17375,Conversas por mensagem iniciadas,2,12.695,2026-09-23,2026-09-23,
[SET]_[PV]_Vídeo_Condição,2026-09-23,active,campaign,AutoShow Concórdia [Chevrolet],3293033177418228,19.66,1084,832,4,4.915,Conversas por mensagem iniciadas,1,19.66,2026-09-23,2026-09-23,
[SET]_[N]_Card_Oferta - S10,2026-09-22,active,campaign,AutoShow Concórdia [Chevrolet],3293033177418228,33.74,1979,1360,12,2.81166667,,,,2026-09-22,2026-09-22,
[SET]_[PV]_Vídeo_Condição,2026-09-22,active,campaign,AutoShow Concórdia [Chevrolet],3293033177418228,33.57,1691,1220,4,8.3925,,,,2026-09-22,2026-09-22,
[SET]_[N]_Card_Oferta - TM [2],2026-09-22,inactive,campaign,AutoShow Concórdia [Chevrolet],3293033177418228,46.61,4245,3170,28,1.66464286,Conversas por mensagem iniciadas,2,23.305,2026-09-22,2026-09-22,
[SET]_[N]_Card_Oferta - S10,2026-09-21,active,campaign,AutoShow Concórdia [Chevrolet],3293033177418228,21.07,753,499,5,4.214,Conversas por mensagem iniciadas,1,21.07,2026-09-21,2026-09-21,
[SET]_[PV]_Vídeo_Condição,2026-09-21,active,campaign,AutoShow Concórdia [Chevrolet],3293033177418228,26.45,1111,700,10,2.645,Conversas por mensagem iniciadas,2,13.225,2026-09-21,2026-09-21,
[SET]_[N]_Card_Oferta - TM [2],2026-09-21,inactive,campaign,AutoShow Concórdia [Chevrolet],3293033177418228,39.53,3180,2201,16,2.470625,Conversas por mensagem iniciadas,1,39.53,2026-09-21,2026-09-21,
[SET]_[N]_Card_Oferta - S10,2026-09-20,active,campaign,AutoShow Concórdia [Chevrolet],3293033177418228,14.41,756,484,3,4.80333333,,,,2026-09-20,2026-09-20,
[SET]_[PV]_Vídeo_Condição,2026-09-20,active,campaign,AutoShow Concórdia [Chevrolet],3293033177418228,14.46,886,669,6,2.41,,,,2026-09-20,2026-09-20,
[SET]_[N]_Card_Oferta - TM [2],2026-09-20,inactive,campaign,AutoShow Concórdia [Chevrolet],3293033177418228,67.57,6450,4046,41,1.64804878,Conversas por mensagem iniciadas,1,67.57,2026-09-20,2026-09-20,
[SET]_[SN]_Card_Condição_72H,2026-09-19,inactive,campaign,AutoShow Concórdia [Chevrolet],3293033177418228,205.06,9260,5338,58,3.53551724,Conversas por mensagem iniciadas,7,29.29428571,2026-09-19,2026-09-19,
[SET]_[N]_Card_Oferta - S10,2026-09-19,active,campaign,AutoShow Concórdia [Chevrolet],3293033177418228,12.85,674,360,2,6.425,,,,2026-09-19,2026-09-19,
[SET]_[PV]_Vídeo_Condição,2026-09-19,active,campaign,AutoShow Concórdia [Chevrolet],3293033177418228,15.92,560,441,4,3.98,Conversas por mensagem iniciadas,2,7.96,2026-09-19,2026-09-19,
[SET]_[N]_Card_Oferta - TM [2],2026-09-19,inactive,campaign,AutoShow Concórdia [Chevrolet],3293033177418228,117.63,9801,6110,81,1.45222222,Conversas por mensagem iniciadas,4,29.4075,2026-09-19,2026-09-19,
[SET]_[SN]_Card_Condição_72H,2026-09-18,inactive,campaign,AutoShow Concórdia [Chevrolet],3293033177418228,445.56,17893,9377,132,3.37545455,Conversas por mensagem iniciadas,22,20.25272727,2026-09-18,2026-09-18,
[SET]_[N]_Card_Oferta - S10,2026-09-18,active,campaign,AutoShow Concórdia [Chevrolet],3293033177418228,16.43,975,632,11,1.49363636,,,,2026-09-18,2026-09-18,
[SET]_[PV]_Vídeo_Condição,2026-09-18,active,campaign,AutoShow Concórdia [Chevrolet],3293033177418228,16.43,752,569,6,2.73833333,Conversas por mensagem iniciadas,1,16.43,2026-09-18,2026-09-18,
[SET]_[N]_Card_Oferta - TM [2],2026-09-18,inactive,campaign,AutoShow Concórdia [Chevrolet],3293033177418228,135.96,10446,6415,86,1.58093023,Conversas por mensagem iniciadas,5,27.192,2026-09-18,2026-09-18,
[SET]_[SN]_Card_Condição_72H,2026-09-17,inactive,campaign,AutoShow Concórdia [Chevrolet],3293033177418228,402.65,19537,9408,133,3.02744361,Conversas por mensagem iniciadas,21,19.17380952,2026-09-17,2026-09-17,
[SET]_[N]_Card_Oferta - S10,2026-09-17,active,campaign,AutoShow Concórdia [Chevrolet],3293033177418228,22.06,1929,1386,21,1.05047619,Conversas por mensagem iniciadas,1,22.06,2026-09-17,2026-09-17,
[SET]_[PV]_Vídeo_Condição,2026-09-17,active,campaign,AutoShow Concórdia [Chevrolet],3293033177418228,14.44,865,690,1,14.44,,,,2026-09-17,2026-09-17,
[SET]_[N]_Card_Oferta - TM [2],2026-09-17,inactive,campaign,AutoShow Concórdia [Chevrolet],3293033177418228,123.41,9371,6087,80,1.542625,Conversas por mensagem iniciadas,6,20.56833333,2026-09-17,2026-09-17,
[SET]_[N]_Card_Oferta - S10,2026-09-16,active,campaign,AutoShow Concórdia [Chevrolet],3293033177418228,21.62,2306,1575,22,0.98272727,Conversas por mensagem iniciadas,3,7.20666667,2026-09-16,2026-09-16,
[SET]_[PV]_Vídeo_Condição,2026-09-16,active,campaign,AutoShow Concórdia [Chevrolet],3293033177418228,18.73,1183,921,5,3.746,,,,2026-09-16,2026-09-16,
[SET]_[N]_Card_Oferta - TM [2],2026-09-16,inactive,campaign,AutoShow Concórdia [Chevrolet],3293033177418228,127.82,9416,5508,61,2.09540984,Conversas por mensagem iniciadas,4,31.955,2026-09-16,2026-09-16,
[SET]_[N]_Card_Oferta - S10,2026-09-15,active,campaign,AutoShow Concórdia [Chevrolet],3293033177418228,17.44,1399,1036,14,1.24571429,Conversas por mensagem iniciadas,1,17.44,2026-09-15,2026-09-15,
[SET]_[PV]_Vídeo_Condição,2026-09-15,active,campaign,AutoShow Concórdia [Chevrolet],3293033177418228,27.37,1919,1384,4,6.8425,Conversas por mensagem iniciadas,1,27.37,2026-09-15,2026-09-15,
[SET]_[PV]_Vídeo_Condição,2026-09-14,active,campaign,AutoShow Concórdia [Chevrolet],3293033177418228,30.88,1255,921,5,6.176,Conversas por mensagem iniciadas,1,30.88,2026-09-14,2026-09-14,
[SET]_[N]_Card_Oferta - TM [2],2026-09-14,inactive,campaign,AutoShow Concórdia [Chevrolet],3293033177418228,114.84,6372,4412,43,2.67069767,Conversas por mensagem iniciadas,5,22.968,2026-09-14,2026-09-14,
[SET]_[N]_Card_Oferta - TM [2],2026-09-13,inactive,campaign,AutoShow Concórdia [Chevrolet],3293033177418228,80.08,5396,3628,28,2.86,Conversas por mensagem iniciadas,3,26.69333333,2026-09-13,2026-09-13,
[SET]_[PV]_Vídeo_Condição,2026-09-13,active,campaign,AutoShow Concórdia [Chevrolet],3293033177418228,16.19,831,628,3,5.39666667,,,,2026-09-13,2026-09-13,
[SET]_[PV]_Vídeo_Condição,2026-09-12,active,campaign,AutoShow Concórdia [Chevrolet],3293033177418228,18.58,1635,1223,,,,,,2026-09-12,2026-09-12,
[SET]_[N]_Card_Oferta - TM [2],2026-09-12,inactive,campaign,AutoShow Concórdia [Chevrolet],3293033177418228,40.32,3310,2237,18,2.24,Conversas por mensagem iniciadas,1,40.32,2026-09-12,2026-09-12,
[SET]_[N]_Card_Oferta - TM [2],2026-09-11,inactive,campaign,AutoShow Concórdia [Chevrolet],3293033177418228,70.51,4935,3052,28,2.51821429,Conversas por mensagem iniciadas,3,23.50333333,2026-09-11,2026-09-11,
[SET]_[N]_Card_Oferta - TM [2],2026-09-10,inactive,campaign,AutoShow Concórdia [Chevrolet],3293033177418228,108.65,8235,4529,38,2.85921053,Conversas por mensagem iniciadas,3,36.21666667,2026-09-10,2026-09-10,
[SET]_[N]_Card_Oferta - TM [2],2026-09-09,inactive,campaign,AutoShow Concórdia [Chevrolet],3293033177418228,163.23,11207,6883,75,2.1764,Conversas por mensagem iniciadas,5,32.646,2026-09-09,2026-09-09,
[SET]_[N]_Card_Consórcio Day [Permanente],2026-09-09,active,campaign,AutoShow Concórdia [Chevrolet],3293033177418228,10.08,449,412,2,5.04,,,,2026-09-09,2026-09-09,
[SET]_[N]_Card_Oferta - TM [2],2026-09-08,inactive,campaign,AutoShow Concórdia [Chevrolet],3293033177418228,40.57,2642,1864,13,3.12076923,Conversas por mensagem iniciadas,2,20.285,2026-09-08,2026-09-08,
[SET]_[N]_Card_Oferta - TM,2026-09-08,inactive,campaign,AutoShow Concórdia [Chevrolet],3293033177418228,134.23,11724,6704,66,2.03378788,Conversas por mensagem iniciadas,3,44.74333333,2026-09-08,2026-09-08,
[SET]_[N]_Card_Oferta - TM,2026-09-07,inactive,campaign,AutoShow Concórdia [Chevrolet],3293033177418228,67.09,7867,4861,43,1.56023256,Conversas por mensagem iniciadas,1,67.09,2026-09-07,2026-09-07,
[SET]_[N]_Card_Oferta - TM,2026-09-06,inactive,campaign,AutoShow Concórdia [Chevrolet],3293033177418228,62.5,7468,4609,42,1.48809524,Conversas por mensagem iniciadas,3,20.83333333,2026-09-06,2026-09-06,
[SET]_[N]_Card_Oferta - TM,2026-09-05,inactive,campaign,AutoShow Concórdia [Chevrolet],3293033177418228,52.31,5646,3654,34,1.53852941,Conversas por mensagem iniciadas,3,17.43666667,2026-09-05,2026-09-05,
[SET]_[N]_Card_Oferta - TM,2026-09-04,inactive,campaign,AutoShow Concórdia [Chevrolet],3293033177418228,65.24,7055,4366,46,1.41826087,Conversas por mensagem iniciadas,1,65.24,2026-09-04,2026-09-04,
[SET]_[N]_Card_Oferta - TM,2026-09-03,inactive,campaign,AutoShow Concórdia [Chevrolet],3293033177418228,105.32,7156,4372,42,2.50761905,Conversas por mensagem iniciadas,5,21.064,2026-09-03,2026-09-03,
[SET]_[N]_Card_Oferta - TM,2026-09-02,inactive,campaign,AutoShow Concórdia [Chevrolet],3293033177418228,80.68,4780,2785,24,3.36166667,Conversas por mensagem iniciadas,2,40.34,2026-09-02,2026-09-02,
[SET]_[N]_Card_Oferta - TM,2026-09-01,inactive,campaign,AutoShow Concórdia [Chevrolet],3293033177418228,91.07,7168,4511,36,2.52972222,Conversas por mensagem iniciadas,4,22.7675,2026-09-01,2026-09-01,
[JUL]_[SN]_Carrossel_Oferta,2026-09-01,inactive,campaign,AutoShow Concórdia [Chevrolet],3293033177418228,46.16,3582,2142,36,1.28222222,Conversas por mensagem iniciadas,1,46.16,2026-09-01,2026-09-01,
[SET]_[N]_Card_Oferta - Feirão,2026-09-28,inactive,campaign,Autoshow Canoinhas [Chevrolet],4400096113365243,1.58,55,42,1,1.58,,,,2026-09-28,2026-09-28,
[SET]_[N]_Card_Operação_Consórcio,2026-09-28,inactive,campaign,Autoshow Canoinhas [Chevrolet],4400096113365243,0.34,24,18,,,Conversas por mensagem iniciadas,1,0.34,2026-09-28,2026-09-28,
[SET]_[SN]_Carrossel_Oferta,2026-09-28,inactive,campaign,Autoshow Canoinhas [Chevrolet],4400096113365243,1.31,40,34,1,1.31,,,,2026-09-28,2026-09-28,
[SET]_[N]_Card_Oferta - S10,2026-09-28,inactive,campaign,Autoshow Canoinhas [Chevrolet],4400096113365243,2.57,60,56,1,2.57,,,,2026-09-28,2026-09-28,
[SET]_[PV]_Vídeo_Condição,2026-09-28,inactive,campaign,Autoshow Canoinhas [Chevrolet],4400096113365243,1.2,53,46,2,0.6,,,,2026-09-28,2026-09-28,
[SET]_[N]_Card_Oferta - Feirão,2026-09-27,inactive,campaign,Autoshow Canoinhas [Chevrolet],4400096113365243,25.76,1070,724,8,3.22,Conversas por mensagem iniciadas,1,25.76,2026-09-27,2026-09-27,
[SET]_[N]_Card_Operação_Consórcio,2026-09-27,inactive,campaign,Autoshow Canoinhas [Chevrolet],4400096113365243,14.3,612,515,1,14.3,,,,2026-09-27,2026-09-27,
[SET]_[SN]_Carrossel_Oferta,2026-09-27,inactive,campaign,Autoshow Canoinhas [Chevrolet],4400096113365243,29.82,1870,1240,27,1.10444444,Conversas por mensagem iniciadas,1,29.82,2026-09-27,2026-09-27,
[SET]_[N]_Card_Oferta - S10,2026-09-27,inactive,campaign,Autoshow Canoinhas [Chevrolet],4400096113365243,15.07,636,454,7,2.15285714,,,,2026-09-27,2026-09-27,
[SET]_[PV]_Vídeo_Condição,2026-09-27,inactive,campaign,Autoshow Canoinhas [Chevrolet],4400096113365243,18.55,608,513,5,3.71,,,,2026-09-27,2026-09-27,
[SET]_[N]_Card_Consórcio Day [Permanente],2026-09-27,inactive,campaign,Autoshow Canoinhas [Chevrolet],4400096113365243,6.72,207,178,2,3.36,Conversas por mensagem iniciadas,1,6.72,2026-09-27,2026-09-27,
[SET]_[N]_Card_Oferta - S10,2026-09-26,inactive,campaign,Autoshow Canoinhas [Chevrolet],4400096113365243,13.91,686,516,4,3.4775,,,,2026-09-26,2026-09-26,
[SET]_[N]_Card_Consórcio Day [Permanente],2026-09-26,inactive,campaign,Autoshow Canoinhas [Chevrolet],4400096113365243,3.08,191,176,,,,,,2026-09-26,2026-09-26,
[SET]_[PV]_Vídeo_Condição,2026-09-26,inactive,campaign,Autoshow Canoinhas [Chevrolet],4400096113365243,14.33,495,407,3,4.77666667,,,,2026-09-26,2026-09-26,
[SET]_[SN]_Carrossel_Oferta,2026-09-26,inactive,campaign,Autoshow Canoinhas [Chevrolet],4400096113365243,26.97,1498,1001,26,1.03730769,Conversas por mensagem iniciadas,3,8.99,2026-09-26,2026-09-26,
[SET]_[N]_Card_Operação_Consórcio,2026-09-26,inactive,campaign,Autoshow Canoinhas [Chevrolet],4400096113365243,18.85,997,775,8,2.35625,Conversas por mensagem iniciadas,1,18.85,2026-09-26,2026-09-26,
[SET]_[N]_Card_Oferta - Feirão,2026-09-26,inactive,campaign,Autoshow Canoinhas [Chevrolet],4400096113365243,22.31,910,627,8,2.78875,Conversas por mensagem iniciadas,2,11.155,2026-09-26,2026-09-26,
[SET]_[N]_Card_Oferta - S10,2026-09-25,inactive,campaign,Autoshow Canoinhas [Chevrolet],4400096113365243,16.99,729,539,2,8.495,,,,2026-09-25,2026-09-25,
[SET]_[PV]_Vídeo_Condição,2026-09-25,inactive,campaign,Autoshow Canoinhas [Chevrolet],4400096113365243,19.83,414,306,3,6.61,Conversas por mensagem iniciadas,1,19.83,2026-09-25,2026-09-25,
[SET]_[N]_Card_Consórcio Day [Permanente],2026-09-25,inactive,campaign,Autoshow Canoinhas [Chevrolet],4400096113365243,3.73,205,183,1,3.73,Conversas por mensagem iniciadas,1,3.73,2026-09-25,2026-09-25,
[SET]_[SN]_Carrossel_Oferta,2026-09-25,inactive,campaign,Autoshow Canoinhas [Chevrolet],4400096113365243,34.22,1937,1211,26,1.31615385,Conversas por mensagem iniciadas,1,34.22,2026-09-25,2026-09-25,
[SET]_[N]_Card_Operação_Consórcio,2026-09-25,inactive,campaign,Autoshow Canoinhas [Chevrolet],4400096113365243,19.59,977,751,4,4.8975,,,,2026-09-25,2026-09-25,
[SET]_[N]_Card_Oferta - Feirão,2026-09-25,inactive,campaign,Autoshow Canoinhas [Chevrolet],4400096113365243,32.89,1410,884,10,3.289,Conversas por mensagem iniciadas,1,32.89,2026-09-25,2026-09-25,
[SET]_[N]_Card_Oferta - Feirão,2026-09-24,inactive,campaign,Autoshow Canoinhas [Chevrolet],4400096113365243,30.58,1244,892,8,3.8225,Conversas por mensagem iniciadas,1,30.58,2026-09-24,2026-09-24,
[SET]_[N]_Card_Operação_Consórcio,2026-09-24,inactive,campaign,Autoshow Canoinhas [Chevrolet],4400096113365243,18.71,1070,788,8,2.33875,Conversas por mensagem iniciadas,1,18.71,2026-09-24,2026-09-24,
[SET]_[SN]_Carrossel_Oferta,2026-09-24,inactive,campaign,Autoshow Canoinhas [Chevrolet],4400096113365243,36.15,1748,1093,24,1.50625,Conversas por mensagem iniciadas,2,18.075,2026-09-24,2026-09-24,
[SET]_[N]_Card_Oferta - S10,2026-09-24,inactive,campaign,Autoshow Canoinhas [Chevrolet],4400096113365243,14.35,561,377,,,,,,2026-09-24,2026-09-24,
[SET]_[PV]_Vídeo_Condição,2026-09-24,inactive,campaign,Autoshow Canoinhas [Chevrolet],4400096113365243,17.41,718,573,4,4.3525,Conversas por mensagem iniciadas,1,17.41,2026-09-24,2026-09-24,
[SET]_[N]_Card_Consórcio Day [Permanente],2026-09-24,inactive,campaign,Autoshow Canoinhas [Chevrolet],4400096113365243,4.46,188,169,1,4.46,,,,2026-09-24,2026-09-24,
[SET]_[PV]_Vídeo_Condição,2026-09-23,inactive,campaign,Autoshow Canoinhas [Chevrolet],4400096113365243,22.25,1181,934,7,3.17857143,Conversas por mensagem iniciadas,1,22.25,2026-09-23,2026-09-23,
[SET]_[N]_Card_Consórcio Day [Permanente],2026-09-23,inactive,campaign,Autoshow Canoinhas [Chevrolet],4400096113365243,6.36,221,200,1,6.36,Conversas por mensagem iniciadas,1,6.36,2026-09-23,2026-09-23,
[SET]_[N]_Card_Oferta - TM [2],2026-09-23,inactive,campaign,Autoshow Canoinhas [Chevrolet],4400096113365243,65.62,4885,3457,39,1.6825641,Conversas por mensagem iniciadas,3,21.87333333,2026-09-23,2026-09-23,
[SET]_[N]_Card_Operação_Consórcio,2026-09-23,inactive,campaign,Autoshow Canoinhas [Chevrolet],4400096113365243,13.96,578,439,2,6.98,,,,2026-09-23,2026-09-23,
[SET]_[N]_Card_Oferta - S10,2026-09-23,inactive,campaign,Autoshow Canoinhas [Chevrolet],4400096113365243,19.24,987,769,11,1.74909091,Conversas por mensagem iniciadas,3,6.41333333,2026-09-23,2026-09-23,
[SET]_[N]_Card_Oferta - Feirão,2026-09-23,inactive,campaign,Autoshow Canoinhas [Chevrolet],4400096113365243,15,639,522,3,5,Conversas por mensagem iniciadas,2,7.5,2026-09-23,2026-09-23,
[SET]_[SN]_Carrossel_Oferta,2026-09-23,inactive,campaign,Autoshow Canoinhas [Chevrolet],4400096113365243,38.25,1791,1202,33,1.15909091,Conversas por mensagem iniciadas,2,19.125,2026-09-23,2026-09-23,
[SET]_[SN]_Carrossel_Oferta,2026-09-22,inactive,campaign,Autoshow Canoinhas [Chevrolet],4400096113365243,61.52,2673,1608,42,1.4647619,Conversas por mensagem iniciadas,9,6.83555556,2026-09-22,2026-09-22,
[SET]_[N]_Card_Oferta - S10,2026-09-22,inactive,campaign,Autoshow Canoinhas [Chevrolet],4400096113365243,30.5,1285,819,1,30.5,,,,2026-09-22,2026-09-22,
[SET]_[PV]_Vídeo_Condição,2026-09-22,inactive,campaign,Autoshow Canoinhas [Chevrolet],4400096113365243,28.14,1228,1003,18,1.56333333,Conversas por mensagem iniciadas,1,28.14,2026-09-22,2026-09-22,
[SET]_[N]_Card_Oferta - TM [2],2026-09-22,inactive,campaign,Autoshow Canoinhas [Chevrolet],4400096113365243,144.85,10398,6934,69,2.09927536,Conversas por mensagem iniciadas,3,48.28333333,2026-09-22,2026-09-22,
[SET]_[N]_Card_Consórcio Day [Permanente],2026-09-22,inactive,campaign,Autoshow Canoinhas [Chevrolet],4400096113365243,9.56,377,323,2,4.78,Conversas por mensagem iniciadas,1,9.56,2026-09-22,2026-09-22,
[SET]_[SN]_Carrossel_Oferta,2026-09-21,inactive,campaign,Autoshow Canoinhas [Chevrolet],4400096113365243,46.85,1506,923,38,1.23289474,Conversas por mensagem iniciadas,5,9.37,2026-09-21,2026-09-21,
[SET]_[N]_Card_Oferta - S10,2026-09-21,inactive,campaign,Autoshow Canoinhas [Chevrolet],4400096113365243,27.93,1064,811,12,2.3275,Conversas por mensagem iniciadas,2,13.965,2026-09-21,2026-09-21,
[SET]_[PV]_Vídeo_Condição,2026-09-21,inactive,campaign,Autoshow Canoinhas [Chevrolet],4400096113365243,19.35,1224,1001,6,3.225,,,,2026-09-21,2026-09-21,
[SET]_[N]_Card_Oferta - TM [2],2026-09-21,inactive,campaign,Autoshow Canoinhas [Chevrolet],4400096113365243,128.49,9037,5683,55,2.33618182,,,,2026-09-21,2026-09-21,
[SET]_[N]_Card_Consórcio Day [Permanente],2026-09-21,inactive,campaign,Autoshow Canoinhas [Chevrolet],4400096113365243,9.35,275,259,,,,,,2026-09-21,2026-09-21,
[SET]_[N]_Card_Oferta - TM [2],2026-09-20,inactive,campaign,Autoshow Canoinhas [Chevrolet],4400096113365243,93.07,7825,4929,61,1.5257377,Conversas por mensagem iniciadas,7,13.29571429,2026-09-20,2026-09-20,
[SET]_[N]_Card_Consórcio Day [Permanente],2026-09-20,inactive,campaign,Autoshow Canoinhas [Chevrolet],4400096113365243,5.32,266,237,1,5.32,,,,2026-09-20,2026-09-20,
[SET]_[SN]_Carrossel_Oferta,2026-09-20,inactive,campaign,Autoshow Canoinhas [Chevrolet],4400096113365243,35.91,1918,1297,23,1.56130435,Conversas por mensagem iniciadas,3,11.97,2026-09-20,2026-09-20,
[SET]_[PV]_Vídeo_Condição,2026-09-20,inactive,campaign,Autoshow Canoinhas [Chevrolet],4400096113365243,18.64,1456,1001,6,3.10666667,,,,2026-09-20,2026-09-20,
[SET]_[N]_Card_Oferta - S10,2026-09-20,inactive,campaign,Autoshow Canoinhas [Chevrolet],4400096113365243,17.07,815,563,1,17.07,,,,2026-09-20,2026-09-20,
[SET]_[SN]_Carrossel_Oferta,2026-09-19,inactive,campaign,Autoshow Canoinhas [Chevrolet],4400096113365243,29.9,1593,1038,14,2.13571429,Conversas por mensagem iniciadas,3,9.96666667,2026-09-19,2026-09-19,
[SET]_[SN]_Card_Condição_72H,2026-09-19,inactive,campaign,Autoshow Canoinhas [Chevrolet],4400096113365243,312.83,12407,7345,101,3.09732673,Conversas por mensagem iniciadas,18,17.37944444,2026-09-19,2026-09-19,
[SET]_[N]_Card_Oferta - S10,2026-09-19,inactive,campaign,Autoshow Canoinhas [Chevrolet],4400096113365243,16.1,700,387,2,8.05,Conversas por mensagem iniciadas,1,16.1,2026-09-19,2026-09-19,
[SET]_[PV]_Vídeo_Condição,2026-09-19,inactive,campaign,Autoshow Canoinhas [Chevrolet],4400096113365243,17,1153,869,5,3.4,,,,2026-09-19,2026-09-19,
[SET]_[N]_Card_Oferta - TM [2],2026-09-19,inactive,campaign,Autoshow Canoinhas [Chevrolet],4400096113365243,113.04,9360,5988,66,1.71272727,Conversas por mensagem iniciadas,3,37.68,2026-09-19,2026-09-19,
[SET]_[N]_Card_Consórcio Day [Permanente],2026-09-19,inactive,campaign,Autoshow Canoinhas [Chevrolet],4400096113365243,1.88,106,101,,,,,,2026-09-19,2026-09-19,
[SET]_[N]_Card_Oferta - TM [2],2026-09-18,inactive,campaign,Autoshow Canoinhas [Chevrolet],4400096113365243,135.95,9555,6305,57,2.38508772,Conversas por mensagem iniciadas,8,16.99375,2026-09-18,2026-09-18,
[SET]_[SN]_Carrossel_Oferta,2026-09-18,inactive,campaign,Autoshow Canoinhas [Chevrolet],4400096113365243,45.29,2079,1254,38,1.19184211,Conversas por mensagem iniciadas,5,9.058,2026-09-18,2026-09-18,
[SET]_[SN]_Card_Condição_72H,2026-09-18,inactive,campaign,Autoshow Canoinhas [Chevrolet],4400096113365243,475.97,17887,10314,134,3.55201493,Conversas por mensagem iniciadas,26,18.30653846,2026-09-18,2026-09-18,
[SET]_[N]_Card_Oferta - S10,2026-09-18,inactive,campaign,Autoshow Canoinhas [Chevrolet],4400096113365243,32.38,1883,1284,13,2.49076923,Conversas por mensagem iniciadas,5,6.476,2026-09-18,2026-09-18,
[SET]_[PV]_Vídeo_Condição,2026-09-18,inactive,campaign,Autoshow Canoinhas [Chevrolet],4400096113365243,19.78,1346,1024,7,2.82571429,,,,2026-09-18,2026-09-18,
[SET]_[N]_Card_Consórcio Day [Permanente],2026-09-18,inactive,campaign,Autoshow Canoinhas [Chevrolet],4400096113365243,4.36,136,122,1,4.36,Conversas por mensagem iniciadas,1,4.36,2026-09-18,2026-09-18,
[SET]_[SN]_Carrossel_Oferta,2026-09-17,inactive,campaign,Autoshow Canoinhas [Chevrolet],4400096113365243,25.93,1073,682,17,1.52529412,Conversas por mensagem iniciadas,1,25.93,2026-09-17,2026-09-17,
[SET]_[SN]_Card_Condição_72H,2026-09-17,inactive,campaign,Autoshow Canoinhas [Chevrolet],4400096113365243,391.63,13806,7602,123,3.18398374,Conversas por mensagem iniciadas,26,15.06269231,2026-09-17,2026-09-17,
[SET]_[N]_Card_Oferta - S10,2026-09-17,inactive,campaign,Autoshow Canoinhas [Chevrolet],4400096113365243,79.79,5542,3985,43,1.8555814,Conversas por mensagem iniciadas,4,19.9475,2026-09-17,2026-09-17,
[SET]_[PV]_Vídeo_Condição,2026-09-17,inactive,campaign,Autoshow Canoinhas [Chevrolet],4400096113365243,16.53,1263,918,2,8.265,,,,2026-09-17,2026-09-17,
[SET]_[N]_Card_Oferta - TM [2],2026-09-17,inactive,campaign,Autoshow Canoinhas [Chevrolet],4400096113365243,129.13,10310,6688,71,1.81873239,Conversas por mensagem iniciadas,2,64.565,2026-09-17,2026-09-17,
[SET]_[N]_Card_Consórcio Day [Permanente],2026-09-17,inactive,campaign,Autoshow Canoinhas [Chevrolet],4400096113365243,4.93,187,167,2,2.465,Conversas por mensagem iniciadas,1,4.93,2026-09-17,2026-09-17,
[SET]_[N]_Card_Oferta - S10,2026-09-16,inactive,campaign,Autoshow Canoinhas [Chevrolet],4400096113365243,92.8,7122,4747,51,1.81960784,Conversas por mensagem iniciadas,2,46.4,2026-09-16,2026-09-16,
[SET]_[PV]_Vídeo_Condição,2026-09-16,inactive,campaign,Autoshow Canoinhas [Chevrolet],4400096113365243,20.15,1416,1014,6,3.35833333,,,,2026-09-16,2026-09-16,
[SET]_[N]_Card_Oferta - TM [2],2026-09-16,inactive,campaign,Autoshow Canoinhas [Chevrolet],4400096113365243,122.04,8547,5821,73,1.67178082,Conversas por mensagem iniciadas,4,30.51,2026-09-16,2026-09-16,
[SET]_[N]_Card_Consórcio Day [Permanente],2026-09-16,inactive,campaign,Autoshow Canoinhas [Chevrolet],4400096113365243,7.46,233,210,1,7.46,,,,2026-09-16,2026-09-16,
[JUN]_[SN]_Carrossel_Oferta,2026-09-16,inactive,campaign,Autoshow Canoinhas [Chevrolet],4400096113365243,9.15,683,457,20,0.4575,,,,2026-09-16,2026-09-16,
[JUN]_[SN]_Carrossel_Oferta,2026-09-15,inactive,campaign,Autoshow Canoinhas [Chevrolet],4400096113365243,33.93,2396,1297,56,0.60589286,Conversas por mensagem iniciadas,6,5.655,2026-09-15,2026-09-15,
[SET]_[N]_Card_Consórcio Day [Permanente],2026-09-15,inactive,campaign,Autoshow Canoinhas [Chevrolet],4400096113365243,8.26,273,255,1,8.26,Conversas por mensagem iniciadas,1,8.26,2026-09-15,2026-09-15,
[SET]_[PV]_Vídeo_Condição,2026-09-15,inactive,campaign,Autoshow Canoinhas [Chevrolet],4400096113365243,22.82,1608,1193,6,3.80333333,,,,2026-09-15,2026-09-15,
[SET]_[N]_Card_Oferta - S10,2026-09-15,inactive,campaign,Autoshow Canoinhas [Chevrolet],4400096113365243,78.36,5357,3971,44,1.78090909,Conversas por mensagem iniciadas,4,19.59,2026-09-15,2026-09-15,
[SET]_[PV]_Vídeo_Condição,2026-09-14,inactive,campaign,Autoshow Canoinhas [Chevrolet],4400096113365243,21.9,1520,1068,8,2.7375,Conversas por mensagem iniciadas,1,21.9,2026-09-14,2026-09-14,
[SET]_[N]_Card_Oferta - TM [2],2026-09-14,inactive,campaign,Autoshow Canoinhas [Chevrolet],4400096113365243,105.95,6567,4092,30,3.53166667,Conversas por mensagem iniciadas,3,35.31666667,2026-09-14,2026-09-14,
[SET]_[N]_Card_Consórcio Day [Permanente],2026-09-14,inactive,campaign,Autoshow Canoinhas [Chevrolet],4400096113365243,7.48,214,199,2,3.74,Conversas por mensagem iniciadas,2,3.74,2026-09-14,2026-09-14,
[JUN]_[SN]_Carrossel_Oferta,2026-09-14,inactive,campaign,Autoshow Canoinhas [Chevrolet],4400096113365243,41.44,2529,1444,73,0.56767123,Conversas por mensagem iniciadas,13,3.18769231,2026-09-14,2026-09-14,
[SET]_[PV]_Vídeo_Condição,2026-09-13,inactive,campaign,Autoshow Canoinhas [Chevrolet],4400096113365243,21.74,1462,987,4,5.435,,,,2026-09-13,2026-09-13,
[SET]_[N]_Card_Oferta - TM [2],2026-09-13,inactive,campaign,Autoshow Canoinhas [Chevrolet],4400096113365243,93.7,6584,3807,46,2.03695652,Conversas por mensagem iniciadas,1,93.7,2026-09-13,2026-09-13,
[SET]_[N]_Card_Consórcio Day [Permanente],2026-09-13,inactive,campaign,Autoshow Canoinhas [Chevrolet],4400096113365243,7.58,176,163,1,7.58,Conversas por mensagem iniciadas,1,7.58,2026-09-13,2026-09-13,
[JUN]_[SN]_Carrossel_Oferta,2026-09-13,inactive,campaign,Autoshow Canoinhas [Chevrolet],4400096113365243,38.11,2329,1258,68,0.56044118,Conversas por mensagem iniciadas,2,19.055,2026-09-13,2026-09-13,
[SET]_[PV]_Vídeo_Condição,2026-09-12,inactive,campaign,Autoshow Canoinhas [Chevrolet],4400096113365243,17.1,1110,807,4,4.275,Conversas por mensagem iniciadas,1,17.1,2026-09-12,2026-09-12,
[SET]_[N]_Card_Oferta - TM [2],2026-09-12,inactive,campaign,Autoshow Canoinhas [Chevrolet],4400096113365243,49.15,3439,2295,12,4.09583333,Conversas por mensagem iniciadas,1,49.15,2026-09-12,2026-09-12,
[SET]_[N]_Card_Consórcio Day [Permanente],2026-09-12,inactive,campaign,Autoshow Canoinhas [Chevrolet],4400096113365243,2.07,124,118,,,,,,2026-09-12,2026-09-12,
[JUN]_[SN]_Carrossel_Oferta,2026-09-12,inactive,campaign,Autoshow Canoinhas [Chevrolet],4400096113365243,15.38,1087,671,31,0.49612903,Conversas por mensagem iniciadas,5,3.076,2026-09-12,2026-09-12,
[SET]_[N]_Card_Consórcio Day [Permanente],2026-09-11,inactive,campaign,Autoshow Canoinhas [Chevrolet],4400096113365243,3.35,176,159,,,,,,2026-09-11,2026-09-11,
[JUN]_[SN]_Carrossel_Oferta,2026-09-11,inactive,campaign,Autoshow Canoinhas [Chevrolet],4400096113365243,28.38,1819,1382,74,0.38351351,Conversas por mensagem iniciadas,8,3.5475,2026-09-11,2026-09-11,
[SET]_[N]_Card_Oferta - TM [2],2026-09-11,inactive,campaign,Autoshow Canoinhas [Chevrolet],4400096113365243,77.93,4963,2900,31,2.51387097,Conversas por mensagem iniciadas,2,38.965,2026-09-11,2026-09-11,
[SET]_[PV]_Vídeo_Condição,2026-09-11,inactive,campaign,Autoshow Canoinhas [Chevrolet],4400096113365243,8.76,426,335,2,4.38,,,,2026-09-11,2026-09-11,
[SET]_[N]_Card_Oferta - TM [2],2026-09-10,inactive,campaign,Autoshow Canoinhas [Chevrolet],4400096113365243,113.64,6104,3652,32,3.55125,Conversas por mensagem iniciadas,7,16.23428571,2026-09-10,2026-09-10,
[SET]_[N]_Card_Consórcio Day [Permanente],2026-09-10,inactive,campaign,Autoshow Canoinhas [Chevrolet],4400096113365243,6.54,289,254,2,3.27,Conversas por mensagem iniciadas,2,3.27,2026-09-10,2026-09-10,
[JUN]_[SN]_Carrossel_Oferta,2026-09-10,inactive,campaign,Autoshow Canoinhas [Chevrolet],4400096113365243,22.5,1344,995,59,0.38135593,Conversas por mensagem iniciadas,3,7.5,2026-09-10,2026-09-10,
[SET]_[N]_Card_Oferta - TM [2],2026-09-09,inactive,campaign,Autoshow Canoinhas [Chevrolet],4400096113365243,151.09,8868,5710,45,3.35755556,Conversas por mensagem iniciadas,4,37.7725,2026-09-09,2026-09-09,
[SET]_[N]_Card_Consórcio Day [Permanente],2026-09-09,inactive,campaign,Autoshow Canoinhas [Chevrolet],4400096113365243,9.61,409,366,2,4.805,Conversas por mensagem iniciadas,1,9.61,2026-09-09,2026-09-09,
[JUN]_[SN]_Carrossel_Oferta,2026-09-09,inactive,campaign,Autoshow Canoinhas [Chevrolet],4400096113365243,29.38,1386,963,73,0.40246575,Conversas por mensagem iniciadas,3,9.79333333,2026-09-09,2026-09-09,
[SET]_[N]_Card_Oferta - TM [2],2026-09-08,inactive,campaign,Autoshow Canoinhas [Chevrolet],4400096113365243,37,1945,1520,13,2.84615385,Conversas por mensagem iniciadas,1,37,2026-09-08,2026-09-08,
[SET]_[N]_Card_Oferta - TM,2026-09-08,inactive,campaign,Autoshow Canoinhas [Chevrolet],4400096113365243,134.26,9597,6343,40,3.3565,Conversas por mensagem iniciadas,3,44.75333333,2026-09-08,2026-09-08,
[SET]_[N]_Card_Consórcio Day [Permanente],2026-09-08,inactive,campaign,Autoshow Canoinhas [Chevrolet],4400096113365243,9.38,384,343,4,2.345,Conversas por mensagem iniciadas,3,3.12666667,2026-09-08,2026-09-08,
[JUN]_[SN]_Carrossel_Oferta,2026-09-08,inactive,campaign,Autoshow Canoinhas [Chevrolet],4400096113365243,33.21,1724,1225,68,0.48838235,Conversas por mensagem iniciadas,5,6.642,2026-09-08,2026-09-08,
[JUN]_[SN]_Carrossel_Oferta,2026-09-07,inactive,campaign,Autoshow Canoinhas [Chevrolet],4400096113365243,38.88,2058,1462,88,0.44181818,Conversas por mensagem iniciadas,14,2.77714286,2026-09-07,2026-09-07,
[SET]_[N]_Card_Consórcio Day [Permanente],2026-09-07,inactive,campaign,Autoshow Canoinhas [Chevrolet],4400096113365243,4.94,331,285,1,4.94,Conversas por mensagem iniciadas,1,4.94,2026-09-07,2026-09-07,
[SET]_[N]_Card_Oferta - TM,2026-09-07,inactive,campaign,Autoshow Canoinhas [Chevrolet],4400096113365243,65.21,6602,4626,46,1.4176087,Conversas por mensagem iniciadas,2,32.605,2026-09-07,2026-09-07,
[SET]_[N]_Card_Oferta - TM,2026-09-06,inactive,campaign,Autoshow Canoinhas [Chevrolet],4400096113365243,61.47,5742,3836,47,1.30787234,Conversas por mensagem iniciadas,2,30.735,2026-09-06,2026-09-06,
[SET]_[N]_Card_Consórcio Day [Permanente],2026-09-06,inactive,campaign,Autoshow Canoinhas [Chevrolet],4400096113365243,5.93,308,256,1,5.93,,,,2026-09-06,2026-09-06,
[JUN]_[SN]_Carrossel_Oferta,2026-09-06,inactive,campaign,Autoshow Canoinhas [Chevrolet],4400096113365243,42.27,2161,1595,66,0.64045455,Conversas por mensagem iniciadas,8,5.28375,2026-09-06,2026-09-06,
[SET]_[N]_Card_Oferta - TM,2026-09-05,inactive,campaign,Autoshow Canoinhas [Chevrolet],4400096113365243,51.42,3960,2679,34,1.51235294,Conversas por mensagem iniciadas,4,12.855,2026-09-05,2026-09-05,
[SET]_[N]_Card_Consórcio Day [Permanente],2026-09-05,inactive,campaign,Autoshow Canoinhas [Chevrolet],4400096113365243,2.53,211,185,1,2.53,,,,2026-09-05,2026-09-05,
[JUN]_[SN]_Carrossel_Oferta,2026-09-05,inactive,campaign,Autoshow Canoinhas [Chevrolet],4400096113365243,17.6,899,741,29,0.60689655,Conversas por mensagem iniciadas,5,3.52,2026-09-05,2026-09-05,
[SET]_[N]_Card_Oferta - TM,2026-09-04,inactive,campaign,Autoshow Canoinhas [Chevrolet],4400096113365243,65.82,4945,3305,28,2.35071429,Conversas por mensagem iniciadas,2,32.91,2026-09-04,2026-09-04,
[SET]_[N]_Card_Consórcio Day [Permanente],2026-09-04,inactive,campaign,Autoshow Canoinhas [Chevrolet],4400096113365243,3.69,206,192,1,3.69,Conversas por mensagem iniciadas,1,3.69,2026-09-04,2026-09-04,
[JUN]_[SN]_Carrossel_Oferta,2026-09-04,inactive,campaign,Autoshow Canoinhas [Chevrolet],4400096113365243,24.9,1462,1095,49,0.50816327,Conversas por mensagem iniciadas,6,4.15,2026-09-04,2026-09-04,
[JUN]_[SN]_Carrossel_Oferta,2026-09-03,inactive,campaign,Autoshow Canoinhas [Chevrolet],4400096113365243,26.28,1391,1054,44,0.59727273,Conversas por mensagem iniciadas,3,8.76,2026-09-03,2026-09-03,
[SET]_[N]_Card_Oferta - TM,2026-09-03,inactive,campaign,Autoshow Canoinhas [Chevrolet],4400096113365243,109.63,6484,4306,48,2.28395833,Conversas por mensagem iniciadas,1,109.63,2026-09-03,2026-09-03,
[SET]_[N]_Card_Consórcio Day [Permanente],2026-09-03,inactive,campaign,Autoshow Canoinhas [Chevrolet],4400096113365243,7.35,326,315,,,,,,2026-09-03,2026-09-03,
[JUN]_[SN]_Carrossel_Oferta,2026-09-02,inactive,campaign,Autoshow Canoinhas [Chevrolet],4400096113365243,28.34,2227,1491,48,0.59041667,Conversas por mensagem iniciadas,9,3.14888889,2026-09-02,2026-09-02,
[SET]_[N]_Card_Oferta - TM,2026-09-02,inactive,campaign,Autoshow Canoinhas [Chevrolet],4400096113365243,81.73,4539,2820,25,3.2692,Conversas por mensagem iniciadas,1,81.73,2026-09-02,2026-09-02,
[SET]_[N]_Card_Consórcio Day [Permanente],2026-09-02,inactive,campaign,Autoshow Canoinhas [Chevrolet],4400096113365243,6.22,164,155,2,3.11,Conversas por mensagem iniciadas,1,6.22,2026-09-02,2026-09-02,
[SET]_[N]_Card_Consórcio Day [Permanente],2026-09-01,inactive,campaign,Autoshow Canoinhas [Chevrolet],4400096113365243,8.92,353,317,3,2.97333333,,,,2026-09-01,2026-09-01,
[SET]_[N]_Card_Oferta - TM,2026-09-01,inactive,campaign,Autoshow Canoinhas [Chevrolet],4400096113365243,73.89,4880,3509,27,2.73666667,Conversas por mensagem iniciadas,3,24.63,2026-09-01,2026-09-01,
[JUN]_[SN]_Carrossel_Oferta,2026-09-01,inactive,campaign,Autoshow Canoinhas [Chevrolet],4400096113365243,32.82,2124,1470,62,0.52935484,Conversas por mensagem iniciadas,9,3.64666667,2026-09-01,2026-09-01,
[SET]_[N]_Card_Operação_Consórcio,2026-09-30,active,campaign,AutoShow Campos Novos [Chevrolet],1141449996287746,1.95,208,189,,,,,,2026-09-30,2026-09-30,
[SET]_[N]_Card_Oferta - Feirão prorrogada,2026-09-30,active,campaign,AutoShow Campos Novos [Chevrolet],1141449996287746,11.5,506,324,2,5.75,,,,2026-09-30,2026-09-30,
[SET]_[N]_Card_Oferta - S10,2026-09-30,active,campaign,AutoShow Campos Novos [Chevrolet],1141449996287746,5.86,404,355,1,5.86,,,,2026-09-30,2026-09-30,
[SET]_[PV]_Vídeo_Condição,2026-09-30,active,campaign,AutoShow Campos Novos [Chevrolet],1141449996287746,4.57,226,202,6,0.76166667,,,,2026-09-30,2026-09-30,
[SET]_[N]_Card_Consórcio Day [Permanente],2026-09-30,active,campaign,AutoShow Campos Novos [Chevrolet],1141449996287746,5.68,274,236,1,5.68,,,,2026-09-30,2026-09-30,
[SET]_[PV]_Vídeo_Condição,2026-09-29,active,campaign,AutoShow Campos Novos [Chevrolet],1141449996287746,13.23,494,400,3,4.41,Conversas por mensagem iniciadas,1,13.23,2026-09-29,2026-09-29,
[SET]_[N]_Card_Consórcio Day [Permanente],2026-09-29,active,campaign,AutoShow Campos Novos [Chevrolet],1141449996287746,9.37,553,461,1,9.37,Conversas por mensagem iniciadas,1,9.37,2026-09-29,2026-09-29,
[SET]_[N]_Card_Oferta - S10,2026-09-29,active,campaign,AutoShow Campos Novos [Chevrolet],1141449996287746,14.37,688,563,3,4.79,,,,2026-09-29,2026-09-29,
[SET]_[N]_Card_Oferta - Feirão prorrogada,2026-09-29,active,campaign,AutoShow Campos Novos [Chevrolet],1141449996287746,38.63,1517,803,7,5.51857143,Conversas por mensagem iniciadas,1,38.63,2026-09-29,2026-09-29,
[SET]_[N]_Card_Operação_Consórcio,2026-09-29,active,campaign,AutoShow Campos Novos [Chevrolet],1141449996287746,12.1,1074,931,4,3.025,Conversas por mensagem iniciadas,1,12.1,2026-09-29,2026-09-29,
[SET]_[N]_Card_Operação_Consórcio,2026-09-28,active,campaign,AutoShow Campos Novos [Chevrolet],1141449996287746,14.43,1226,1024,10,1.443,,,,2026-09-28,2026-09-28,
[SET]_[N]_Card_Oferta - Feirão prorrogada,2026-09-28,active,campaign,AutoShow Campos Novos [Chevrolet],1141449996287746,47.04,1875,1107,9,5.22666667,Conversas por mensagem iniciadas,2,23.52,2026-09-28,2026-09-28,
[SET]_[N]_Card_Oferta - S10,2026-09-28,active,campaign,AutoShow Campos Novos [Chevrolet],1141449996287746,10.02,340,279,4,2.505,,,,2026-09-28,2026-09-28,
[SET]_[PV]_Vídeo_Condição,2026-09-28,active,campaign,AutoShow Campos Novos [Chevrolet],1141449996287746,11.66,374,298,7,1.66571429,,,,2026-09-28,2026-09-28,
[SET]_[N]_Card_Consórcio Day [Permanente],2026-09-28,active,campaign,AutoShow Campos Novos [Chevrolet],1141449996287746,7.87,373,324,,,,,,2026-09-28,2026-09-28,
[SET]_[PV]_Vídeo_Condição,2026-09-27,active,campaign,AutoShow Campos Novos [Chevrolet],1141449996287746,9.72,394,330,1,9.72,,,,2026-09-27,2026-09-27,
[SET]_[N]_Card_Consórcio Day [Permanente],2026-09-27,active,campaign,AutoShow Campos Novos [Chevrolet],1141449996287746,4.63,355,309,,,,,,2026-09-27,2026-09-27,
[SET]_[N]_Card_Operação_Consórcio,2026-09-27,active,campaign,AutoShow Campos Novos [Chevrolet],1141449996287746,8.58,853,696,3,2.86,,,,2026-09-27,2026-09-27,
[SET]_[N]_Card_Oferta - S10,2026-09-27,active,campaign,AutoShow Campos Novos [Chevrolet],1141449996287746,8.39,532,413,4,2.0975,,,,2026-09-27,2026-09-27,
[SET]_[N]_Card_Oferta - Feirão prorrogada,2026-09-27,active,campaign,AutoShow Campos Novos [Chevrolet],1141449996287746,28.54,1880,1133,13,2.19538462,Conversas por mensagem iniciadas,1,28.54,2026-09-27,2026-09-27,
[SET]_[N]_Card_Operação_Consórcio,2026-09-26,active,campaign,AutoShow Campos Novos [Chevrolet],1141449996287746,8.55,845,710,6,1.425,,,,2026-09-26,2026-09-26,
[SET]_[N]_Card_Oferta - Feirão prorrogada,2026-09-26,active,campaign,AutoShow Campos Novos [Chevrolet],1141449996287746,21.13,1270,724,6,3.52166667,Conversas por mensagem iniciadas,4,5.2825,2026-09-26,2026-09-26,
[SET]_[N]_Card_Oferta - S10,2026-09-26,active,campaign,AutoShow Campos Novos [Chevrolet],1141449996287746,7.17,655,564,3,2.39,,,,2026-09-26,2026-09-26,
[SET]_[PV]_Vídeo_Condição,2026-09-26,active,campaign,AutoShow Campos Novos [Chevrolet],1141449996287746,7.26,558,506,,,,,,2026-09-26,2026-09-26,
[SET]_[N]_Card_Consórcio Day [Permanente],2026-09-26,active,campaign,AutoShow Campos Novos [Chevrolet],1141449996287746,1.76,152,142,,,,,,2026-09-26,2026-09-26,
[SET]_[N]_Card_Operação_Consórcio,2026-09-25,active,campaign,AutoShow Campos Novos [Chevrolet],1141449996287746,14.17,882,679,5,2.834,,,,2026-09-25,2026-09-25,
[SET]_[N]_Card_Oferta - Feirão prorrogada,2026-09-25,active,campaign,AutoShow Campos Novos [Chevrolet],1141449996287746,39.98,1909,983,13,3.07538462,,,,2026-09-25,2026-09-25,
[SET]_[N]_Card_Oferta - S10,2026-09-25,active,campaign,AutoShow Campos Novos [Chevrolet],1141449996287746,11.97,576,463,2,5.985,,,,2026-09-25,2026-09-25,
[SET]_[PV]_Vídeo_Condição,2026-09-25,active,campaign,AutoShow Campos Novos [Chevrolet],1141449996287746,13.16,582,455,5,2.632,,,,2026-09-25,2026-09-25,
[SET]_[N]_Card_Consórcio Day [Permanente],2026-09-25,active,campaign,AutoShow Campos Novos [Chevrolet],1141449996287746,3.9,247,213,2,1.95,Conversas por mensagem iniciadas,2,1.95,2026-09-25,2026-09-25,
[SET]_[PV]_Vídeo_Condição,2026-09-24,active,campaign,AutoShow Campos Novos [Chevrolet],1141449996287746,18.17,819,595,7,2.59571429,Conversas por mensagem iniciadas,1,18.17,2026-09-24,2026-09-24,
[SET]_[N]_Card_Consórcio Day [Permanente],2026-09-24,active,campaign,AutoShow Campos Novos [Chevrolet],1141449996287746,5.58,375,340,1,5.58,,,,2026-09-24,2026-09-24,
[SET]_[N]_Card_Oferta - Feirão prorrogada,2026-09-24,active,campaign,AutoShow Campos Novos [Chevrolet],1141449996287746,68.3,3039,1825,19,3.59473684,Conversas por mensagem iniciadas,1,68.3,2026-09-24,2026-09-24,
[SET]_[N]_Card_Oferta - S10,2026-09-24,active,campaign,AutoShow Campos Novos [Chevrolet],1141449996287746,17.89,992,674,5,3.578,,,,2026-09-24,2026-09-24,
[SET]_[N]_Card_Operação_Consórcio,2026-09-24,active,campaign,AutoShow Campos Novos [Chevrolet],1141449996287746,8.51,338,264,3,2.83666667,,,,2026-09-24,2026-09-24,
[SET]_[N]_Card_Oferta - Feirão prorrogada,2026-09-23,active,campaign,AutoShow Campos Novos [Chevrolet],1141449996287746,17.78,1332,956,6,2.96333333,Conversas por mensagem iniciadas,1,17.78,2026-09-23,2026-09-23,
[SET]_[N]_Card_Oferta - S10,2026-09-23,active,campaign,AutoShow Campos Novos [Chevrolet],1141449996287746,21.11,1725,1168,8,2.63875,,,,2026-09-23,2026-09-23,
[SET]_[PV]_Vídeo_Condição,2026-09-23,active,campaign,AutoShow Campos Novos [Chevrolet],1141449996287746,21.35,1036,660,6,3.55833333,Conversas por mensagem iniciadas,1,21.35,2026-09-23,2026-09-23,
[SET]_[N]_Card_Oferta - TM [2],2026-09-23,inactive,campaign,AutoShow Campos Novos [Chevrolet],1141449996287746,41.6,4352,3102,19,2.18947368,Conversas por mensagem iniciadas,4,10.4,2026-09-23,2026-09-23,
[JUN]_[SN]_Carrossel_Oferta,2026-09-23,inactive,campaign,AutoShow Campos Novos [Chevrolet],1141449996287746,23.02,1071,779,10,2.302,,,,2026-09-23,2026-09-23,
[SET]_[N]_Card_Consórcio Day [Permanente],2026-09-23,active,campaign,AutoShow Campos Novos [Chevrolet],1141449996287746,8.13,536,479,3,2.71,Conversas por mensagem iniciadas,1,8.13,2026-09-23,2026-09-23,
[SET]_[N]_Card_Oferta - S10,2026-09-22,active,campaign,AutoShow Campos Novos [Chevrolet],1141449996287746,33.64,1456,879,10,3.364,,,,2026-09-22,2026-09-22,
[SET]_[PV]_Vídeo_Condição,2026-09-22,active,campaign,AutoShow Campos Novos [Chevrolet],1141449996287746,31.71,1488,1003,9,3.52333333,Conversas por mensagem iniciadas,1,31.71,2026-09-22,2026-09-22,
[SET]_[N]_Card_Oferta - TM [2],2026-09-22,inactive,campaign,AutoShow Campos Novos [Chevrolet],1141449996287746,81.01,8137,5074,44,1.84113636,Conversas por mensagem iniciadas,4,20.2525,2026-09-22,2026-09-22,
[JUN]_[SN]_Carrossel_Oferta,2026-09-22,inactive,campaign,AutoShow Campos Novos [Chevrolet],1141449996287746,53.81,2682,1913,21,2.56238095,,,,2026-09-22,2026-09-22,
[SET]_[N]_Card_Consórcio Day [Permanente],2026-09-22,active,campaign,AutoShow Campos Novos [Chevrolet],1141449996287746,10.39,656,593,,,,,,2026-09-22,2026-09-22,
[JUN]_[SN]_Carrossel_Oferta,2026-09-21,inactive,campaign,AutoShow Campos Novos [Chevrolet],1141449996287746,41.51,2330,1430,10,4.151,,,,2026-09-21,2026-09-21,
[SET]_[N]_Card_Consórcio Day [Permanente],2026-09-21,active,campaign,AutoShow Campos Novos [Chevrolet],1141449996287746,7.69,419,377,1,7.69,,,,2026-09-21,2026-09-21,
[SET]_[PV]_Vídeo_Condição,2026-09-21,active,campaign,AutoShow Campos Novos [Chevrolet],1141449996287746,24.51,1026,572,4,6.1275,,,,2026-09-21,2026-09-21,
[SET]_[N]_Card_Oferta - TM [2],2026-09-21,inactive,campaign,AutoShow Campos Novos [Chevrolet],1141449996287746,59.08,4511,2628,27,2.18814815,Conversas por mensagem iniciadas,3,19.69333333,2026-09-21,2026-09-21,
[SET]_[N]_Card_Oferta - S10,2026-09-21,active,campaign,AutoShow Campos Novos [Chevrolet],1141449996287746,25.09,1255,903,14,1.79214286,Conversas por mensagem iniciadas,1,25.09,2026-09-21,2026-09-21,
[SET]_[N]_Card_Oferta - S10,2026-09-20,active,campaign,AutoShow Campos Novos [Chevrolet],1141449996287746,13.54,639,412,4,3.385,Conversas por mensagem iniciadas,1,13.54,2026-09-20,2026-09-20,
[SET]_[PV]_Vídeo_Condição,2026-09-20,active,campaign,AutoShow Campos Novos [Chevrolet],1141449996287746,21.36,984,778,8,2.67,,,,2026-09-20,2026-09-20,
[SET]_[N]_Card_Oferta - TM [2],2026-09-20,inactive,campaign,AutoShow Campos Novos [Chevrolet],1141449996287746,67.61,7852,4574,49,1.37979592,,,,2026-09-20,2026-09-20,
[JUN]_[SN]_Carrossel_Oferta,2026-09-20,inactive,campaign,AutoShow Campos Novos [Chevrolet],1141449996287746,26.7,1821,1288,17,1.57058824,,,,2026-09-20,2026-09-20,
[SET]_[N]_Card_Consórcio Day [Permanente],2026-09-20,active,campaign,AutoShow Campos Novos [Chevrolet],1141449996287746,4.53,318,305,1,4.53,,,,2026-09-20,2026-09-20,
[SET]_[SN]_Card_Condição_72H,2026-09-19,inactive,campaign,AutoShow Campos Novos [Chevrolet],1141449996287746,26.58,1604,1038,14,1.89857143,Conversas por mensagem iniciadas,2,13.29,2026-09-19,2026-09-19,
[SET]_[N]_Card_Oferta - S10,2026-09-19,active,campaign,AutoShow Campos Novos [Chevrolet],1141449996287746,10.26,579,310,1,10.26,Conversas por mensagem iniciadas,1,10.26,2026-09-19,2026-09-19,
[SET]_[PV]_Vídeo_Condição,2026-09-19,active,campaign,AutoShow Campos Novos [Chevrolet],1141449996287746,9.95,649,476,5,1.99,Conversas por mensagem iniciadas,1,9.95,2026-09-19,2026-09-19,
[SET]_[N]_Card_Oferta - TM [2],2026-09-19,inactive,campaign,AutoShow Campos Novos [Chevrolet],1141449996287746,83.23,9135,4898,62,1.34241935,Conversas por mensagem iniciadas,6,13.87166667,2026-09-19,2026-09-19,
[JUN]_[SN]_Carrossel_Oferta,2026-09-19,inactive,campaign,AutoShow Campos Novos [Chevrolet],1141449996287746,14.22,1154,852,12,1.185,Conversas por mensagem iniciadas,1,14.22,2026-09-19,2026-09-19,
[SET]_[N]_Card_Consórcio Day [Permanente],2026-09-19,active,campaign,AutoShow Campos Novos [Chevrolet],1141449996287746,2.62,183,167,,,,,,2026-09-19,2026-09-19,
[SET]_[N]_Card_Oferta - S10,2026-09-18,active,campaign,AutoShow Campos Novos [Chevrolet],1141449996287746,12.69,787,459,2,6.345,,,,2026-09-18,2026-09-18,
[SET]_[SN]_Card_Condição_72H,2026-09-18,inactive,campaign,AutoShow Campos Novos [Chevrolet],1141449996287746,86.38,3647,1989,25,3.4552,Conversas por mensagem iniciadas,1,86.38,2026-09-18,2026-09-18,
[SET]_[PV]_Vídeo_Condição,2026-09-18,active,campaign,AutoShow Campos Novos [Chevrolet],1141449996287746,11.41,452,365,7,1.63,Conversas por mensagem iniciadas,3,3.80333333,2026-09-18,2026-09-18,
[SET]_[N]_Card_Oferta - TM [2],2026-09-18,inactive,campaign,AutoShow Campos Novos [Chevrolet],1141449996287746,135.46,10989,5438,92,1.4723913,Conversas por mensagem iniciadas,7,19.35142857,2026-09-18,2026-09-18,
[JUN]_[SN]_Carrossel_Oferta,2026-09-18,inactive,campaign,AutoShow Campos Novos [Chevrolet],1141449996287746,24.65,1114,816,11,2.24090909,Conversas por mensagem iniciadas,1,24.65,2026-09-18,2026-09-18,
[SET]_[N]_Card_Consórcio Day [Permanente],2026-09-18,active,campaign,AutoShow Campos Novos [Chevrolet],1141449996287746,5.63,331,295,1,5.63,Conversas por mensagem iniciadas,1,5.63,2026-09-18,2026-09-18,
[SET]_[SN]_Card_Condição_72H,2026-09-17,inactive,campaign,AutoShow Campos Novos [Chevrolet],1141449996287746,116.16,5426,3028,39,2.97846154,Conversas por mensagem iniciadas,5,23.232,2026-09-17,2026-09-17,
[SET]_[N]_Card_Oferta - S10,2026-09-17,active,campaign,AutoShow Campos Novos [Chevrolet],1141449996287746,19.1,1733,1175,15,1.27333333,Conversas por mensagem iniciadas,1,19.1,2026-09-17,2026-09-17,
[SET]_[PV]_Vídeo_Condição,2026-09-17,active,campaign,AutoShow Campos Novos [Chevrolet],1141449996287746,15.39,817,656,8,1.92375,Conversas por mensagem iniciadas,3,5.13,2026-09-17,2026-09-17,
[SET]_[N]_Card_Oferta - TM [2],2026-09-17,inactive,campaign,AutoShow Campos Novos [Chevrolet],1141449996287746,143.49,12785,6588,89,1.61224719,Conversas por mensagem iniciadas,5,28.698,2026-09-17,2026-09-17,
[JUN]_[SN]_Carrossel_Oferta,2026-09-17,inactive,campaign,AutoShow Campos Novos [Chevrolet],1141449996287746,31.65,1573,1096,21,1.50714286,,,,2026-09-17,2026-09-17,
[SET]_[N]_Card_Consórcio Day [Permanente],2026-09-17,active,campaign,AutoShow Campos Novos [Chevrolet],1141449996287746,5.2,284,267,,,,,,2026-09-17,2026-09-17,
[SET]_[N]_Card_Oferta - S10,2026-09-16,active,campaign,AutoShow Campos Novos [Chevrolet],1141449996287746,26.51,2906,1965,24,1.10458333,Conversas por mensagem iniciadas,3,8.83666667,2026-09-16,2026-09-16,
[SET]_[PV]_Vídeo_Condição,2026-09-16,active,campaign,AutoShow Campos Novos [Chevrolet],1141449996287746,22.97,1274,992,9,2.55222222,,,,2026-09-16,2026-09-16,
[SET]_[N]_Card_Oferta - TM [2],2026-09-16,inactive,campaign,AutoShow Campos Novos [Chevrolet],1141449996287746,142.3,12612,6305,97,1.46701031,Conversas por mensagem iniciadas,6,23.71666667,2026-09-16,2026-09-16,
[JUN]_[SN]_Carrossel_Oferta,2026-09-16,inactive,campaign,AutoShow Campos Novos [Chevrolet],1141449996287746,38.65,2616,1621,36,1.07361111,Conversas por mensagem iniciadas,2,19.325,2026-09-16,2026-09-16,
[SET]_[N]_Card_Consórcio Day [Permanente],2026-09-16,active,campaign,AutoShow Campos Novos [Chevrolet],1141449996287746,6.85,383,347,1,6.85,,,,2026-09-16,2026-09-16,
[SET]_[PV]_Vídeo_Condição,2026-09-15,active,campaign,AutoShow Campos Novos [Chevrolet],1141449996287746,27.49,1573,1140,2,13.745,,,,2026-09-15,2026-09-15,
[SET]_[N]_Card_Consórcio Day [Permanente],2026-09-15,active,campaign,AutoShow Campos Novos [Chevrolet],1141449996287746,8.3,581,538,2,4.15,Conversas por mensagem iniciadas,1,8.3,2026-09-15,2026-09-15,
[SET]_[N]_Card_Oferta - S10,2026-09-15,active,campaign,AutoShow Campos Novos [Chevrolet],1141449996287746,22.8,1847,1343,7,3.25714286,Conversas por mensagem iniciadas,1,22.8,2026-09-15,2026-09-15,
[JUN]_[SN]_Carrossel_Oferta,2026-09-15,inactive,campaign,AutoShow Campos Novos [Chevrolet],1141449996287746,47.51,2358,1588,16,2.969375,Conversas por mensagem iniciadas,2,23.755,2026-09-15,2026-09-15,
[SET]_[PV]_Vídeo_Condição,2026-09-14,active,campaign,AutoShow Campos Novos [Chevrolet],1141449996287746,28.38,1090,849,3,9.46,Conversas por mensagem iniciadas,1,28.38,2026-09-14,2026-09-14,
[SET]_[N]_Card_Oferta - TM [2],2026-09-14,inactive,campaign,AutoShow Campos Novos [Chevrolet],1141449996287746,114.72,7667,4420,54,2.12444444,Conversas por mensagem iniciadas,1,114.72,2026-09-14,2026-09-14,
[JUN]_[SN]_Carrossel_Oferta,2026-09-14,inactive,campaign,AutoShow Campos Novos [Chevrolet],1141449996287746,39.85,1534,1096,18,2.21388889,,,,2026-09-14,2026-09-14,
[SET]_[N]_Card_Consórcio Day [Permanente],2026-09-14,active,campaign,AutoShow Campos Novos [Chevrolet],1141449996287746,7.66,334,313,2,3.83,Conversas por mensagem iniciadas,1,7.66,2026-09-14,2026-09-14,
[SET]_[PV]_Vídeo_Condição,2026-09-13,active,campaign,AutoShow Campos Novos [Chevrolet],1141449996287746,24.4,938,753,7,3.48571429,,,,2026-09-13,2026-09-13,
[SET]_[N]_Card_Oferta - TM [2],2026-09-13,inactive,campaign,AutoShow Campos Novos [Chevrolet],1141449996287746,80.7,6909,4077,41,1.96829268,Conversas por mensagem iniciadas,3,26.9,2026-09-13,2026-09-13,
[JUN]_[SN]_Carrossel_Oferta,2026-09-13,inactive,campaign,AutoShow Campos Novos [Chevrolet],1141449996287746,27.44,1168,840,9,3.04888889,Conversas por mensagem iniciadas,1,27.44,2026-09-13,2026-09-13,
[SET]_[N]_Card_Consórcio Day [Permanente],2026-09-13,active,campaign,AutoShow Campos Novos [Chevrolet],1141449996287746,5.74,266,238,1,5.74,Conversas por mensagem iniciadas,1,5.74,2026-09-13,2026-09-13,
[SET]_[N]_Card_Consórcio Day [Permanente],2026-09-12,active,campaign,AutoShow Campos Novos [Chevrolet],1141449996287746,1.8,162,146,1,1.8,Conversas por mensagem iniciadas,1,1.8,2026-09-12,2026-09-12,
[SET]_[PV]_Vídeo_Condição,2026-09-12,active,campaign,AutoShow Campos Novos [Chevrolet],1141449996287746,16.4,919,664,2,8.2,,,,2026-09-12,2026-09-12,
[SET]_[N]_Card_Oferta - TM [2],2026-09-12,inactive,campaign,AutoShow Campos Novos [Chevrolet],1141449996287746,41.78,4155,2664,31,1.34774194,Conversas por mensagem iniciadas,1,41.78,2026-09-12,2026-09-12,
[JUN]_[SN]_Carrossel_Oferta,2026-09-12,inactive,campaign,AutoShow Campos Novos [Chevrolet],1141449996287746,14.6,902,634,14,1.04285714,Conversas por mensagem iniciadas,1,14.6,2026-09-12,2026-09-12,
[SET]_[N]_Card_Oferta - TM [2],2026-09-11,inactive,campaign,AutoShow Campos Novos [Chevrolet],1141449996287746,76.57,6118,3473,36,2.12694444,Conversas por mensagem iniciadas,8,9.57125,2026-09-11,2026-09-11,
[SET]_[N]_Card_Consórcio Day [Permanente],2026-09-11,active,campaign,AutoShow Campos Novos [Chevrolet],1141449996287746,4.24,225,208,1,4.24,Conversas por mensagem iniciadas,1,4.24,2026-09-11,2026-09-11,
[SET]_[PV]_Vídeo_Condição,2026-09-11,active,campaign,AutoShow Campos Novos [Chevrolet],1141449996287746,10.84,717,531,,,,,,2026-09-11,2026-09-11,
[JUN]_[SN]_Carrossel_Oferta,2026-09-11,inactive,campaign,AutoShow Campos Novos [Chevrolet],1141449996287746,24.88,1292,840,11,2.26181818,Conversas por mensagem iniciadas,1,24.88,2026-09-11,2026-09-11,
[SET]_[N]_Card_Oferta - TM [2],2026-09-10,inactive,campaign,AutoShow Campos Novos [Chevrolet],1141449996287746,113.15,9216,4461,50,2.263,Conversas por mensagem iniciadas,1,113.15,2026-09-10,2026-09-10,
[JUN]_[SN]_Carrossel_Oferta,2026-09-10,inactive,campaign,AutoShow Campos Novos [Chevrolet],1141449996287746,38.2,2153,1286,22,1.73636364,Conversas por mensagem iniciadas,3,12.73333333,2026-09-10,2026-09-10,
[SET]_[N]_Card_Consórcio Day [Permanente],2026-09-10,active,campaign,AutoShow Campos Novos [Chevrolet],1141449996287746,7.13,404,363,1,7.13,,,,2026-09-10,2026-09-10,
[SET]_[N]_Card_Oferta - TM [2],2026-09-09,inactive,campaign,AutoShow Campos Novos [Chevrolet],1141449996287746,153.89,14577,8005,66,2.33166667,Conversas por mensagem iniciadas,5,30.778,2026-09-09,2026-09-09,
[JUN]_[SN]_Carrossel_Oferta,2026-09-09,inactive,campaign,AutoShow Campos Novos [Chevrolet],1141449996287746,53.29,3411,2294,20,2.6645,Conversas por mensagem iniciadas,1,53.29,2026-09-09,2026-09-09,
[SET]_[N]_Card_Consórcio Day [Permanente],2026-09-09,active,campaign,AutoShow Campos Novos [Chevrolet],1141449996287746,9.77,471,406,,,,,,2026-09-09,2026-09-09,
[SET]_[N]_Card_Oferta - TM [2],2026-09-08,inactive,campaign,AutoShow Campos Novos [Chevrolet],1141449996287746,39.7,3249,1947,17,2.33529412,,,,2026-09-08,2026-09-08,
[SET]_[N]_Card_Oferta - TM,2026-09-08,inactive,campaign,AutoShow Campos Novos [Chevrolet],1141449996287746,134.69,11474,5882,73,1.84506849,Conversas por mensagem iniciadas,3,44.89666667,2026-09-08,2026-09-08,
[JUN]_[SN]_Carrossel_Oferta,2026-09-08,inactive,campaign,AutoShow Campos Novos [Chevrolet],1141449996287746,39.77,3002,1870,19,2.09315789,Conversas por mensagem iniciadas,1,39.77,2026-09-08,2026-09-08,
[SET]_[N]_Card_Consórcio Day [Permanente],2026-09-08,active,campaign,AutoShow Campos Novos [Chevrolet],1141449996287746,9.21,522,438,2,4.605,Conversas por mensagem iniciadas,1,9.21,2026-09-08,2026-09-08,
[JUN]_[SN]_Carrossel_Oferta,2026-09-07,inactive,campaign,AutoShow Campos Novos [Chevrolet],1141449996287746,29.19,3386,2234,16,1.824375,,,,2026-09-07,2026-09-07,
[SET]_[N]_Card_Consórcio Day [Permanente],2026-09-07,active,campaign,AutoShow Campos Novos [Chevrolet],1141449996287746,4.71,398,338,1,4.71,,,,2026-09-07,2026-09-07,
[SET]_[N]_Card_Oferta - TM,2026-09-07,inactive,campaign,AutoShow Campos Novos [Chevrolet],1141449996287746,64.45,7388,3639,40,1.61125,Conversas por mensagem iniciadas,5,12.89,2026-09-07,2026-09-07,
[SET]_[N]_Card_Oferta - TM,2026-09-06,inactive,campaign,AutoShow Campos Novos [Chevrolet],1141449996287746,63.25,6520,3419,28,2.25892857,Conversas por mensagem iniciadas,2,31.625,2026-09-06,2026-09-06,
[JUN]_[SN]_Carrossel_Oferta,2026-09-06,inactive,campaign,AutoShow Campos Novos [Chevrolet],1141449996287746,23.71,2463,1545,31,0.76483871,Conversas por mensagem iniciadas,1,23.71,2026-09-06,2026-09-06,
[SET]_[N]_Card_Consórcio Day [Permanente],2026-09-06,active,campaign,AutoShow Campos Novos [Chevrolet],1141449996287746,5.09,366,316,1,5.09,,,,2026-09-06,2026-09-06,
[SET]_[N]_Card_Oferta - TM,2026-09-05,inactive,campaign,AutoShow Campos Novos [Chevrolet],1141449996287746,30.81,3363,1907,17,1.81235294,Conversas por mensagem iniciadas,1,30.81,2026-09-05,2026-09-05,
[JUN]_[SN]_Carrossel_Oferta,2026-09-05,inactive,campaign,AutoShow Campos Novos [Chevrolet],1141449996287746,13.54,1300,895,8,1.6925,,,,2026-09-05,2026-09-05,
[SET]_[N]_Card_Consórcio Day [Permanente],2026-09-05,active,campaign,AutoShow Campos Novos [Chevrolet],1141449996287746,3.81,273,231,,,,,,2026-09-05,2026-09-05,
[SET]_[N]_Card_Oferta - TM,2026-09-04,inactive,campaign,AutoShow Campos Novos [Chevrolet],1141449996287746,62.71,5503,3112,32,1.9596875,Conversas por mensagem iniciadas,2,31.355,2026-09-04,2026-09-04,
[JUN]_[SN]_Carrossel_Oferta,2026-09-04,inactive,campaign,AutoShow Campos Novos [Chevrolet],1141449996287746,27.11,2249,1462,16,1.694375,,,,2026-09-04,2026-09-04,
[SET]_[N]_Card_Consórcio Day [Permanente],2026-09-04,active,campaign,AutoShow Campos Novos [Chevrolet],1141449996287746,5.57,413,349,2,2.785,Conversas por mensagem iniciadas,1,5.57,2026-09-04,2026-09-04,
[SET]_[N]_Card_Oferta - TM,2026-09-03,inactive,campaign,AutoShow Campos Novos [Chevrolet],1141449996287746,100.53,7398,4002,45,2.234,Conversas por mensagem iniciadas,3,33.51,2026-09-03,2026-09-03,
[JUN]_[SN]_Carrossel_Oferta,2026-09-03,inactive,campaign,AutoShow Campos Novos [Chevrolet],1141449996287746,44.38,3039,2044,26,1.70692308,,,,2026-09-03,2026-09-03,
[SET]_[N]_Card_Consórcio Day [Permanente],2026-09-03,active,campaign,AutoShow Campos Novos [Chevrolet],1141449996287746,8.82,455,407,2,4.41,,,,2026-09-03,2026-09-03,
[SET]_[N]_Card_Consórcio Day [Permanente],2026-09-02,active,campaign,AutoShow Campos Novos [Chevrolet],1141449996287746,5.95,202,181,,,,,,2026-09-02,2026-09-02,
[SET]_[N]_Card_Oferta - TM,2026-09-02,inactive,campaign,AutoShow Campos Novos [Chevrolet],1141449996287746,98.34,8737,4163,50,1.9668,Conversas por mensagem iniciadas,2,49.17,2026-09-02,2026-09-02,
[JUN]_[SN]_Carrossel_Oferta,2026-09-02,inactive,campaign,AutoShow Campos Novos [Chevrolet],1141449996287746,29.22,1327,863,15,1.948,Conversas por mensagem iniciadas,1,29.22,2026-09-02,2026-09-02,
[JUN]_[SN]_Carrossel_Oferta,2026-09-01,inactive,campaign,AutoShow Campos Novos [Chevrolet],1141449996287746,42.62,3787,2328,37,1.15189189,Conversas por mensagem iniciadas,1,42.62,2026-09-01,2026-09-01,
[SET]_[N]_Card_Oferta - TM,2026-09-01,inactive,campaign,AutoShow Campos Novos [Chevrolet],1141449996287746,87.3,7929,4640,44,1.98409091,Conversas por mensagem iniciadas,1,87.3,2026-09-01,2026-09-01,
[SET]_[N]_Card_Consórcio Day [Permanente],2026-09-01,active,campaign,AutoShow Campos Novos [Chevrolet],1141449996287746,22.48,1103,826,1,22.48,Conversas por mensagem iniciadas,1,22.48,2026-09-01,2026-09-01,
