Nome da campanha,Dia,Status de veiculação,Nível de veiculação,Nome da conta,Identificação da conta,Valor usado (BRL),Impressões,Alcance,Cliques no link,CPC (custo por clique no link),Tipo de resultado,Resultados,Custo por resultado,Início dos relatórios,Encerramento dos relatórios
[JUL]_[N]_Vídeo_Transit [permanente],2026-07-31,active,campaign,AUTOPLUS [FORD] BLUMENAU,496393841435219,7.34,322,305,2,3.67,,,,2026-07-31,2026-07-31
[JUL]_[N]_Vt_Condição,2026-07-31,recently_completed,campaign,AUTOPLUS [FORD] BLUMENAU,496393841435219,27.34,593,480,14,195.285.714,,,,2026-07-31,2026-07-31
[JUL]_[N]_Card_Modeloss,2026-07-31,active,campaign,AUTOPLUS [FORD] BLUMENAU,496393841435219,49.67,3181,2318,32,15.521.875,Conversas por mensagem iniciadas,7,709.571.429,2026-07-31,2026-07-31
[JUL]_[SN]_Carrossel_Oferta,2026-07-31,active,campaign,AUTOPLUS [FORD] BLUMENAU,496393841435219,48.88,3398,2375,58,84.275.862,Conversas por mensagem iniciadas,13,3.76,2026-07-31,2026-07-31
[JUL]_[N]_Vídeo_Transit [permanente],2026-07-30,active,campaign,AUTOPLUS [FORD] BLUMENAU,496393841435219,8.88,466,435,1,8.88,,,,2026-07-30,2026-07-30
[JUL]_[N]_Vt_Condição,2026-07-30,recently_completed,campaign,AUTOPLUS [FORD] BLUMENAU,496393841435219,35.2,572,465,18,195.555.556,Conversas por mensagem iniciadas,4,8.8,2026-07-30,2026-07-30
[JUL]_[N]_Card_Modeloss,2026-07-30,active,campaign,AUTOPLUS [FORD] BLUMENAU,496393841435219,48.82,5065,3677,35,139.485.714,Conversas por mensagem iniciadas,4,12.205,2026-07-30,2026-07-30
[JUL]_[SN]_Carrossel_Oferta,2026-07-30,active,campaign,AUTOPLUS [FORD] BLUMENAU,496393841435219,51.89,3756,2467,76,68.276.316,Conversas por mensagem iniciadas,9,576.555.556,2026-07-30,2026-07-30
[JUL]_[N]_Vídeo_Transit [permanente],2026-07-29,active,campaign,AUTOPLUS [FORD] BLUMENAU,496393841435219,11.03,580,542,8,137.875,Conversas por mensagem iniciadas,1,11.03,2026-07-29,2026-07-29
[JUL]_[N]_Vt_Condição,2026-07-29,recently_completed,campaign,AUTOPLUS [FORD] BLUMENAU,496393841435219,46.59,820,653,23,202.565.217,Conversas por mensagem iniciadas,3,15.53,2026-07-29,2026-07-29
[JUL]_[N]_Card_Modeloss,2026-07-29,active,campaign,AUTOPLUS [FORD] BLUMENAU,496393841435219,61.69,8238,5865,75,82.253.333,Conversas por mensagem iniciadas,9,685.444.444,2026-07-29,2026-07-29
[JUL]_[SN]_Carrossel_Oferta,2026-07-29,active,campaign,AUTOPLUS [FORD] BLUMENAU,496393841435219,64.68,4489,3053,94,68.808.511,Conversas por mensagem iniciadas,4,16.17,2026-07-29,2026-07-29
[JUL]_[N]_Card_Modeloss,2026-07-28,active,campaign,AUTOPLUS [FORD] BLUMENAU,496393841435219,72.63,9471,6772,66,110.045.455,Conversas por mensagem iniciadas,7,1.037.571.429,2026-07-28,2026-07-28
[JUL]_[SN]_Carrossel_Oferta,2026-07-28,active,campaign,AUTOPLUS [FORD] BLUMENAU,496393841435219,72.61,5083,3415,93,78.075.269,Conversas por mensagem iniciadas,12,605.083.333,2026-07-28,2026-07-28
[JUL]_[N]_Vt_Condição,2026-07-28,recently_completed,campaign,AUTOPLUS [FORD] BLUMENAU,496393841435219,58.08,1189,886,33,1.76,Conversas por mensagem iniciadas,7,829.714.286,2026-07-28,2026-07-28
[JUL]_[N]_Vídeo_Transit [permanente],2026-07-28,active,campaign,AUTOPLUS [FORD] BLUMENAU,496393841435219,13.34,528,492,3,444.666.667,Conversas por mensagem iniciadas,1,13.34,2026-07-28,2026-07-28
[JUL]_[N]_Vídeo_Transit [permanente],2026-07-27,active,campaign,AUTOPLUS [FORD] BLUMENAU,496393841435219,11.84,652,592,8,1.48,Conversas por mensagem iniciadas,1,11.84,2026-07-27,2026-07-27
[JUL]_[N]_Vt_Condição,2026-07-27,recently_completed,campaign,AUTOPLUS [FORD] BLUMENAU,496393841435219,61.48,1164,912,24,256.166.667,Conversas por mensagem iniciadas,3,2.049.333.333,2026-07-27,2026-07-27
[JUL]_[N]_Card_Modeloss,2026-07-27,active,campaign,AUTOPLUS [FORD] BLUMENAU,496393841435219,79.37,11709,8332,100,7.937,Conversas por mensagem iniciadas,5,15.874,2026-07-27,2026-07-27
[JUL]_[SN]_Carrossel_Oferta,2026-07-27,active,campaign,AUTOPLUS [FORD] BLUMENAU,496393841435219,71.32,5124,3326,117,60.957.265,Conversas por mensagem iniciadas,11,648.363.636,2026-07-27,2026-07-27
[JUL]_[N]_Vídeo_Transit [permanente],2026-07-26,active,campaign,AUTOPLUS [FORD] BLUMENAU,496393841435219,13.45,505,461,4,3.3625,Conversas por mensagem iniciadas,1,13.45,2026-07-26,2026-07-26
[JUL]_[N]_Vt_Condição,2026-07-26,recently_completed,campaign,AUTOPLUS [FORD] BLUMENAU,496393841435219,68.97,1695,1328,30,2.299,Conversas por mensagem iniciadas,6,11.495,2026-07-26,2026-07-26
[JUL]_[N]_Card_Modeloss,2026-07-26,active,campaign,AUTOPLUS [FORD] BLUMENAU,496393841435219,122.5,16567,10914,145,84.482.759,Conversas por mensagem iniciadas,10,12.25,2026-07-26,2026-07-26
[JUL]_[SN]_Carrossel_Oferta,2026-07-26,active,campaign,AUTOPLUS [FORD] BLUMENAU,496393841435219,74.84,4357,2924,96,77.958.333,Conversas por mensagem iniciadas,12,623.666.667,2026-07-26,2026-07-26
[JUL]_[N]_Vídeo_Transit [permanente],2026-07-25,active,campaign,AUTOPLUS [FORD] BLUMENAU,496393841435219,04.06,260,245,,,,,,2026-07-25,2026-07-25
[JUL]_[N]_Vt_Condição,2026-07-25,recently_completed,campaign,AUTOPLUS [FORD] BLUMENAU,496393841435219,45.1,1160,914,16,281.875,Conversas por mensagem iniciadas,1,45.1,2026-07-25,2026-07-25
[JUL]_[N]_Card_Modeloss,2026-07-25,active,campaign,AUTOPLUS [FORD] BLUMENAU,496393841435219,159.54,16744,10876,151,105.655.629,Conversas por mensagem iniciadas,13,1.227.230.769,2026-07-25,2026-07-25
[JUL]_[SN]_Carrossel_Oferta,2026-07-25,active,campaign,AUTOPLUS [FORD] BLUMENAU,496393841435219,43.89,2920,2154,61,7.195.082,Conversas por mensagem iniciadas,7,6.27,2026-07-25,2026-07-25
[JUL]_[SN]_Carrossel_Oferta,2026-07-24,active,campaign,AUTOPLUS [FORD] BLUMENAU,496393841435219,51.54,3803,2568,91,56.637.363,Conversas por mensagem iniciadas,9,572.666.667,2026-07-24,2026-07-24
[JUL]_[N]_Card_Modeloss,2026-07-24,active,campaign,AUTOPLUS [FORD] BLUMENAU,496393841435219,135.84,15163,10435,146,93.041.096,Conversas por mensagem iniciadas,10,13.584,2026-07-24,2026-07-24
[JUL]_[N]_Vt_Condição,2026-07-24,recently_completed,campaign,AUTOPLUS [FORD] BLUMENAU,496393841435219,35.76,665,551,19,188.210.526,Conversas por mensagem iniciadas,2,17.88,2026-07-24,2026-07-24
[JUL]_[N]_Vídeo_Transit [permanente],2026-07-24,active,campaign,AUTOPLUS [FORD] BLUMENAU,496393841435219,8.44,457,438,5,1.688,Conversas por mensagem iniciadas,2,4.22,2026-07-24,2026-07-24
[JUL]_[N]_Vídeo_Transit [permanente],2026-07-23,active,campaign,AUTOPLUS [FORD] BLUMENAU,496393841435219,8.98,404,384,4,2.245,Conversas por mensagem iniciadas,3,299.333.333,2026-07-23,2026-07-23
[JUL]_[N]_Vt_Condição,2026-07-23,recently_completed,campaign,AUTOPLUS [FORD] BLUMENAU,496393841435219,26.41,349,254,8,330.125,Conversas por mensagem iniciadas,1,26.41,2026-07-23,2026-07-23
[JUL]_[SN]_Card_Condição,2026-07-23,completed,campaign,AUTOPLUS [FORD] BLUMENAU,496393841435219,0.11,4,4,,,,,,2026-07-23,2026-07-23
[JUL]_[N]_Card_Modeloss,2026-07-23,active,campaign,AUTOPLUS [FORD] BLUMENAU,496393841435219,0.15,19,17,,,,,,2026-07-23,2026-07-23
[JUL]_[SN]_Carrossel_Oferta,2026-07-23,active,campaign,AUTOPLUS [FORD] BLUMENAU,496393841435219,56.22,4400,2920,92,61.108.696,Conversas por mensagem iniciadas,14,401.571.429,2026-07-23,2026-07-23
[JUL]_[N]_Vídeo_Transit [permanente],2026-07-22,active,campaign,AUTOPLUS [FORD] BLUMENAU,496393841435219,11.34,647,601,6,1.89,Conversas por mensagem iniciadas,2,5.67,2026-07-22,2026-07-22
[JUL]_[N]_Vt_Condição,2026-07-22,recently_completed,campaign,AUTOPLUS [FORD] BLUMENAU,496393841435219,37.69,386,322,26,144.961.538,Conversas por mensagem iniciadas,1,37.69,2026-07-22,2026-07-22
[JUL]_[SN]_Card_Condição,2026-07-22,completed,campaign,AUTOPLUS [FORD] BLUMENAU,496393841435219,18.29,534,435,8,228.625,Conversas por mensagem iniciadas,1,18.29,2026-07-22,2026-07-22
[JUL]_[N]_Card_Modeloss,2026-07-22,active,campaign,AUTOPLUS [FORD] BLUMENAU,496393841435219,71.9,7760,5311,71,101.267.606,Conversas por mensagem iniciadas,6,1.198.333.333,2026-07-22,2026-07-22
[JUL]_[SN]_Carrossel_Oferta,2026-07-22,active,campaign,AUTOPLUS [FORD] BLUMENAU,496393841435219,63.74,4866,3179,103,61.883.495,Conversas por mensagem iniciadas,15,424.933.333,2026-07-22,2026-07-22
[JUL]_[SN]_Card_Condição,2026-07-21,completed,campaign,AUTOPLUS [FORD] BLUMENAU,496393841435219,32.98,973,824,6,549.666.667,,,,2026-07-21,2026-07-21
[JUL]_[SN]_Carrossel_Oferta,2026-07-21,active,campaign,AUTOPLUS [FORD] BLUMENAU,496393841435219,66.41,4335,2859,103,64.475.728,Conversas por mensagem iniciadas,17,390.647.059,2026-07-21,2026-07-21
[JUL]_[N]_Card_Modeloss,2026-07-21,active,campaign,AUTOPLUS [FORD] BLUMENAU,496393841435219,111.04,10612,7217,95,116.884.211,Conversas por mensagem iniciadas,9,1.233.777.778,2026-07-21,2026-07-21
[JUL]_[N]_Vt_Condição,2026-07-21,recently_completed,campaign,AUTOPLUS [FORD] BLUMENAU,496393841435219,39.07,463,389,17,229.823.529,Conversas por mensagem iniciadas,3,1.302.333.333,2026-07-21,2026-07-21
[JUL]_[N]_Vídeo_Transit [permanente],2026-07-21,active,campaign,AUTOPLUS [FORD] BLUMENAU,496393841435219,12.31,705,653,8,153.875,Conversas por mensagem iniciadas,3,410.333.333,2026-07-21,2026-07-21
[JUL]_[N]_Vídeo_Transit [permanente],2026-07-20,active,campaign,AUTOPLUS [FORD] BLUMENAU,496393841435219,13.17,1192,1131,9,146.333.333,,,,2026-07-20,2026-07-20
[JUL]_[N]_Vt_Condição,2026-07-20,recently_completed,campaign,AUTOPLUS [FORD] BLUMENAU,496393841435219,39.77,484,381,21,189.380.952,Conversas por mensagem iniciadas,3,1.325.666.667,2026-07-20,2026-07-20
[JUL]_[SN]_Card_Condição,2026-07-20,completed,campaign,AUTOPLUS [FORD] BLUMENAU,496393841435219,33.17,994,814,10,3.317,Conversas por mensagem iniciadas,2,16.585,2026-07-20,2026-07-20
[JUL]_[N]_Card_Modeloss,2026-07-20,active,campaign,AUTOPLUS [FORD] BLUMENAU,496393841435219,107.51,7523,5270,56,191.982.143,Conversas por mensagem iniciadas,8,1.343.875,2026-07-20,2026-07-20
[JUL]_[SN]_Carrossel_Oferta,2026-07-20,active,campaign,AUTOPLUS [FORD] BLUMENAU,496393841435219,66.33,4504,3201,93,71.322.581,Conversas por mensagem iniciadas,9,7.37,2026-07-20,2026-07-20
[JUL]_[N]_Card_Modeloss,2026-07-19,active,campaign,AUTOPLUS [FORD] BLUMENAU,496393841435219,113.38,9497,6946,74,153.216.216,Conversas por mensagem iniciadas,3,3.779.333.333,2026-07-19,2026-07-19
[JUL]_[SN]_Carrossel_Oferta,2026-07-19,active,campaign,AUTOPLUS [FORD] BLUMENAU,496393841435219,71.83,4660,3215,113,63.566.372,Conversas por mensagem iniciadas,11,6.53,2026-07-19,2026-07-19
[JUL]_[N]_Vt_Condição,2026-07-19,recently_completed,campaign,AUTOPLUS [FORD] BLUMENAU,496393841435219,35.15,709,561,22,159.772.727,Conversas por mensagem iniciadas,6,585.833.333,2026-07-19,2026-07-19
[JUL]_[SN]_Card_Condição,2026-07-19,completed,campaign,AUTOPLUS [FORD] BLUMENAU,496393841435219,36.55,1291,1102,22,166.136.364,Conversas por mensagem iniciadas,4,9.1375,2026-07-19,2026-07-19
[JUL]_[N]_Vídeo_Transit [permanente],2026-07-19,active,campaign,AUTOPLUS [FORD] BLUMENAU,496393841435219,11.67,851,815,5,2.334,Conversas por mensagem iniciadas,3,3.89,2026-07-19,2026-07-19
[JUL]_[N]_Vídeo_Transit [permanente],2026-07-18,active,campaign,AUTOPLUS [FORD] BLUMENAU,496393841435219,7.69,652,611,4,1.9225,Conversas por mensagem iniciadas,1,7.69,2026-07-18,2026-07-18
[JUL]_[N]_Vt_Condição,2026-07-18,recently_completed,campaign,AUTOPLUS [FORD] BLUMENAU,496393841435219,16.41,326,291,3,5.47,Conversas por mensagem iniciadas,1,16.41,2026-07-18,2026-07-18
[JUL]_[SN]_Card_Condição,2026-07-18,completed,campaign,AUTOPLUS [FORD] BLUMENAU,496393841435219,15.92,1177,1077,12,132.666.667,Conversas por mensagem iniciadas,1,15.92,2026-07-18,2026-07-18
[JUL]_[N]_Card_Modeloss,2026-07-18,active,campaign,AUTOPLUS [FORD] BLUMENAU,496393841435219,71.28,5169,3565,42,169.714.286,Conversas por mensagem iniciadas,7,1.018.285.714,2026-07-18,2026-07-18
[JUL]_[SN]_Carrossel_Oferta,2026-07-18,active,campaign,AUTOPLUS [FORD] BLUMENAU,496393841435219,39.54,2776,2020,57,69.368.421,Conversas por mensagem iniciadas,7,564.857.143,2026-07-18,2026-07-18
[JUL]_[N]_Vídeo_Transit [permanente],2026-07-17,active,campaign,AUTOPLUS [FORD] BLUMENAU,496393841435219,10.61,498,461,,,,,,2026-07-17,2026-07-17
[JUL]_[N]_Vt_Condição,2026-07-17,recently_completed,campaign,AUTOPLUS [FORD] BLUMENAU,496393841435219,26.01,450,384,15,1.734,Conversas por mensagem iniciadas,2,13.005,2026-07-17,2026-07-17
[JUL]_[N]_Card_Modeloss,2026-07-17,active,campaign,AUTOPLUS [FORD] BLUMENAU,496393841435219,89.81,6655,4678,59,152.220.339,Conversas por mensagem iniciadas,5,17.962,2026-07-17,2026-07-17
[JUL]_[SN]_Carrossel_Oferta,2026-07-17,active,campaign,AUTOPLUS [FORD] BLUMENAU,496393841435219,55.81,3435,2382,94,5.937.234,Conversas por mensagem iniciadas,16,3.488.125,2026-07-17,2026-07-17
[JUL]_[SN]_Card_Condição,2026-07-17,completed,campaign,AUTOPLUS [FORD] BLUMENAU,496393841435219,23.88,1326,1183,11,217.090.909,Conversas por mensagem iniciadas,3,7.96,2026-07-17,2026-07-17
[JUL]_[N]_Vídeo_Transit [permanente],2026-07-16,active,campaign,AUTOPLUS [FORD] BLUMENAU,496393841435219,10.04,509,459,1,10.04,Conversas por mensagem iniciadas,1,10.04,2026-07-16,2026-07-16
[JUL]_[N]_Vt_Condição,2026-07-16,recently_completed,campaign,AUTOPLUS [FORD] BLUMENAU,496393841435219,33.28,594,480,12,277.333.333,Conversas por mensagem iniciadas,3,1.109.333.333,2026-07-16,2026-07-16
[JUL]_[SN]_Card_Condição,2026-07-16,completed,campaign,AUTOPLUS [FORD] BLUMENAU,496393841435219,28.7,1604,1462,13,220.769.231,Conversas por mensagem iniciadas,2,14.35,2026-07-16,2026-07-16
[JUL]_[N]_Card_Modeloss,2026-07-16,active,campaign,AUTOPLUS [FORD] BLUMENAU,496393841435219,91.71,7250,4925,71,129.169.014,Conversas por mensagem iniciadas,11,833.727.273,2026-07-16,2026-07-16
[JUL]_[SN]_Carrossel_Oferta,2026-07-16,active,campaign,AUTOPLUS [FORD] BLUMENAU,496393841435219,48.09,3335,2357,70,687,Conversas por mensagem iniciadas,12,4.1975,2026-07-16,2026-07-16
[JUL]_[SN]_Carrossel_Oferta,2026-07-15,active,campaign,AUTOPLUS [FORD] BLUMENAU,496393841435219,65.2,4738,3208,98,66.530.612,Conversas por mensagem iniciadas,7,931.428.571,2026-07-15,2026-07-15
[JUL]_[N]_Vídeo_Transit [permanente],2026-07-15,active,campaign,AUTOPLUS [FORD] BLUMENAU,496393841435219,11.51,671,596,1,11.51,Conversas por mensagem iniciadas,1,11.51,2026-07-15,2026-07-15
[JUL]_[N]_Vt_Condição,2026-07-15,recently_completed,campaign,AUTOPLUS [FORD] BLUMENAU,496393841435219,35.6,552,451,14,254.285.714,Conversas por mensagem iniciadas,1,35.6,2026-07-15,2026-07-15
[JUL]_[SN]_Card_Condição,2026-07-15,completed,campaign,AUTOPLUS [FORD] BLUMENAU,496393841435219,37.56,1216,965,21,178.857.143,Conversas por mensagem iniciadas,3,12.52,2026-07-15,2026-07-15
[JUL]_[N]_Card_Modeloss,2026-07-15,active,campaign,AUTOPLUS [FORD] BLUMENAU,496393841435219,102.74,8689,6127,84,122.309.524,Conversas por mensagem iniciadas,8,12.8425,2026-07-15,2026-07-15
[JUL]_[N]_Card_Modeloss,2026-07-14,active,campaign,AUTOPLUS [FORD] BLUMENAU,496393841435219,115.37,8380,5420,95,121.442.105,Conversas por mensagem iniciadas,5,23.074,2026-07-14,2026-07-14
[JUL]_[SN]_Carrossel_Oferta,2026-07-14,active,campaign,AUTOPLUS [FORD] BLUMENAU,496393841435219,72.38,5033,3373,130,55.676.923,Conversas por mensagem iniciadas,19,380.947.368,2026-07-14,2026-07-14
[JUL]_[N]_Vídeo_Transit [permanente],2026-07-14,active,campaign,AUTOPLUS [FORD] BLUMENAU,496393841435219,3.32,273,261,2,1.66,,,,2026-07-14,2026-07-14
[JUL]_[SN]_Card_Condição,2026-07-14,completed,campaign,AUTOPLUS [FORD] BLUMENAU,496393841435219,35.36,1403,1102,11,321.454.545,Conversas por mensagem iniciadas,1,35.36,2026-07-14,2026-07-14
[JUL]_[N]_Vt_Condição,2026-07-14,recently_completed,campaign,AUTOPLUS [FORD] BLUMENAU,496393841435219,47.05,962,826,16,2.940.625,Conversas por mensagem iniciadas,1,47.05,2026-07-14,2026-07-14
[JUL]_[N]_Vt_Condição,2026-07-13,recently_completed,campaign,AUTOPLUS [FORD] BLUMENAU,496393841435219,0,1,1,,,,,,2026-07-13,2026-07-13
[JUL]_[SN]_Card_Condição,2026-07-13,completed,campaign,AUTOPLUS [FORD] BLUMENAU,496393841435219,30.93,1078,918,8,386.625,Conversas por mensagem iniciadas,2,15.465,2026-07-13,2026-07-13
[JUL]_[N]_Card_Modeloss,2026-07-13,active,campaign,AUTOPLUS [FORD] BLUMENAU,496393841435219,113.72,7062,4382,75,151.626.667,Conversas por mensagem iniciadas,5,22.744,2026-07-13,2026-07-13
[JUL]_[SN]_Carrossel_Oferta,2026-07-13,active,campaign,AUTOPLUS [FORD] BLUMENAU,496393841435219,68.37,4472,3112,102,67.029.412,Conversas por mensagem iniciadas,9,759.666.667,2026-07-13,2026-07-13
[JUL]_[SN]_Card_Condição,2026-07-12,completed,campaign,AUTOPLUS [FORD] BLUMENAU,496393841435219,37.62,1656,1353,16,235.125,Conversas por mensagem iniciadas,3,12.54,2026-07-12,2026-07-12
[JUL]_[N]_Card_Modeloss,2026-07-12,active,campaign,AUTOPLUS [FORD] BLUMENAU,496393841435219,115.36,8418,5464,92,125.391.304,Conversas por mensagem iniciadas,8,14.42,2026-07-12,2026-07-12
[JUL]_[SN]_Carrossel_Oferta,2026-07-12,active,campaign,AUTOPLUS [FORD] BLUMENAU,496393841435219,70.59,5400,3504,81,87.148.148,Conversas por mensagem iniciadas,10,7.059,2026-07-12,2026-07-12
[JUL]_[N]_Card_Modeloss,2026-07-11,active,campaign,AUTOPLUS [FORD] BLUMENAU,496393841435219,83.29,5954,4101,57,146.122.807,Conversas por mensagem iniciadas,4,208.225,2026-07-11,2026-07-11
[JUL]_[SN]_Carrossel_Oferta,2026-07-11,active,campaign,AUTOPLUS [FORD] BLUMENAU,496393841435219,42.1,3221,2332,51,8.254.902,Conversas por mensagem iniciadas,8,5.2625,2026-07-11,2026-07-11
[JUL]_[SN]_Card_Condição,2026-07-11,completed,campaign,AUTOPLUS [FORD] BLUMENAU,496393841435219,15.68,723,599,14,1.12,,,,2026-07-11,2026-07-11
[JUL]_[SN]_Carrossel_Oferta,2026-07-10,active,campaign,AUTOPLUS [FORD] BLUMENAU,496393841435219,57.18,4241,2900,95,60.189.474,Conversas por mensagem iniciadas,7,816.857.143,2026-07-10,2026-07-10
[JUL]_[N]_Card_Modeloss,2026-07-10,active,campaign,AUTOPLUS [FORD] BLUMENAU,496393841435219,77.38,4955,3313,59,131.152.542,Conversas por mensagem iniciadas,8,9.6725,2026-07-10,2026-07-10
[JUL]_[SN]_Card_Condição,2026-07-10,completed,campaign,AUTOPLUS [FORD] BLUMENAU,496393841435219,22.34,960,792,11,203.090.909,Conversas por mensagem iniciadas,1,22.34,2026-07-10,2026-07-10
[JUL]_[SN]_Card_Condição,2026-07-09,completed,campaign,AUTOPLUS [FORD] BLUMENAU,496393841435219,27.06,1106,843,7,386.571.429,Conversas por mensagem iniciadas,1,27.06,2026-07-09,2026-07-09
[JUL]_[N]_Card_Modeloss,2026-07-09,active,campaign,AUTOPLUS [FORD] BLUMENAU,496393841435219,26.65,1670,1216,12,222.083.333,Conversas por mensagem iniciadas,2,13.325,2026-07-09,2026-07-09
[JUL]_[SN]_Carrossel_Oferta,2026-07-09,active,campaign,AUTOPLUS [FORD] BLUMENAU,496393841435219,62.22,4251,2815,83,74.963.855,Conversas por mensagem iniciadas,12,5.185,2026-07-09,2026-07-09
[JUL]_[SN]_Card_Condição,2026-07-08,completed,campaign,AUTOPLUS [FORD] BLUMENAU,496393841435219,32.21,1603,1191,36,89.472.222,Conversas por mensagem iniciadas,6,536.833.333,2026-07-08,2026-07-08
[JUL]_[N]_Card_Modeloss,2026-07-08,active,campaign,AUTOPLUS [FORD] BLUMENAU,496393841435219,32.41,1960,1382,21,154.333.333,Conversas por mensagem iniciadas,3,1.080.333.333,2026-07-08,2026-07-08
[JUL]_[SN]_Carrossel_Oferta,2026-07-08,active,campaign,AUTOPLUS [FORD] BLUMENAU,496393841435219,73.57,4843,3162,98,75.071.429,Conversas por mensagem iniciadas,11,668.818.182,2026-07-08,2026-07-08
[JUL]_[SN]_Card_Condição,2026-07-07,completed,campaign,AUTOPLUS [FORD] BLUMENAU,496393841435219,37.93,1557,1169,15,252.866.667,Conversas por mensagem iniciadas,3,1.264.333.333,2026-07-07,2026-07-07
[JUL]_[N]_Card_Modeloss,2026-07-07,active,campaign,AUTOPLUS [FORD] BLUMENAU,496393841435219,30.77,2157,1666,24,128.208.333,Conversas por mensagem iniciadas,1,30.77,2026-07-07,2026-07-07
[JUL]_[SN]_Carrossel_Oferta,2026-07-07,active,campaign,AUTOPLUS [FORD] BLUMENAU,496393841435219,67.54,4108,2719,92,73.413.043,Conversas por mensagem iniciadas,11,6.14,2026-07-07,2026-07-07
[JUN]_[N]_Vídeo_Modelo,2026-07-06,inactive,campaign,AUTOPLUS [FORD] BLUMENAU,496393841435219,12.1,138,110,1,12.1,Conversas por mensagem iniciadas,1,12.1,2026-07-06,2026-07-06
[JUL]_[SN]_Card_Condição,2026-07-06,completed,campaign,AUTOPLUS [FORD] BLUMENAU,496393841435219,37.73,1811,1343,29,130.103.448,Conversas por mensagem iniciadas,4,9.4325,2026-07-06,2026-07-06
[JUL]_[N]_Card_Modeloss,2026-07-06,active,campaign,AUTOPLUS [FORD] BLUMENAU,496393841435219,41.73,4276,3127,21,198.714.286,Conversas por mensagem iniciadas,1,41.73,2026-07-06,2026-07-06
[JUL]_[SN]_Carrossel_Oferta,2026-07-06,active,campaign,AUTOPLUS [FORD] BLUMENAU,496393841435219,28.6,1714,1202,46,62.173.913,Conversas por mensagem iniciadas,4,7.15,2026-07-06,2026-07-06
[JUN]_[N]_Vídeo_Modelo,2026-07-05,inactive,campaign,AUTOPLUS [FORD] BLUMENAU,496393841435219,42.81,843,579,23,186.130.435,Conversas por mensagem iniciadas,1,42.81,2026-07-05,2026-07-05
[JUL]_[SN]_Carrossel_Oferta,2026-07-05,active,campaign,AUTOPLUS [FORD] BLUMENAU,496393841435219,37.02,2261,1608,42,88.142.857,Conversas por mensagem iniciadas,7,528.857.143,2026-07-05,2026-07-05
[JUL]_[SN]_Card_Condição,2026-07-05,completed,campaign,AUTOPLUS [FORD] BLUMENAU,496393841435219,37.04,1860,1454,11,336.727.273,Conversas por mensagem iniciadas,3,1.234.666.667,2026-07-05,2026-07-05
[JUL]_[N]_Card_Modeloss,2026-07-05,active,campaign,AUTOPLUS [FORD] BLUMENAU,496393841435219,39.64,3944,3008,31,127.870.968,Conversas por mensagem iniciadas,4,9.91,2026-07-05,2026-07-05
[JUL]_[SN]_Card_Condição,2026-07-04,completed,campaign,AUTOPLUS [FORD] BLUMENAU,496393841435219,28.54,1343,1058,9,317.111.111,Conversas por mensagem iniciadas,4,7.135,2026-07-04,2026-07-04
[JUL]_[N]_Card_Modeloss,2026-07-04,active,campaign,AUTOPLUS [FORD] BLUMENAU,496393841435219,29.09,3058,2397,23,126.478.261,,,,2026-07-04,2026-07-04
[JUN]_[N]_Vídeo_Modelo,2026-07-04,inactive,campaign,AUTOPLUS [FORD] BLUMENAU,496393841435219,11.35,362,275,5,2.27,,,,2026-07-04,2026-07-04
[JUL]_[SN]_Carrossel_Oferta,2026-07-04,active,campaign,AUTOPLUS [FORD] BLUMENAU,496393841435219,16.47,1123,870,21,78.428.571,Conversas por mensagem iniciadas,6,2.745,2026-07-04,2026-07-04
[JUL]_[SN]_Carrossel_Oferta,2026-07-03,active,campaign,AUTOPLUS [FORD] BLUMENAU,496393841435219,23.52,1631,1136,45,52.266.667,Conversas por mensagem iniciadas,9,261.333.333,2026-07-03,2026-07-03
[JUL]_[SN]_Card_Condição,2026-07-03,completed,campaign,AUTOPLUS [FORD] BLUMENAU,496393841435219,9.13,512,454,4,2.2825,Conversas por mensagem iniciadas,2,4.565,2026-07-03,2026-07-03
[JUL]_[N]_Card_Modeloss,2026-07-03,active,campaign,AUTOPLUS [FORD] BLUMENAU,496393841435219,8.58,896,764,4,2.145,,,,2026-07-03,2026-07-03
[JUN]_[N]_Vídeo_Festival-Prorrogado,2026-07-03,inactive,campaign,AUTOPLUS [FORD] BLUMENAU,496393841435219,0,0,0,,,Conversas por mensagem iniciadas,1,0,2026-07-03,2026-07-03
[JUN]_[N]_Vídeo_Modelo,2026-07-03,inactive,campaign,AUTOPLUS [FORD] BLUMENAU,496393841435219,20.57,435,322,12,171.416.667,Conversas por mensagem iniciadas,1,20.57,2026-07-03,2026-07-03
[JUL]_[SN]_Carrossel_Oferta,2026-07-02,active,campaign,AUTOPLUS [FORD] BLUMENAU,496393841435219,28.91,1998,1326,58,49.844.828,Conversas por mensagem iniciadas,6,481.833.333,2026-07-02,2026-07-02
[JUN]_[N]_Vídeo_Festival-Prorrogado,2026-07-02,inactive,campaign,AUTOPLUS [FORD] BLUMENAU,496393841435219,5.78,337,292,1,5.78,Conversas por mensagem iniciadas,1,5.78,2026-07-02,2026-07-02
[JUN]_[N]_Vídeo_Modelo,2026-07-02,inactive,campaign,AUTOPLUS [FORD] BLUMENAU,496393841435219,27.67,524,385,7,395.285.714,Conversas por mensagem iniciadas,3,922.333.333,2026-07-02,2026-07-02
[JUN]_[N]_Vídeo_Modelo,2026-07-01,inactive,campaign,AUTOPLUS [FORD] BLUMENAU,496393841435219,37.91,676,466,14,270.785.714,Conversas por mensagem iniciadas,3,1.263.666.667,2026-07-01,2026-07-01
[JUN]_[N]_Vídeo_Festival-Prorrogado,2026-07-01,inactive,campaign,AUTOPLUS [FORD] BLUMENAU,496393841435219,34.39,1791,1396,14,245.642.857,Conversas por mensagem iniciadas,10,3.439,2026-07-01,2026-07-01
[JUL]_[SN]_Carrossel_Oferta,2026-07-01,active,campaign,AUTOPLUS [FORD] BLUMENAU,496393841435219,35.41,2338,1599,40,88.525,Conversas por mensagem iniciadas,7,505.857.143,2026-07-01,2026-07-01
[JUL]_[N]_Vídeo_Transit [permanente],2026-07-31,active,campaign,AUTOPLUS [FORD] CAÇADOR,596131121400908,6.91,449,400,4,1.7275,,,,2026-07-31,2026-07-31
[JUL]_[N]_Vt_Condição,2026-07-31,recently_completed,campaign,AUTOPLUS [FORD] CAÇADOR,596131121400908,27.69,1681,1229,28,98.892.857,Conversas por mensagem iniciadas,3,9.23,2026-07-31,2026-07-31
[JUL]_[N]_Card_Oferta,2026-07-31,active,campaign,AUTOPLUS [FORD] CAÇADOR,596131121400908,81.81,5708,3736,50,1.6362,Conversas por mensagem iniciadas,8,1.022.625,2026-07-31,2026-07-31
[JUL]_[SN]_Carrossel_Oferta,2026-07-31,active,campaign,AUTOPLUS [FORD] CAÇADOR,596131121400908,32.81,2857,1711,42,78.119.048,Conversas por mensagem iniciadas,2,16.405,2026-07-31,2026-07-31
[JUL]_[N]_Vídeo_Transit [permanente],2026-07-30,active,campaign,AUTOPLUS [FORD] CAÇADOR,596131121400908,9.85,662,601,2,4.925,,,,2026-07-30,2026-07-30
[JUL]_[N]_Vt_Condição,2026-07-30,recently_completed,campaign,AUTOPLUS [FORD] CAÇADOR,596131121400908,42.06,1950,1456,28,150.214.286,Conversas por mensagem iniciadas,4,10.515,2026-07-30,2026-07-30
[JUL]_[N]_Card_Oferta,2026-07-30,active,campaign,AUTOPLUS [FORD] CAÇADOR,596131121400908,95.33,7202,4783,63,15.131.746,Conversas por mensagem iniciadas,4,238.325,2026-07-30,2026-07-30
[JUL]_[SN]_Carrossel_Oferta,2026-07-30,active,campaign,AUTOPLUS [FORD] CAÇADOR,596131121400908,19.2,1890,1205,29,66.206.897,Conversas por mensagem iniciadas,2,9.6,2026-07-30,2026-07-30
[JUL]_[N]_Vídeo_Transit [permanente],2026-07-29,active,campaign,AUTOPLUS [FORD] CAÇADOR,596131121400908,11.66,895,778,5,2.332,,,,2026-07-29,2026-07-29
[JUL]_[N]_Vt_Condição,2026-07-29,recently_completed,campaign,AUTOPLUS [FORD] CAÇADOR,596131121400908,51.33,2697,1992,37,13.872.973,Conversas por mensagem iniciadas,4,12.8325,2026-07-29,2026-07-29
[JUL]_[N]_Card_Oferta,2026-07-29,active,campaign,AUTOPLUS [FORD] CAÇADOR,596131121400908,107.95,10881,6814,75,143.933.333,Conversas por mensagem iniciadas,9,1.199.444.444,2026-07-29,2026-07-29
[JUL]_[SN]_Carrossel_Oferta,2026-07-29,active,campaign,AUTOPLUS [FORD] CAÇADOR,596131121400908,46.42,3865,2422,69,67.275.362,Conversas por mensagem iniciadas,4,11.605,2026-07-29,2026-07-29
[JUL]_[SN]_Carrossel_Oferta,2026-07-28,active,campaign,AUTOPLUS [FORD] CAÇADOR,596131121400908,50.29,4115,2632,60,83.816.667,Conversas por mensagem iniciadas,9,558.777.778,2026-07-28,2026-07-28
[JUL]_[N]_Card_Oferta,2026-07-28,active,campaign,AUTOPLUS [FORD] CAÇADOR,596131121400908,116.84,11995,7740,80,1.4605,Conversas por mensagem iniciadas,8,14.605,2026-07-28,2026-07-28
[JUL]_[N]_Vt_Condição,2026-07-28,recently_completed,campaign,AUTOPLUS [FORD] CAÇADOR,596131121400908,62.25,3110,2248,39,159.615.385,Conversas por mensagem iniciadas,7,889.285.714,2026-07-28,2026-07-28
[JUL]_[N]_Vídeo_Transit [permanente],2026-07-28,active,campaign,AUTOPLUS [FORD] CAÇADOR,596131121400908,12.56,930,800,5,2.512,Conversas por mensagem iniciadas,1,12.56,2026-07-28,2026-07-28
[JUL]_[N]_Vídeo_Transit [permanente],2026-07-27,active,campaign,AUTOPLUS [FORD] CAÇADOR,596131121400908,13.22,920,816,2,6.61,,,,2026-07-27,2026-07-27
[JUL]_[N]_Vt_Condição,2026-07-27,recently_completed,campaign,AUTOPLUS [FORD] CAÇADOR,596131121400908,52.18,2973,2141,29,179.931.034,Conversas por mensagem iniciadas,1,52.18,2026-07-27,2026-07-27
[JUL]_[N]_Card_Oferta,2026-07-27,active,campaign,AUTOPLUS [FORD] CAÇADOR,596131121400908,107.46,11045,7197,87,123.517.241,Conversas por mensagem iniciadas,8,134.325,2026-07-27,2026-07-27
[JUL]_[SN]_Carrossel_Oferta,2026-07-27,active,campaign,AUTOPLUS [FORD] CAÇADOR,596131121400908,46.67,3853,2398,63,74.079.365,Conversas por mensagem iniciadas,3,1.555.666.667,2026-07-27,2026-07-27
[JUL]_[N]_Vídeo_Transit [permanente],2026-07-26,active,campaign,AUTOPLUS [FORD] CAÇADOR,596131121400908,11.85,877,764,4,2.9625,,,,2026-07-26,2026-07-26
[JUL]_[N]_Vt_Condição,2026-07-26,recently_completed,campaign,AUTOPLUS [FORD] CAÇADOR,596131121400908,62.37,3932,2942,46,135.586.957,Conversas por mensagem iniciadas,9,6.93,2026-07-26,2026-07-26
[JUL]_[N]_Card_Oferta,2026-07-26,active,campaign,AUTOPLUS [FORD] CAÇADOR,596131121400908,118.43,11197,6794,87,136.126.437,Conversas por mensagem iniciadas,11,1.076.636.364,2026-07-26,2026-07-26
[JUL]_[SN]_Carrossel_Oferta,2026-07-26,active,campaign,AUTOPLUS [FORD] CAÇADOR,596131121400908,44.28,4293,2663,76,58.263.158,Conversas por mensagem iniciadas,3,14.76,2026-07-26,2026-07-26
[JUL]_[N]_Vídeo_Transit [permanente],2026-07-25,active,campaign,AUTOPLUS [FORD] CAÇADOR,596131121400908,4.52,379,359,2,2.26,,,,2026-07-25,2026-07-25
[JUL]_[N]_Vt_Condição,2026-07-25,recently_completed,campaign,AUTOPLUS [FORD] CAÇADOR,596131121400908,45.92,2941,2109,43,106.790.698,Conversas por mensagem iniciadas,3,1.530.666.667,2026-07-25,2026-07-25
[JUL]_[N]_Card_Oferta,2026-07-25,active,campaign,AUTOPLUS [FORD] CAÇADOR,596131121400908,172.21,13852,8519,119,144.714.286,Conversas por mensagem iniciadas,13,1.324.692.308,2026-07-25,2026-07-25
[JUL]_[SN]_Carrossel_Oferta,2026-07-25,active,campaign,AUTOPLUS [FORD] CAÇADOR,596131121400908,29.43,2473,1619,30,981,,,,2026-07-25,2026-07-25
[JUL]_[N]_Card_Oferta,2026-07-24,active,campaign,AUTOPLUS [FORD] CAÇADOR,596131121400908,117.95,10936,7277,97,121.597.938,Conversas por mensagem iniciadas,13,907.307.692,2026-07-24,2026-07-24
[JUL]_[SN]_Carrossel_Oferta,2026-07-24,active,campaign,AUTOPLUS [FORD] CAÇADOR,596131121400908,31.6,2826,1744,48,65.833.333,Conversas por mensagem iniciadas,3,1.053.333.333,2026-07-24,2026-07-24
[JUL]_[N]_Vt_Condição,2026-07-24,recently_completed,campaign,AUTOPLUS [FORD] CAÇADOR,596131121400908,36.41,1531,1178,24,151.708.333,Conversas por mensagem iniciadas,2,18.205,2026-07-24,2026-07-24
[JUL]_[N]_Vídeo_Transit [permanente],2026-07-24,active,campaign,AUTOPLUS [FORD] CAÇADOR,596131121400908,6.62,452,406,1,6.62,Conversas por mensagem iniciadas,1,6.62,2026-07-24,2026-07-24
[JUL]_[N]_Vídeo_Transit [permanente],2026-07-23,active,campaign,AUTOPLUS [FORD] CAÇADOR,596131121400908,9.72,531,488,5,1.944,Conversas por mensagem iniciadas,1,9.72,2026-07-23,2026-07-23
[JUL]_[N]_Vt_Condição,2026-07-23,recently_completed,campaign,AUTOPLUS [FORD] CAÇADOR,596131121400908,25.88,505,389,18,143.777.778,Conversas por mensagem iniciadas,1,25.88,2026-07-23,2026-07-23
[JUL]_[N]_Card_Oferta,2026-07-23,active,campaign,AUTOPLUS [FORD] CAÇADOR,596131121400908,0.09,15,13,,,,,,2026-07-23,2026-07-23
[JUL]_[SN]_Card_Condição,2026-07-23,completed,campaign,AUTOPLUS [FORD] CAÇADOR,596131121400908,0.05,4,4,,,,,,2026-07-23,2026-07-23
[JUL]_[SN]_Carrossel_Oferta,2026-07-23,active,campaign,AUTOPLUS [FORD] CAÇADOR,596131121400908,39.97,4027,2432,56,71.375,Conversas por mensagem iniciadas,2,19.985,2026-07-23,2026-07-23
[JUL]_[N]_Vídeo_Transit [permanente],2026-07-22,active,campaign,AUTOPLUS [FORD] CAÇADOR,596131121400908,12.13,849,763,5,2.426,Conversas por mensagem iniciadas,1,12.13,2026-07-22,2026-07-22
[JUL]_[N]_Vt_Condição,2026-07-22,recently_completed,campaign,AUTOPLUS [FORD] CAÇADOR,596131121400908,35.59,571,469,22,161.772.727,Conversas por mensagem iniciadas,2,17.795,2026-07-22,2026-07-22
[JUL]_[N]_Card_Oferta,2026-07-22,active,campaign,AUTOPLUS [FORD] CAÇADOR,596131121400908,69.93,6526,3989,62,112.790.323,Conversas por mensagem iniciadas,11,635.727.273,2026-07-22,2026-07-22
[JUL]_[SN]_Card_Condição,2026-07-22,completed,campaign,AUTOPLUS [FORD] CAÇADOR,596131121400908,18.3,1087,893,8,2.2875,Conversas por mensagem iniciadas,1,18.3,2026-07-22,2026-07-22
[JUL]_[SN]_Carrossel_Oferta,2026-07-22,active,campaign,AUTOPLUS [FORD] CAÇADOR,596131121400908,44.79,4534,2827,81,55.296.296,Conversas por mensagem iniciadas,7,639.857.143,2026-07-22,2026-07-22
[JUL]_[SN]_Card_Condição,2026-07-21,completed,campaign,AUTOPLUS [FORD] CAÇADOR,596131121400908,30.65,1407,1100,9,340.555.556,Conversas por mensagem iniciadas,2,15.325,2026-07-21,2026-07-21
[JUL]_[SN]_Carrossel_Oferta,2026-07-21,active,campaign,AUTOPLUS [FORD] CAÇADOR,596131121400908,44.43,4521,2965,65,68.353.846,Conversas por mensagem iniciadas,2,22.215,2026-07-21,2026-07-21
[JUL]_[N]_Vt_Condição,2026-07-21,recently_completed,campaign,AUTOPLUS [FORD] CAÇADOR,596131121400908,36.85,667,517,25,1.474,Conversas por mensagem iniciadas,3,1.228.333.333,2026-07-21,2026-07-21
[JUL]_[N]_Card_Oferta,2026-07-21,active,campaign,AUTOPLUS [FORD] CAÇADOR,596131121400908,109.16,11318,6894,95,114.905.263,Conversas por mensagem iniciadas,11,992.363.636,2026-07-21,2026-07-21
[JUL]_[N]_Vídeo_Transit [permanente],2026-07-21,active,campaign,AUTOPLUS [FORD] CAÇADOR,596131121400908,11.73,983,878,2,5.865,,,,2026-07-21,2026-07-21
[JUL]_[N]_Vídeo_Transit [permanente],2026-07-20,active,campaign,AUTOPLUS [FORD] CAÇADOR,596131121400908,13.64,1446,1286,7,194.857.143,Conversas por mensagem iniciadas,1,13.64,2026-07-20,2026-07-20
[JUL]_[N]_Vt_Condição,2026-07-20,recently_completed,campaign,AUTOPLUS [FORD] CAÇADOR,596131121400908,38.08,806,646,29,131.310.345,Conversas por mensagem iniciadas,4,9.52,2026-07-20,2026-07-20
[JUL]_[N]_Card_Oferta,2026-07-20,active,campaign,AUTOPLUS [FORD] CAÇADOR,596131121400908,112.45,12513,7441,108,10.412.037,Conversas por mensagem iniciadas,6,1.874.166.667,2026-07-20,2026-07-20
[JUL]_[SN]_Card_Condição,2026-07-20,completed,campaign,AUTOPLUS [FORD] CAÇADOR,596131121400908,36.44,2063,1634,10,3.644,Conversas por mensagem iniciadas,3,1.214.666.667,2026-07-20,2026-07-20
[JUL]_[SN]_Carrossel_Oferta,2026-07-20,active,campaign,AUTOPLUS [FORD] CAÇADOR,596131121400908,45.5,4688,2982,84,54.166.667,Conversas por mensagem iniciadas,5,9.1,2026-07-20,2026-07-20
[JUL]_[N]_Vídeo_Transit [permanente],2026-07-19,active,campaign,AUTOPLUS [FORD] CAÇADOR,596131121400908,11.64,1053,939,11,105.818.182,Conversas por mensagem iniciadas,4,2.91,2026-07-19,2026-07-19
[JUL]_[N]_Vt_Condição,2026-07-19,recently_completed,campaign,AUTOPLUS [FORD] CAÇADOR,596131121400908,38.44,948,738,30,128.133.333,Conversas por mensagem iniciadas,8,4.805,2026-07-19,2026-07-19
[JUL]_[N]_Card_Oferta,2026-07-19,active,campaign,AUTOPLUS [FORD] CAÇADOR,596131121400908,112.25,13707,8691,114,98.464.912,Conversas por mensagem iniciadas,11,1.020.454.545,2026-07-19,2026-07-19
[JUL]_[SN]_Card_Condição,2026-07-19,completed,campaign,AUTOPLUS [FORD] CAÇADOR,596131121400908,35.7,2335,1732,17,2.1,Conversas por mensagem iniciadas,6,5.95,2026-07-19,2026-07-19
[JUL]_[SN]_Carrossel_Oferta,2026-07-19,active,campaign,AUTOPLUS [FORD] CAÇADOR,596131121400908,44.24,4869,3079,67,66.029.851,Conversas por mensagem iniciadas,3,1.474.666.667,2026-07-19,2026-07-19
[JUL]_[N]_Vt_Condição,2026-07-18,recently_completed,campaign,AUTOPLUS [FORD] CAÇADOR,596131121400908,16.22,526,418,13,124.769.231,Conversas por mensagem iniciadas,1,16.22,2026-07-18,2026-07-18
[JUL]_[SN]_Card_Condição,2026-07-18,completed,campaign,AUTOPLUS [FORD] CAÇADOR,596131121400908,11.19,502,414,6,1.865,Conversas por mensagem iniciadas,2,5.595,2026-07-18,2026-07-18
[JUL]_[N]_Vídeo_Transit [permanente],2026-07-18,active,campaign,AUTOPLUS [FORD] CAÇADOR,596131121400908,4.51,487,443,2,2.255,,,,2026-07-18,2026-07-18
[JUL]_[N]_Card_Oferta,2026-07-18,active,campaign,AUTOPLUS [FORD] CAÇADOR,596131121400908,64.9,6303,4117,46,141.086.957,Conversas por mensagem iniciadas,4,16.225,2026-07-18,2026-07-18
[JUL]_[SN]_Carrossel_Oferta,2026-07-18,active,campaign,AUTOPLUS [FORD] CAÇADOR,596131121400908,25.33,2417,1664,43,58.906.977,Conversas por mensagem iniciadas,1,25.33,2026-07-18,2026-07-18
[JUL]_[N]_Vt_Condição,2026-07-17,recently_completed,campaign,AUTOPLUS [FORD] CAÇADOR,596131121400908,28.07,536,440,24,116.958.333,,,,2026-07-17,2026-07-17
[JUL]_[N]_Card_Oferta,2026-07-17,active,campaign,AUTOPLUS [FORD] CAÇADOR,596131121400908,86.06,9874,6373,78,110.333.333,Conversas por mensagem iniciadas,3,2.868.666.667,2026-07-17,2026-07-17
[JUL]_[SN]_Card_Condição,2026-07-17,completed,campaign,AUTOPLUS [FORD] CAÇADOR,596131121400908,22.1,1271,943,11,200.909.091,Conversas por mensagem iniciadas,4,5.525,2026-07-17,2026-07-17
[JUL]_[SN]_Carrossel_Oferta,2026-07-17,active,campaign,AUTOPLUS [FORD] CAÇADOR,596131121400908,33.14,3297,2047,57,58.140.351,Conversas por mensagem iniciadas,2,16.57,2026-07-17,2026-07-17
[JUL]_[N]_Vídeo_Transit [permanente],2026-07-17,active,campaign,AUTOPLUS [FORD] CAÇADOR,596131121400908,7.58,516,468,3,252.666.667,Conversas por mensagem iniciadas,1,7.58,2026-07-17,2026-07-17
[JUL]_[N]_Vídeo_Transit [permanente],2026-07-16,active,campaign,AUTOPLUS [FORD] CAÇADOR,596131121400908,9.79,790,687,1,9.79,,,,2026-07-16,2026-07-16
[JUL]_[N]_Vt_Condição,2026-07-16,recently_completed,campaign,AUTOPLUS [FORD] CAÇADOR,596131121400908,32.62,892,750,38,85.842.105,Conversas por mensagem iniciadas,7,4.66,2026-07-16,2026-07-16
[JUL]_[N]_Card_Oferta,2026-07-16,active,campaign,AUTOPLUS [FORD] CAÇADOR,596131121400908,99.21,13941,8894,90,110.233.333,Conversas por mensagem iniciadas,8,1.240.125,2026-07-16,2026-07-16
[JUL]_[SN]_Card_Condição,2026-07-16,completed,campaign,AUTOPLUS [FORD] CAÇADOR,596131121400908,33.1,1682,1305,11,300.909.091,Conversas por mensagem iniciadas,5,6.62,2026-07-16,2026-07-16
[JUL]_[SN]_Carrossel_Oferta,2026-07-16,active,campaign,AUTOPLUS [FORD] CAÇADOR,596131121400908,35.37,3263,2121,44,80.386.364,Conversas por mensagem iniciadas,1,35.37,2026-07-16,2026-07-16
[JUL]_[SN]_Carrossel_Oferta,2026-07-15,active,campaign,AUTOPLUS [FORD] CAÇADOR,596131121400908,45.05,4061,2804,48,93.854.167,Conversas por mensagem iniciadas,5,09.01,2026-07-15,2026-07-15
[JUL]_[SN]_Card_Condição,2026-07-15,completed,campaign,AUTOPLUS [FORD] CAÇADOR,596131121400908,34.54,1637,1247,9,383.777.778,,,,2026-07-15,2026-07-15
[JUL]_[N]_Card_Oferta,2026-07-15,active,campaign,AUTOPLUS [FORD] CAÇADOR,596131121400908,103.81,11725,7446,82,126.597.561,Conversas por mensagem iniciadas,6,1.730.166.667,2026-07-15,2026-07-15
[JUL]_[N]_Vt_Condição,2026-07-15,recently_completed,campaign,AUTOPLUS [FORD] CAÇADOR,596131121400908,35,1084,841,19,184.210.526,Conversas por mensagem iniciadas,1,35,2026-07-15,2026-07-15
[JUL]_[N]_Vídeo_Transit [permanente],2026-07-15,active,campaign,AUTOPLUS [FORD] CAÇADOR,596131121400908,14.16,1406,1147,5,2.832,Conversas por mensagem iniciadas,1,14.16,2026-07-15,2026-07-15
[JUL]_[N]_Vídeo_Transit [permanente],2026-07-14,active,campaign,AUTOPLUS [FORD] CAÇADOR,596131121400908,7.16,535,485,2,3.58,Conversas por mensagem iniciadas,1,7.16,2026-07-14,2026-07-14
[JUL]_[N]_Vt_Condição,2026-07-14,recently_completed,campaign,AUTOPLUS [FORD] CAÇADOR,596131121400908,46.59,1383,1127,31,150.290.323,Conversas por mensagem iniciadas,4,11.6475,2026-07-14,2026-07-14
[JUL]_[N]_Card_Oferta,2026-07-14,active,campaign,AUTOPLUS [FORD] CAÇADOR,596131121400908,109.34,9879,6282,75,145.786.667,Conversas por mensagem iniciadas,7,15.62,2026-07-14,2026-07-14
[JUL]_[SN]_Card_Condição,2026-07-14,completed,campaign,AUTOPLUS [FORD] CAÇADOR,596131121400908,32.11,1524,1236,11,291.909.091,Conversas por mensagem iniciadas,3,1.070.333.333,2026-07-14,2026-07-14
[JUL]_[SN]_Carrossel_Oferta,2026-07-14,active,campaign,AUTOPLUS [FORD] CAÇADOR,596131121400908,48.4,4022,2457,61,79.344.262,Conversas por mensagem iniciadas,7,691.428.571,2026-07-14,2026-07-14
[JUL]_[N]_Card_Oferta,2026-07-13,active,campaign,AUTOPLUS [FORD] CAÇADOR,596131121400908,118.8,11099,6544,109,108.990.826,Conversas por mensagem iniciadas,16,7.425,2026-07-13,2026-07-13
[JUL]_[SN]_Card_Condição,2026-07-13,completed,campaign,AUTOPLUS [FORD] CAÇADOR,596131121400908,38.08,1654,1312,5,7.616,,,,2026-07-13,2026-07-13
[JUL]_[SN]_Carrossel_Oferta,2026-07-13,active,campaign,AUTOPLUS [FORD] CAÇADOR,596131121400908,47.99,5009,3060,103,46.592.233,Conversas por mensagem iniciadas,8,599.875,2026-07-13,2026-07-13
[JUL]_[N]_Card_Oferta,2026-07-12,active,campaign,AUTOPLUS [FORD] CAÇADOR,596131121400908,117.88,11454,6444,87,135.494.253,Conversas por mensagem iniciadas,6,1.964.666.667,2026-07-12,2026-07-12
[JUL]_[SN]_Card_Condição,2026-07-12,completed,campaign,AUTOPLUS [FORD] CAÇADOR,596131121400908,38.88,2376,1891,13,299.076.923,Conversas por mensagem iniciadas,3,12.96,2026-07-12,2026-07-12
[JUL]_[SN]_Carrossel_Oferta,2026-07-12,active,campaign,AUTOPLUS [FORD] CAÇADOR,596131121400908,44.7,5645,3573,85,52.588.235,Conversas por mensagem iniciadas,2,22.35,2026-07-12,2026-07-12
[JUL]_[SN]_Card_Condição,2026-07-11,completed,campaign,AUTOPLUS [FORD] CAÇADOR,596131121400908,14.6,889,689,8,1.825,Conversas por mensagem iniciadas,2,7.3,2026-07-11,2026-07-11
[JUL]_[SN]_Carrossel_Oferta,2026-07-11,active,campaign,AUTOPLUS [FORD] CAÇADOR,596131121400908,30.23,3469,2247,65,46.507.692,Conversas por mensagem iniciadas,4,7.5575,2026-07-11,2026-07-11
[JUL]_[N]_Card_Oferta,2026-07-11,active,campaign,AUTOPLUS [FORD] CAÇADOR,596131121400908,80.25,8773,5362,73,109.931.507,Conversas por mensagem iniciadas,14,573.214.286,2026-07-11,2026-07-11
[JUL]_[SN]_Carrossel_Oferta,2026-07-10,active,campaign,AUTOPLUS [FORD] CAÇADOR,596131121400908,38.19,3944,2516,72,53.041.667,Conversas por mensagem iniciadas,3,12.73,2026-07-10,2026-07-10
[JUL]_[N]_Card_Oferta,2026-07-10,active,campaign,AUTOPLUS [FORD] CAÇADOR,596131121400908,81.83,5887,3578,55,148.781.818,Conversas por mensagem iniciadas,5,16.366,2026-07-10,2026-07-10
[JUL]_[SN]_Card_Condição,2026-07-10,completed,campaign,AUTOPLUS [FORD] CAÇADOR,596131121400908,23.22,1220,928,12,1.935,,,,2026-07-10,2026-07-10
[JUL]_[N]_Card_Oferta,2026-07-09,active,campaign,AUTOPLUS [FORD] CAÇADOR,596131121400908,24.85,2242,1420,17,146.176.471,Conversas por mensagem iniciadas,1,24.85,2026-07-09,2026-07-09
[JUL]_[SN]_Card_Condição,2026-07-09,completed,campaign,AUTOPLUS [FORD] CAÇADOR,596131121400908,24.04,1230,925,10,2.404,Conversas por mensagem iniciadas,3,801.333.333,2026-07-09,2026-07-09
[JUL]_[SN]_Carrossel_Oferta,2026-07-09,active,campaign,AUTOPLUS [FORD] CAÇADOR,596131121400908,41.81,3565,2201,73,57.273.973,Conversas por mensagem iniciadas,8,522.625,2026-07-09,2026-07-09
[JUL]_[N]_Card_Oferta,2026-07-08,active,campaign,AUTOPLUS [FORD] CAÇADOR,596131121400908,35.03,3012,2055,27,129.740.741,Conversas por mensagem iniciadas,4,8.7575,2026-07-08,2026-07-08
[JUL]_[SN]_Card_Condição,2026-07-08,completed,campaign,AUTOPLUS [FORD] CAÇADOR,596131121400908,33.06,1471,1117,6,5.51,,,,2026-07-08,2026-07-08
[JUL]_[SN]_Carrossel_Oferta,2026-07-08,active,campaign,AUTOPLUS [FORD] CAÇADOR,596131121400908,43.34,3962,2496,60,72.233.333,Conversas por mensagem iniciadas,1,43.34,2026-07-08,2026-07-08
[JUL]_[N]_Card_Oferta,2026-07-07,active,campaign,AUTOPLUS [FORD] CAÇADOR,596131121400908,31.91,3183,2185,22,145.045.455,Conversas por mensagem iniciadas,2,15.955,2026-07-07,2026-07-07
[JUL]_[SN]_Card_Condição,2026-07-07,completed,campaign,AUTOPLUS [FORD] CAÇADOR,596131121400908,32.67,1932,1464,14,233.357.143,Conversas por mensagem iniciadas,2,16.335,2026-07-07,2026-07-07
[JUL]_[SN]_Carrossel_Oferta,2026-07-07,active,campaign,AUTOPLUS [FORD] CAÇADOR,596131121400908,43.89,3808,2200,60,7.315,Conversas por mensagem iniciadas,3,14.63,2026-07-07,2026-07-07
[JUN]_[N]_Vídeo_Modelo,2026-07-06,inactive,campaign,AUTOPLUS [FORD] CAÇADOR,596131121400908,9.95,546,444,10,995,Conversas por mensagem iniciadas,2,4.975,2026-07-06,2026-07-06
[JUL]_[SN]_Carrossel_Oferta,2026-07-06,active,campaign,AUTOPLUS [FORD] CAÇADOR,596131121400908,41.92,5169,3445,73,57.424.658,Conversas por mensagem iniciadas,3,1.397.333.333,2026-07-06,2026-07-06
[JUL]_[SN]_Card_Condição,2026-07-06,completed,campaign,AUTOPLUS [FORD] CAÇADOR,596131121400908,45.12,2720,2124,23,196.173.913,Conversas por mensagem iniciadas,3,15.04,2026-07-06,2026-07-06
[JUL]_[N]_Card_Oferta,2026-07-06,active,campaign,AUTOPLUS [FORD] CAÇADOR,596131121400908,40.34,4971,3579,38,106.157.895,Conversas por mensagem iniciadas,4,10.085,2026-07-06,2026-07-06
[JUL]_[N]_Card_Oferta,2026-07-05,active,campaign,AUTOPLUS [FORD] CAÇADOR,596131121400908,35.79,4999,3479,35,102.257.143,Conversas por mensagem iniciadas,2,17.895,2026-07-05,2026-07-05
[JUL]_[SN]_Card_Condição,2026-07-05,completed,campaign,AUTOPLUS [FORD] CAÇADOR,596131121400908,37.29,2560,1855,18,207.166.667,Conversas por mensagem iniciadas,5,7.458,2026-07-05,2026-07-05
[JUN]_[N]_Vídeo_Modelo,2026-07-05,inactive,campaign,AUTOPLUS [FORD] CAÇADOR,596131121400908,25.68,1519,1103,15,1.712,Conversas por mensagem iniciadas,1,25.68,2026-07-05,2026-07-05
[JUL]_[SN]_Carrossel_Oferta,2026-07-05,active,campaign,AUTOPLUS [FORD] CAÇADOR,596131121400908,40.57,4751,3124,83,48.879.518,Conversas por mensagem iniciadas,9,450.777.778,2026-07-05,2026-07-05
[JUL]_[N]_Card_Oferta,2026-07-04,active,campaign,AUTOPLUS [FORD] CAÇADOR,596131121400908,25.9,3963,2864,28,925,,,,2026-07-04,2026-07-04
[JUL]_[SN]_Card_Condição,2026-07-04,completed,campaign,AUTOPLUS [FORD] CAÇADOR,596131121400908,23.47,1680,1271,13,180.538.462,,,,2026-07-04,2026-07-04
[JUN]_[N]_Vídeo_Modelo,2026-07-04,inactive,campaign,AUTOPLUS [FORD] CAÇADOR,596131121400908,12.77,842,632,14,91.214.286,Conversas por mensagem iniciadas,1,12.77,2026-07-04,2026-07-04
[JUL]_[SN]_Carrossel_Oferta,2026-07-04,active,campaign,AUTOPLUS [FORD] CAÇADOR,596131121400908,25.95,3070,2098,53,48.962.264,Conversas por mensagem iniciadas,5,5.19,2026-07-04,2026-07-04
[JUL]_[N]_Card_Oferta,2026-07-03,active,campaign,AUTOPLUS [FORD] CAÇADOR,596131121400908,11.69,1786,1520,11,106.272.727,,,,2026-07-03,2026-07-03
[JUL]_[SN]_Card_Condição,2026-07-03,completed,campaign,AUTOPLUS [FORD] CAÇADOR,596131121400908,14.05,810,704,2,7.025,,,,2026-07-03,2026-07-03
[JUN]_[N]_Vídeo_Modelo,2026-07-03,inactive,campaign,AUTOPLUS [FORD] CAÇADOR,596131121400908,12.31,863,611,8,153.875,,,,2026-07-03,2026-07-03
[JUL]_[SN]_Carrossel_Oferta,2026-07-03,active,campaign,AUTOPLUS [FORD] CAÇADOR,596131121400908,27.46,3065,2041,63,43.587.302,Conversas por mensagem iniciadas,2,13.73,2026-07-03,2026-07-03
[JUL]_[SN]_Carrossel_Oferta,2026-07-02,active,campaign,AUTOPLUS [FORD] CAÇADOR,596131121400908,38.27,3708,2418,55,69.581.818,Conversas por mensagem iniciadas,7,546.714.286,2026-07-02,2026-07-02
[JUN]_[N]_Vídeo_Modelo,2026-07-02,inactive,campaign,AUTOPLUS [FORD] CAÇADOR,596131121400908,14.78,1115,720,4,3.695,Conversas por mensagem iniciadas,1,14.78,2026-07-02,2026-07-02
[JUN]_[N]_Vídeo_Modelo,2026-07-01,inactive,campaign,AUTOPLUS [FORD] CAÇADOR,596131121400908,24.96,1476,918,25,9.984,Conversas por mensagem iniciadas,4,6.24,2026-07-01,2026-07-01
[JUL]_[SN]_Carrossel_Oferta,2026-07-01,active,campaign,AUTOPLUS [FORD] CAÇADOR,596131121400908,43.2,4749,3119,59,73.220.339,Conversas por mensagem iniciadas,5,8.64,2026-07-01,2026-07-01
[JUL]_[N]_Vídeo_Ranger/Territory,2026-07-31,inactive,campaign,AUTOPLUS [FORD] CONCÓRDIA,171365955111522,12.1,8352,7951,4,3.025,Cliques no link,4,3.025,2026-07-31,2026-07-31
[JUL]_[N]_Vídeo_Transit [permanente],2026-07-31,active,campaign,AUTOPLUS [FORD] CONCÓRDIA,171365955111522,6.13,4275,4275,6,102.166.667,Cliques no link,6,102.166.667,2026-07-31,2026-07-31
[JUL]_[N]_Vt_Condição,2026-07-31,inactive,campaign,AUTOPLUS [FORD] CONCÓRDIA,171365955111522,12.07,8291,7204,3,402.333.333,Cliques no link,3,402.333.333,2026-07-31,2026-07-31
[JUL]_[N]_Card_Oferta,2026-07-31,active,campaign,AUTOPLUS [FORD] CONCÓRDIA,171365955111522,51.39,37129,26349,43,119.511.628,Cliques no link,43,119.511.628,2026-07-31,2026-07-31
[JUL]_[SN]_Carrossel_Oferta,2026-07-31,active,campaign,AUTOPLUS [FORD] CONCÓRDIA,171365955111522,37.78,12277,7992,261,14.475.096,Cliques no link,261,14.475.096,2026-07-31,2026-07-31
[JUL]_[N]_Card_Oferta,2026-07-30,active,campaign,AUTOPLUS [FORD] CONCÓRDIA,171365955111522,46.77,35522,26114,34,137.558.824,Cliques no link,34,137.558.824,2026-07-30,2026-07-30
[JUL]_[SN]_Carrossel_Oferta,2026-07-30,active,campaign,AUTOPLUS [FORD] CONCÓRDIA,171365955111522,38.32,13374,8913,256,1.496.875,Cliques no link,256,1.496.875,2026-07-30,2026-07-30
[JUL]_[N]_Vt_Condição,2026-07-30,inactive,campaign,AUTOPLUS [FORD] CONCÓRDIA,171365955111522,11.44,8099,7100,,,,,,2026-07-30,2026-07-30
[JUL]_[N]_Vídeo_Transit [permanente],2026-07-30,active,campaign,AUTOPLUS [FORD] CONCÓRDIA,171365955111522,5.45,3881,3720,3,181.666.667,Cliques no link,3,181.666.667,2026-07-30,2026-07-30
[JUL]_[N]_Vídeo_Ranger/Territory,2026-07-30,inactive,campaign,AUTOPLUS [FORD] CONCÓRDIA,171365955111522,11.27,8033,7553,7,1.61,Cliques no link,7,1.61,2026-07-30,2026-07-30
[JUL]_[N]_Vídeo_Ranger/Territory,2026-07-29,inactive,campaign,AUTOPLUS [FORD] CONCÓRDIA,171365955111522,10.78,8013,7399,,,,,,2026-07-29,2026-07-29
[JUL]_[N]_Vídeo_Transit [permanente],2026-07-29,active,campaign,AUTOPLUS [FORD] CONCÓRDIA,171365955111522,5.83,4358,4311,1,5.83,Cliques no link,1,5.83,2026-07-29,2026-07-29
[JUL]_[N]_Vt_Condição,2026-07-29,inactive,campaign,AUTOPLUS [FORD] CONCÓRDIA,171365955111522,11.03,8123,7163,2,5.515,Cliques no link,2,5.515,2026-07-29,2026-07-29
[JUL]_[N]_Card_Oferta,2026-07-29,active,campaign,AUTOPLUS [FORD] CONCÓRDIA,171365955111522,44.04,34838,25040,42,104.857.143,Cliques no link,42,104.857.143,2026-07-29,2026-07-29
[JUL]_[SN]_Carrossel_Oferta,2026-07-29,active,campaign,AUTOPLUS [FORD] CONCÓRDIA,171365955111522,38.81,15249,9772,288,13.475.694,Cliques no link,288,13.475.694,2026-07-29,2026-07-29
[JUL]_[N]_Card_Oferta,2026-07-28,active,campaign,AUTOPLUS [FORD] CONCÓRDIA,171365955111522,46.2,38099,27154,48,9.625,Cliques no link,48,9.625,2026-07-28,2026-07-28
[JUL]_[SN]_Carrossel_Oferta,2026-07-28,active,campaign,AUTOPLUS [FORD] CONCÓRDIA,171365955111522,40.85,15571,10112,278,14.694.245,Cliques no link,278,14.694.245,2026-07-28,2026-07-28
[JUL]_[N]_Vídeo_Ranger/Territory,2026-07-28,inactive,campaign,AUTOPLUS [FORD] CONCÓRDIA,171365955111522,11.13,8584,8015,2,5.565,Cliques no link,2,5.565,2026-07-28,2026-07-28
[JUL]_[N]_Vt_Condição,2026-07-28,inactive,campaign,AUTOPLUS [FORD] CONCÓRDIA,171365955111522,11.04,8465,6900,3,3.68,Cliques no link,3,3.68,2026-07-28,2026-07-28
[JUL]_[N]_Vídeo_Transit [permanente],2026-07-28,active,campaign,AUTOPLUS [FORD] CONCÓRDIA,171365955111522,5.53,4339,4339,4,1.3825,Cliques no link,4,1.3825,2026-07-28,2026-07-28
[JUL]_[N]_Vídeo_Ranger/Territory,2026-07-27,inactive,campaign,AUTOPLUS [FORD] CONCÓRDIA,171365955111522,14.2,11261,10383,9,157.777.778,Cliques no link,9,157.777.778,2026-07-27,2026-07-27
[JUL]_[N]_Vídeo_Transit [permanente],2026-07-27,active,campaign,AUTOPLUS [FORD] CONCÓRDIA,171365955111522,6.92,5605,5553,8,865,Cliques no link,8,865,2026-07-27,2026-07-27
[JUL]_[N]_Vt_Condição,2026-07-27,inactive,campaign,AUTOPLUS [FORD] CONCÓRDIA,171365955111522,16.94,13221,11290,2,8.47,Cliques no link,2,8.47,2026-07-27,2026-07-27
[JUL]_[N]_Card_Oferta,2026-07-27,active,campaign,AUTOPLUS [FORD] CONCÓRDIA,171365955111522,65.85,54441,38671,69,95.434.783,Cliques no link,69,95.434.783,2026-07-27,2026-07-27
[JUL]_[SN]_Carrossel_Oferta,2026-07-27,active,campaign,AUTOPLUS [FORD] CONCÓRDIA,171365955111522,40.33,16974,10959,303,13.310.231,Cliques no link,303,13.310.231,2026-07-27,2026-07-27
[JUL]_[N]_Vídeo_Ranger/Territory,2026-07-26,inactive,campaign,AUTOPLUS [FORD] CONCÓRDIA,171365955111522,22.19,17364,15707,18,123.277.778,Cliques no link,18,123.277.778,2026-07-26,2026-07-26
[JUL]_[N]_Vídeo_Transit [permanente],2026-07-26,active,campaign,AUTOPLUS [FORD] CONCÓRDIA,171365955111522,11.39,8939,8939,10,1.139,Cliques no link,10,1.139,2026-07-26,2026-07-26
[JUL]_[N]_Vt_Condição,2026-07-26,inactive,campaign,AUTOPLUS [FORD] CONCÓRDIA,171365955111522,33.42,25724,20655,8,4.1775,Cliques no link,8,4.1775,2026-07-26,2026-07-26
[JUL]_[N]_Card_Oferta,2026-07-26,active,campaign,AUTOPLUS [FORD] CONCÓRDIA,171365955111522,111.89,90108,59505,93,120.311.828,Cliques no link,93,120.311.828,2026-07-26,2026-07-26
[JUL]_[SN]_Carrossel_Oferta,2026-07-26,active,campaign,AUTOPLUS [FORD] CONCÓRDIA,171365955111522,49.28,24655,15501,366,13.464.481,Cliques no link,366,13.464.481,2026-07-26,2026-07-26
[JUL]_[N]_Card_Oferta,2026-07-25,active,campaign,AUTOPLUS [FORD] CONCÓRDIA,171365955111522,171.69,128249,83319,136,126.242.647,Cliques no link,136,126.242.647,2026-07-25,2026-07-25
[JUL]_[SN]_Carrossel_Oferta,2026-07-25,active,campaign,AUTOPLUS [FORD] CONCÓRDIA,171365955111522,64.97,32059,18749,461,14.093.275,Cliques no link,461,14.093.275,2026-07-25,2026-07-25
[JUL]_[N]_Vt_Condição,2026-07-25,inactive,campaign,AUTOPLUS [FORD] CONCÓRDIA,171365955111522,48.16,34794,25674,4,12.04,Cliques no link,4,12.04,2026-07-25,2026-07-25
[JUL]_[N]_Vídeo_Transit [permanente],2026-07-25,active,campaign,AUTOPLUS [FORD] CONCÓRDIA,171365955111522,15.62,11365,11365,7,223.142.857,Cliques no link,7,223.142.857,2026-07-25,2026-07-25
[JUL]_[N]_Vídeo_Ranger/Territory,2026-07-25,inactive,campaign,AUTOPLUS [FORD] CONCÓRDIA,171365955111522,31.51,23286,20765,13,242.384.615,Cliques no link,13,242.384.615,2026-07-25,2026-07-25
[JUL]_[N]_Vídeo_Ranger/Territory,2026-07-24,inactive,campaign,AUTOPLUS [FORD] CONCÓRDIA,171365955111522,30.08,22627,21023,13,231.384.615,Cliques no link,13,231.384.615,2026-07-24,2026-07-24
[JUL]_[N]_Vídeo_Transit [permanente],2026-07-24,active,campaign,AUTOPLUS [FORD] CONCÓRDIA,171365955111522,14.85,10805,10533,8,185.625,Cliques no link,8,185.625,2026-07-24,2026-07-24
[JUL]_[N]_Vt_Condição,2026-07-24,inactive,campaign,AUTOPLUS [FORD] CONCÓRDIA,171365955111522,44.07,31950,26358,4,11.0175,Cliques no link,4,11.0175,2026-07-24,2026-07-24
[JUL]_[N]_Card_Oferta,2026-07-24,active,campaign,AUTOPLUS [FORD] CONCÓRDIA,171365955111522,128.34,96281,65706,109,117.743.119,Cliques no link,109,117.743.119,2026-07-24,2026-07-24
[JUL]_[SN]_Carrossel_Oferta,2026-07-24,active,campaign,AUTOPLUS [FORD] CONCÓRDIA,171365955111522,60.9,24341,15277,387,15.736.434,Cliques no link,387,15.736.434,2026-07-24,2026-07-24
[JUL]_[N]_Vídeo_Ranger/Territory,2026-07-23,inactive,campaign,AUTOPLUS [FORD] CONCÓRDIA,171365955111522,29.92,23270,20612,8,3.74,Cliques no link,8,3.74,2026-07-23,2026-07-23
[JUL]_[N]_Vídeo_Transit [permanente],2026-07-23,active,campaign,AUTOPLUS [FORD] CONCÓRDIA,171365955111522,14.63,11309,11001,5,2.926,Cliques no link,5,2.926,2026-07-23,2026-07-23
[JUL]_[N]_Vt_Condição,2026-07-23,inactive,campaign,AUTOPLUS [FORD] CONCÓRDIA,171365955111522,43.86,32412,28645,4,10.965,Cliques no link,4,10.965,2026-07-23,2026-07-23
[JUL]_[SN]_Card_Condição,2026-07-23,completed,campaign,AUTOPLUS [FORD] CONCÓRDIA,171365955111522,0.42,443,443,1,0.42,Cliques no link,1,0.42,2026-07-23,2026-07-23
[JUL]_[N]_Card_Oferta,2026-07-23,active,campaign,AUTOPLUS [FORD] CONCÓRDIA,171365955111522,1.51,1495,1390,2,755,Cliques no link,2,755,2026-07-23,2026-07-23
[JUL]_[SN]_Carrossel_Oferta,2026-07-23,active,campaign,AUTOPLUS [FORD] CONCÓRDIA,171365955111522,59.56,22241,13716,368,16.184.783,Cliques no link,368,16.184.783,2026-07-23,2026-07-23
[JUL]_[N]_Vt_Condição,2026-07-22,inactive,campaign,AUTOPLUS [FORD] CONCÓRDIA,171365955111522,33.81,25607,23233,2,16.905,Cliques no link,2,16.905,2026-07-22,2026-07-22
[JUL]_[SN]_Carrossel_Oferta,2026-07-22,active,campaign,AUTOPLUS [FORD] CONCÓRDIA,171365955111522,46.68,19318,12875,267,17.483.146,Cliques no link,267,17.483.146,2026-07-22,2026-07-22
[JUL]_[N]_Card_Oferta,2026-07-22,active,campaign,AUTOPLUS [FORD] CONCÓRDIA,171365955111522,174.21,139175,88548,135,129.044.444,Cliques no link,135,129.044.444,2026-07-22,2026-07-22
[JUL]_[N]_Vídeo_Transit [permanente],2026-07-22,active,campaign,AUTOPLUS [FORD] CONCÓRDIA,171365955111522,10.69,8319,8319,6,178.166.667,Cliques no link,6,178.166.667,2026-07-22,2026-07-22
[JUL]_[SN]_Card_Condição,2026-07-22,completed,campaign,AUTOPLUS [FORD] CONCÓRDIA,171365955111522,52.23,41572,38786,60,8.705,Cliques no link,60,8.705,2026-07-22,2026-07-22
[JUL]_[N]_Vídeo_Ranger/Territory,2026-07-22,inactive,campaign,AUTOPLUS [FORD] CONCÓRDIA,171365955111522,21.4,17131,16752,16,1.3375,Cliques no link,16,1.3375,2026-07-22,2026-07-22
[JUL]_[N]_Vídeo_Ranger/Territory,2026-07-20,inactive,campaign,AUTOPLUS [FORD] CONCÓRDIA,171365955111522,3.75,3075,2673,2,1.875,Cliques no link,2,1.875,2026-07-20,2026-07-20
[JUL]_[N]_Vídeo_Transit [permanente],2026-07-20,active,campaign,AUTOPLUS [FORD] CONCÓRDIA,171365955111522,02.05,1673,1673,1,02.05,Cliques no link,1,02.05,2026-07-20,2026-07-20
[JUL]_[N]_Vt_Condição,2026-07-20,inactive,campaign,AUTOPLUS [FORD] CONCÓRDIA,171365955111522,5.91,4737,4474,,,,,,2026-07-20,2026-07-20
[JUL]_[SN]_Card_Condição,2026-07-20,completed,campaign,AUTOPLUS [FORD] CONCÓRDIA,171365955111522,5.71,4716,4716,1,5.71,Cliques no link,1,5.71,2026-07-20,2026-07-20
[JUL]_[N]_Card_Oferta,2026-07-20,active,campaign,AUTOPLUS [FORD] CONCÓRDIA,171365955111522,20.59,17520,14890,16,1.286.875,Cliques no link,16,1.286.875,2026-07-20,2026-07-20
[JUL]_[SN]_Carrossel_Oferta,2026-07-20,active,campaign,AUTOPLUS [FORD] CONCÓRDIA,171365955111522,6.16,2212,1723,39,15.794.872,Cliques no link,39,15.794.872,2026-07-20,2026-07-20
[JUL]_[SN]_Carrossel_Oferta,2026-07-19,active,campaign,AUTOPLUS [FORD] CONCÓRDIA,171365955111522,48.73,19369,11802,306,15.924.837,Cliques no link,306,15.924.837,2026-07-19,2026-07-19
[JUL]_[N]_Vídeo_Ranger/Territory,2026-07-19,inactive,campaign,AUTOPLUS [FORD] CONCÓRDIA,171365955111522,23.28,18739,17146,13,179.076.923,Cliques no link,13,179.076.923,2026-07-19,2026-07-19
[JUL]_[N]_Vídeo_Transit [permanente],2026-07-19,active,campaign,AUTOPLUS [FORD] CONCÓRDIA,171365955111522,12.11,9780,9606,3,403.666.667,Cliques no link,3,403.666.667,2026-07-19,2026-07-19
[JUL]_[N]_Vt_Condição,2026-07-19,inactive,campaign,AUTOPLUS [FORD] CONCÓRDIA,171365955111522,34.18,26727,23163,3,1.139.333.333,Cliques no link,3,1.139.333.333,2026-07-19,2026-07-19
[JUL]_[SN]_Card_Condição,2026-07-19,completed,campaign,AUTOPLUS [FORD] CONCÓRDIA,171365955111522,34.23,27744,26533,14,2.445,Cliques no link,14,2.445,2026-07-19,2026-07-19
[JUL]_[N]_Card_Oferta,2026-07-19,active,campaign,AUTOPLUS [FORD] CONCÓRDIA,171365955111522,114.26,94196,64033,114,10.022.807,Cliques no link,114,10.022.807,2026-07-19,2026-07-19
[JUL]_[N]_Vídeo_Transit [permanente],2026-07-18,active,campaign,AUTOPLUS [FORD] CONCÓRDIA,171365955111522,9.6,7236,7173,3,3.2,Cliques no link,3,3.2,2026-07-18,2026-07-18
[JUL]_[N]_Vídeo_Ranger/Territory,2026-07-18,inactive,campaign,AUTOPLUS [FORD] CONCÓRDIA,171365955111522,18.32,13884,12434,9,203.555.556,Cliques no link,9,203.555.556,2026-07-18,2026-07-18
[JUL]_[N]_Vt_Condição,2026-07-18,inactive,campaign,AUTOPLUS [FORD] CONCÓRDIA,171365955111522,33.74,24871,21532,1,33.74,Cliques no link,1,33.74,2026-07-18,2026-07-18
[JUL]_[SN]_Card_Condição,2026-07-18,completed,campaign,AUTOPLUS [FORD] CONCÓRDIA,171365955111522,33.63,25795,24813,23,146.217.391,Cliques no link,23,146.217.391,2026-07-18,2026-07-18
[JUL]_[N]_Card_Oferta,2026-07-18,active,campaign,AUTOPLUS [FORD] CONCÓRDIA,171365955111522,111.04,86829,56966,109,10.187.156,Cliques no link,109,10.187.156,2026-07-18,2026-07-18
[JUL]_[SN]_Carrossel_Oferta,2026-07-18,active,campaign,AUTOPLUS [FORD] CONCÓRDIA,171365955111522,40.23,15641,10073,247,16.287.449,Cliques no link,247,16.287.449,2026-07-18,2026-07-18
[JUL]_[SN]_Card_Condição,2026-07-17,completed,campaign,AUTOPLUS [FORD] CONCÓRDIA,171365955111522,26.52,20821,19997,17,1.56,Cliques no link,17,1.56,2026-07-17,2026-07-17
[JUL]_[SN]_Carrossel_Oferta,2026-07-17,active,campaign,AUTOPLUS [FORD] CONCÓRDIA,171365955111522,37.89,13802,9246,226,16.765.487,Cliques no link,226,16.765.487,2026-07-17,2026-07-17
[JUL]_[N]_Card_Oferta,2026-07-17,active,campaign,AUTOPLUS [FORD] CONCÓRDIA,171365955111522,91.86,70854,47773,78,117.769.231,Cliques no link,78,117.769.231,2026-07-17,2026-07-17
[JUL]_[N]_Vt_Condição,2026-07-17,inactive,campaign,AUTOPLUS [FORD] CONCÓRDIA,171365955111522,28.98,21174,18434,2,14.49,Cliques no link,2,14.49,2026-07-17,2026-07-17
[JUL]_[N]_Vídeo_Transit [permanente],2026-07-17,active,campaign,AUTOPLUS [FORD] CONCÓRDIA,171365955111522,7.91,5956,5942,9,87.888.889,Cliques no link,9,87.888.889,2026-07-17,2026-07-17
[JUL]_[N]_Vídeo_Ranger/Territory,2026-07-17,inactive,campaign,AUTOPLUS [FORD] CONCÓRDIA,171365955111522,7.6,5782,5168,3,253.333.333,Cliques no link,3,253.333.333,2026-07-17,2026-07-17
[JUL]_[N]_Vídeo_Transit [permanente],2026-07-16,active,campaign,AUTOPLUS [FORD] CONCÓRDIA,171365955111522,9.23,7721,7721,11,83.909.091,Cliques no link,11,83.909.091,2026-07-16,2026-07-16
[JUL]_[N]_Vt_Condição,2026-07-16,inactive,campaign,AUTOPLUS [FORD] CONCÓRDIA,171365955111522,28.72,22195,19833,3,957.333.333,Cliques no link,3,957.333.333,2026-07-16,2026-07-16
[JUL]_[SN]_Card_Condição,2026-07-16,completed,campaign,AUTOPLUS [FORD] CONCÓRDIA,171365955111522,26.55,22861,21655,21,126.428.571,Cliques no link,21,126.428.571,2026-07-16,2026-07-16
[JUL]_[N]_Card_Oferta,2026-07-16,active,campaign,AUTOPLUS [FORD] CONCÓRDIA,171365955111522,92.95,75751,53196,82,113.353.659,Cliques no link,82,113.353.659,2026-07-16,2026-07-16
[JUL]_[SN]_Carrossel_Oferta,2026-07-16,active,campaign,AUTOPLUS [FORD] CONCÓRDIA,171365955111522,40.4,14905,9693,243,16.625.514,Cliques no link,243,16.625.514,2026-07-16,2026-07-16
[JUL]_[N]_Card_Oferta,2026-07-15,active,campaign,AUTOPLUS [FORD] CONCÓRDIA,171365955111522,89.37,76088,56839,69,129.521.739,Cliques no link,69,129.521.739,2026-07-15,2026-07-15
[JUL]_[SN]_Carrossel_Oferta,2026-07-15,active,campaign,AUTOPLUS [FORD] CONCÓRDIA,171365955111522,41.49,16648,10980,263,15.775.665,Cliques no link,263,15.775.665,2026-07-15,2026-07-15
[JUL]_[N]_Vt_Condição,2026-07-15,inactive,campaign,AUTOPLUS [FORD] CONCÓRDIA,171365955111522,31.94,25830,24317,7,456.285.714,Cliques no link,7,456.285.714,2026-07-15,2026-07-15
[JUL]_[N]_Vídeo_Transit [permanente],2026-07-15,active,campaign,AUTOPLUS [FORD] CONCÓRDIA,171365955111522,9.92,8940,8938,7,141.714.286,Cliques no link,7,141.714.286,2026-07-15,2026-07-15
[JUL]_[SN]_Card_Condição,2026-07-15,completed,campaign,AUTOPLUS [FORD] CONCÓRDIA,171365955111522,28.34,26484,26308,30,94.466.667,Cliques no link,30,94.466.667,2026-07-15,2026-07-15
[JUL]_[N]_Vídeo_Transit [permanente],2026-07-14,active,campaign,AUTOPLUS [FORD] CONCÓRDIA,171365955111522,6.35,5262,5122,3,211.666.667,Cliques no link,3,211.666.667,2026-07-14,2026-07-14
[JUL]_[N]_Vt_Condição,2026-07-14,inactive,campaign,AUTOPLUS [FORD] CONCÓRDIA,171365955111522,25.97,22207,21068,4,6.4925,Cliques no link,4,6.4925,2026-07-14,2026-07-14
[JUL]_[SN]_Card_Condição,2026-07-14,completed,campaign,AUTOPLUS [FORD] CONCÓRDIA,171365955111522,29.49,30005,29177,30,983,Cliques no link,30,983,2026-07-14,2026-07-14
[JUL]_[N]_Card_Oferta,2026-07-14,active,campaign,AUTOPLUS [FORD] CONCÓRDIA,171365955111522,99.05,89030,68252,109,9.087.156,Cliques no link,109,9.087.156,2026-07-14,2026-07-14
[JUL]_[SN]_Carrossel_Oferta,2026-07-14,active,campaign,AUTOPLUS [FORD] CONCÓRDIA,171365955111522,42.25,17601,11510,283,14.929.329,Cliques no link,283,14.929.329,2026-07-14,2026-07-14
[JUL]_[N]_Vt_Condição,2026-07-13,inactive,campaign,AUTOPLUS [FORD] CONCÓRDIA,171365955111522,8.92,7829,7370,,,,,,2026-07-13,2026-07-13
[JUL]_[SN]_Card_Condição,2026-07-13,completed,campaign,AUTOPLUS [FORD] CONCÓRDIA,171365955111522,29.69,28475,27369,17,174.647.059,Cliques no link,17,174.647.059,2026-07-13,2026-07-13
[JUL]_[N]_Card_Oferta,2026-07-13,active,campaign,AUTOPLUS [FORD] CONCÓRDIA,171365955111522,97.47,87212,61598,85,114.670.588,Cliques no link,85,114.670.588,2026-07-13,2026-07-13
[JUL]_[SN]_Carrossel_Oferta,2026-07-13,active,campaign,AUTOPLUS [FORD] CONCÓRDIA,171365955111522,36.93,15941,10182,248,14.891.129,Cliques no link,248,14.891.129,2026-07-13,2026-07-13
[JUL]_[SN]_Carrossel_Oferta,2026-07-12,active,campaign,AUTOPLUS [FORD] CONCÓRDIA,171365955111522,47.81,27637,15749,360,13.280.556,Cliques no link,360,13.280.556,2026-07-12,2026-07-12
[JUL]_[SN]_Card_Condição,2026-07-12,completed,campaign,AUTOPLUS [FORD] CONCÓRDIA,171365955111522,35.78,33240,32649,18,198.777.778,Cliques no link,18,198.777.778,2026-07-12,2026-07-12
[JUL]_[N]_Card_Oferta,2026-07-12,active,campaign,AUTOPLUS [FORD] CONCÓRDIA,171365955111522,118.26,104178,73586,116,101.948.276,Cliques no link,116,101.948.276,2026-07-12,2026-07-12
[JUL]_[N]_Card_Oferta,2026-07-11,active,campaign,AUTOPLUS [FORD] CONCÓRDIA,171365955111522,91.93,75320,52277,91,101.021.978,Cliques no link,91,101.021.978,2026-07-11,2026-07-11
[JUL]_[SN]_Carrossel_Oferta,2026-07-11,active,campaign,AUTOPLUS [FORD] CONCÓRDIA,171365955111522,37.5,20420,12197,288,13.020.833,Cliques no link,288,13.020.833,2026-07-11,2026-07-11
[JUL]_[SN]_Card_Condição,2026-07-11,completed,campaign,AUTOPLUS [FORD] CONCÓRDIA,171365955111522,30.9,25519,23221,23,134.347.826,Cliques no link,23,134.347.826,2026-07-11,2026-07-11
[JUL]_[SN]_Card_Condição,2026-07-10,completed,campaign,AUTOPLUS [FORD] CONCÓRDIA,171365955111522,28.8,22802,20586,19,151.578.947,Cliques no link,19,151.578.947,2026-07-10,2026-07-10
[JUL]_[N]_Card_Oferta,2026-07-10,active,campaign,AUTOPLUS [FORD] CONCÓRDIA,171365955111522,69.21,55576,39134,79,87.607.595,Cliques no link,79,87.607.595,2026-07-10,2026-07-10
[JUL]_[SN]_Carrossel_Oferta,2026-07-10,active,campaign,AUTOPLUS [FORD] CONCÓRDIA,171365955111522,39.87,18287,11270,291,13.701.031,Cliques no link,291,13.701.031,2026-07-10,2026-07-10
[JUL]_[SN]_Card_Condição,2026-07-09,completed,campaign,AUTOPLUS [FORD] CONCÓRDIA,171365955111522,29.09,23268,20860,18,161.611.111,Cliques no link,18,161.611.111,2026-07-09,2026-07-09
[JUL]_[N]_Card_Oferta,2026-07-09,active,campaign,AUTOPLUS [FORD] CONCÓRDIA,171365955111522,28.84,23804,17820,25,1.1536,Cliques no link,25,1.1536,2026-07-09,2026-07-09
[JUL]_[SN]_Carrossel_Oferta,2026-07-09,active,campaign,AUTOPLUS [FORD] CONCÓRDIA,171365955111522,38.09,18673,12206,249,15.297.189,Cliques no link,249,15.297.189,2026-07-09,2026-07-09
[JUL]_[SN]_Card_Condição,2026-07-08,completed,campaign,AUTOPLUS [FORD] CONCÓRDIA,171365955111522,28.24,23029,21220,21,13.447.619,Cliques no link,21,13.447.619,2026-07-08,2026-07-08
[JUL]_[N]_Card_Oferta,2026-07-08,active,campaign,AUTOPLUS [FORD] CONCÓRDIA,171365955111522,28.23,24561,19043,35,80.657.143,Cliques no link,35,80.657.143,2026-07-08,2026-07-08
[JUL]_[SN]_Carrossel_Oferta,2026-07-08,active,campaign,AUTOPLUS [FORD] CONCÓRDIA,171365955111522,42.13,21508,13356,294,14.329.932,Cliques no link,294,14.329.932,2026-07-08,2026-07-08
[JUL]_[SN]_Card_Condição,2026-07-07,completed,campaign,AUTOPLUS [FORD] CONCÓRDIA,171365955111522,26.52,22763,20408,16,1.6575,Cliques no link,16,1.6575,2026-07-07,2026-07-07
[JUL]_[N]_Card_Oferta,2026-07-07,active,campaign,AUTOPLUS [FORD] CONCÓRDIA,171365955111522,26.77,23145,18822,18,148.722.222,Cliques no link,18,148.722.222,2026-07-07,2026-07-07
[JUL]_[SN]_Carrossel_Oferta,2026-07-07,active,campaign,AUTOPLUS [FORD] CONCÓRDIA,171365955111522,38.96,18194,11240,267,1.459.176,Cliques no link,267,1.459.176,2026-07-07,2026-07-07
[JUN]_[N]_Vídeo_Modelo,2026-07-06,inactive,campaign,AUTOPLUS [FORD] CONCÓRDIA,171365955111522,17.16,3775,3085,69,24.869.565,Cliques no link,69,24.869.565,2026-07-06,2026-07-06
[JUL]_[SN]_Carrossel_Oferta,2026-07-06,active,campaign,AUTOPLUS [FORD] CONCÓRDIA,171365955111522,41.68,19876,12756,306,13.620.915,Cliques no link,306,13.620.915,2026-07-06,2026-07-06
[JUL]_[N]_Card_Oferta,2026-07-06,active,campaign,AUTOPLUS [FORD] CONCÓRDIA,171365955111522,30,28164,24968,38,78.947.368,Cliques no link,38,78.947.368,2026-07-06,2026-07-06
[JUL]_[SN]_Card_Condição,2026-07-06,completed,campaign,AUTOPLUS [FORD] CONCÓRDIA,171365955111522,30.21,27894,26161,30,1.007,Cliques no link,30,1.007,2026-07-06,2026-07-06
[JUL]_[SN]_Card_Condição,2026-07-05,completed,campaign,AUTOPLUS [FORD] CONCÓRDIA,171365955111522,36.24,31026,29185,24,1.51,Cliques no link,24,1.51,2026-07-05,2026-07-05
[JUL]_[N]_Card_Oferta,2026-07-05,active,campaign,AUTOPLUS [FORD] CONCÓRDIA,171365955111522,36.2,31157,30612,42,86.190.476,Cliques no link,42,86.190.476,2026-07-05,2026-07-05
[JUN]_[N]_Vídeo_Modelo,2026-07-05,inactive,campaign,AUTOPLUS [FORD] CONCÓRDIA,171365955111522,69.26,17175,10691,269,25.747.212,Cliques no link,269,25.747.212,2026-07-05,2026-07-05
[JUL]_[SN]_Carrossel_Oferta,2026-07-05,active,campaign,AUTOPLUS [FORD] CONCÓRDIA,171365955111522,48.68,20040,12015,324,15.024.691,Cliques no link,324,15.024.691,2026-07-05,2026-07-05
[JUL]_[SN]_Card_Condição,2026-07-04,completed,campaign,AUTOPLUS [FORD] CONCÓRDIA,171365955111522,26.3,21790,20104,17,154.705.882,Cliques no link,17,154.705.882,2026-07-04,2026-07-04
[JUL]_[N]_Card_Oferta,2026-07-04,active,campaign,AUTOPLUS [FORD] CONCÓRDIA,171365955111522,26.52,22242,20823,30,884,Cliques no link,30,884,2026-07-04,2026-07-04
[JUN]_[N]_Vídeo_Modelo,2026-07-04,inactive,campaign,AUTOPLUS [FORD] CONCÓRDIA,171365955111522,55.41,12180,8142,203,27.295.567,Cliques no link,203,27.295.567,2026-07-04,2026-07-04
[JUL]_[SN]_Carrossel_Oferta,2026-07-04,active,campaign,AUTOPLUS [FORD] CONCÓRDIA,171365955111522,40.21,15901,10389,244,16.479.508,Cliques no link,244,16.479.508,2026-07-04,2026-07-04
[JUL]_[SN]_Carrossel_Oferta,2026-07-03,active,campaign,AUTOPLUS [FORD] CONCÓRDIA,171365955111522,37.5,15168,9570,238,15.756.303,Cliques no link,238,15.756.303,2026-07-03,2026-07-03
[JUL]_[SN]_Card_Condição,2026-07-03,completed,campaign,AUTOPLUS [FORD] CONCÓRDIA,171365955111522,11.23,8675,8430,8,140.375,Cliques no link,8,140.375,2026-07-03,2026-07-03
[JUL]_[N]_Card_Oferta,2026-07-03,active,campaign,AUTOPLUS [FORD] CONCÓRDIA,171365955111522,11.01,8726,8170,11,100.090.909,Cliques no link,11,100.090.909,2026-07-03,2026-07-03
[JUN]_[N]_Vídeo_Modelo,2026-07-03,inactive,campaign,AUTOPLUS [FORD] CONCÓRDIA,171365955111522,56.97,12102,8351,210,27.128.571,Cliques no link,210,27.128.571,2026-07-03,2026-07-03
[JUL]_[SN]_Carrossel_Oferta,2026-07-02,active,campaign,AUTOPLUS [FORD] CONCÓRDIA,171365955111522,40.19,17070,10397,297,13.531.987,Cliques no link,297,13.531.987,2026-07-02,2026-07-02
[JUN]_[N]_Vídeo_Modelo,2026-07-02,inactive,campaign,AUTOPLUS [FORD] CONCÓRDIA,171365955111522,56.85,13526,8793,233,24.399.142,Cliques no link,233,24.399.142,2026-07-02,2026-07-02
[JUN]_[N]_Vídeo_Modelo,2026-07-01,inactive,campaign,AUTOPLUS [FORD] CONCÓRDIA,171365955111522,60.02,13440,8984,227,26.440.529,Cliques no link,227,26.440.529,2026-07-01,2026-07-01
[JUL]_[SN]_Carrossel_Oferta,2026-07-01,active,campaign,AUTOPLUS [FORD] CONCÓRDIA,171365955111522,41.82,17838,10925,314,13.318.471,Cliques no link,314,13.318.471,2026-07-01,2026-07-01
[JUL]_[N]_Vídeo_Transit [permanente],2026-07-31,active,campaign,AUTOPLUS [FORD] JARAGUÁ DO SUL,189310040817079,4.2,242,228,1,4.2,,,,2026-07-31,2026-07-31
[JUL]_[N]_Vt_Condição,2026-07-31,inactive,campaign,AUTOPLUS [FORD] JARAGUÁ DO SUL,189310040817079,15.05,303,241,9,167.222.222,Conversas por mensagem iniciadas,2,7.525,2026-07-31,2026-07-31
[JUL]_[N]_Card_Oferta,2026-07-31,active,campaign,AUTOPLUS [FORD] JARAGUÁ DO SUL,189310040817079,38.71,2923,2029,32,12.096.875,Conversas por mensagem iniciadas,3,1.290.333.333,2026-07-31,2026-07-31
[JUL]_[SN]_Carrossel_Oferta,2026-07-31,active,campaign,AUTOPLUS [FORD] JARAGUÁ DO SUL,189310040817079,29.25,2135,1464,45,0.65,Conversas por mensagem iniciadas,1,29.25,2026-07-31,2026-07-31
[JUL]_[N]_Vídeo_Transit [permanente],2026-07-30,active,campaign,AUTOPLUS [FORD] JARAGUÁ DO SUL,189310040817079,6.93,281,261,4,1.7325,Conversas por mensagem iniciadas,1,6.93,2026-07-30,2026-07-30
[JUL]_[N]_Vt_Condição,2026-07-30,inactive,campaign,AUTOPLUS [FORD] JARAGUÁ DO SUL,189310040817079,17.02,400,327,15,113.466.667,Conversas por mensagem iniciadas,2,8.51,2026-07-30,2026-07-30
[JUL]_[N]_Card_Oferta,2026-07-30,active,campaign,AUTOPLUS [FORD] JARAGUÁ DO SUL,189310040817079,44.9,2985,2083,21,213.809.524,Conversas por mensagem iniciadas,4,11.225,2026-07-30,2026-07-30
[JUL]_[SN]_Carrossel_Oferta,2026-07-30,active,campaign,AUTOPLUS [FORD] JARAGUÁ DO SUL,189310040817079,35.26,2380,1575,44,80.136.364,Conversas por mensagem iniciadas,7,503.714.286,2026-07-30,2026-07-30
[JUL]_[N]_Vídeo_Transit [permanente],2026-07-29,active,campaign,AUTOPLUS [FORD] JARAGUÁ DO SUL,189310040817079,11.25,545,498,10,1.125,Conversas por mensagem iniciadas,1,11.25,2026-07-29,2026-07-29
[JUL]_[N]_Vt_Condição,2026-07-29,inactive,campaign,AUTOPLUS [FORD] JARAGUÁ DO SUL,189310040817079,28.38,578,471,24,1.1825,Conversas por mensagem iniciadas,5,5.676,2026-07-29,2026-07-29
[JUL]_[N]_Card_Oferta,2026-07-29,active,campaign,AUTOPLUS [FORD] JARAGUÁ DO SUL,189310040817079,52.44,3524,2384,31,16.916.129,Conversas por mensagem iniciadas,6,8.74,2026-07-29,2026-07-29
[JUL]_[SN]_Carrossel_Oferta,2026-07-29,active,campaign,AUTOPLUS [FORD] JARAGUÁ DO SUL,189310040817079,42.19,3369,2269,71,59.422.535,Conversas por mensagem iniciadas,5,8.438,2026-07-29,2026-07-29
[JUL]_[SN]_Carrossel_Oferta,2026-07-28,active,campaign,AUTOPLUS [FORD] JARAGUÁ DO SUL,189310040817079,47.15,3306,2220,67,70.373.134,Conversas por mensagem iniciadas,2,23.575,2026-07-28,2026-07-28
[JUL]_[N]_Card_Oferta,2026-07-28,active,campaign,AUTOPLUS [FORD] JARAGUÁ DO SUL,189310040817079,60.63,3744,2480,44,137.795.455,Conversas por mensagem iniciadas,8,757.875,2026-07-28,2026-07-28
[JUL]_[N]_Vt_Condição,2026-07-28,inactive,campaign,AUTOPLUS [FORD] JARAGUÁ DO SUL,189310040817079,35.19,806,675,25,1.4076,Conversas por mensagem iniciadas,2,17.595,2026-07-28,2026-07-28
[JUL]_[N]_Vídeo_Transit [permanente],2026-07-28,active,campaign,AUTOPLUS [FORD] JARAGUÁ DO SUL,189310040817079,11.88,589,573,8,1.485,Conversas por mensagem iniciadas,1,11.88,2026-07-28,2026-07-28
[JUL]_[N]_Vídeo_Transit [permanente],2026-07-27,active,campaign,AUTOPLUS [FORD] JARAGUÁ DO SUL,189310040817079,12.81,593,551,12,1.0675,Conversas por mensagem iniciadas,3,4.27,2026-07-27,2026-07-27
[JUL]_[N]_Vt_Condição,2026-07-27,inactive,campaign,AUTOPLUS [FORD] JARAGUÁ DO SUL,189310040817079,41.31,837,668,25,1.6524,Conversas por mensagem iniciadas,4,10.3275,2026-07-27,2026-07-27
[JUL]_[N]_Card_Oferta,2026-07-27,active,campaign,AUTOPLUS [FORD] JARAGUÁ DO SUL,189310040817079,67.79,3953,2664,38,178.394.737,Conversas por mensagem iniciadas,5,13.558,2026-07-27,2026-07-27
[JUL]_[SN]_Carrossel_Oferta,2026-07-27,active,campaign,AUTOPLUS [FORD] JARAGUÁ DO SUL,189310040817079,51.83,3269,2140,77,67.311.688,Conversas por mensagem iniciadas,11,471.181.818,2026-07-27,2026-07-27
[JUL]_[N]_Vídeo_Transit [permanente],2026-07-26,active,campaign,AUTOPLUS [FORD] JARAGUÁ DO SUL,189310040817079,12.32,545,525,9,136.888.889,,,,2026-07-26,2026-07-26
[JUL]_[N]_Vt_Condição,2026-07-26,inactive,campaign,AUTOPLUS [FORD] JARAGUÁ DO SUL,189310040817079,41.23,767,608,28,1.4725,Conversas por mensagem iniciadas,3,1.374.333.333,2026-07-26,2026-07-26
[JUL]_[N]_Card_Oferta,2026-07-26,active,campaign,AUTOPLUS [FORD] JARAGUÁ DO SUL,189310040817079,122.16,7948,5225,77,158.649.351,Conversas por mensagem iniciadas,9,1.357.333.333,2026-07-26,2026-07-26
[JUL]_[SN]_Carrossel_Oferta,2026-07-26,active,campaign,AUTOPLUS [FORD] JARAGUÁ DO SUL,189310040817079,49.48,3769,2618,98,50.489.796,Conversas por mensagem iniciadas,7,706.857.143,2026-07-26,2026-07-26
[JUL]_[N]_Vídeo_Transit [permanente],2026-07-25,active,campaign,AUTOPLUS [FORD] JARAGUÁ DO SUL,189310040817079,05.02,220,213,4,1.255,Conversas por mensagem iniciadas,1,05.02,2026-07-25,2026-07-25
[JUL]_[N]_Vt_Condição,2026-07-25,inactive,campaign,AUTOPLUS [FORD] JARAGUÁ DO SUL,189310040817079,11.57,318,253,6,192.833.333,Conversas por mensagem iniciadas,2,5.785,2026-07-25,2026-07-25
[JUL]_[N]_Card_Oferta,2026-07-25,active,campaign,AUTOPLUS [FORD] JARAGUÁ DO SUL,189310040817079,171.28,9699,6448,102,167.921.569,Conversas por mensagem iniciadas,7,2.446.857.143,2026-07-25,2026-07-25
[JUL]_[SN]_Carrossel_Oferta,2026-07-25,active,campaign,AUTOPLUS [FORD] JARAGUÁ DO SUL,189310040817079,36.99,2681,1768,57,64.894.737,Conversas por mensagem iniciadas,2,18.495,2026-07-25,2026-07-25
[JUL]_[N]_Card_Oferta,2026-07-24,active,campaign,AUTOPLUS [FORD] JARAGUÁ DO SUL,189310040817079,119.48,7629,5572,77,155.168.831,Conversas por mensagem iniciadas,8,14.935,2026-07-24,2026-07-24
[JUL]_[SN]_Carrossel_Oferta,2026-07-24,active,campaign,AUTOPLUS [FORD] JARAGUÁ DO SUL,189310040817079,40.88,2959,2053,67,61.014.925,Conversas por mensagem iniciadas,4,10.22,2026-07-24,2026-07-24
[JUL]_[N]_Vt_Condição,2026-07-24,inactive,campaign,AUTOPLUS [FORD] JARAGUÁ DO SUL,189310040817079,23.81,359,292,13,183.153.846,Conversas por mensagem iniciadas,4,5.9525,2026-07-24,2026-07-24
[JUL]_[N]_Vídeo_Transit [permanente],2026-07-24,active,campaign,AUTOPLUS [FORD] JARAGUÁ DO SUL,189310040817079,10.87,440,424,8,135.875,Conversas por mensagem iniciadas,4,2.7175,2026-07-24,2026-07-24
[JUL]_[N]_Vídeo_Transit [permanente],2026-07-23,active,campaign,AUTOPLUS [FORD] JARAGUÁ DO SUL,189310040817079,9.12,471,448,3,03.04,,,,2026-07-23,2026-07-23
[JUL]_[N]_Vt_Condição,2026-07-23,inactive,campaign,AUTOPLUS [FORD] JARAGUÁ DO SUL,189310040817079,24.93,396,328,9,2.77,Conversas por mensagem iniciadas,2,12.465,2026-07-23,2026-07-23
[JUL]_[N]_Card_Oferta,2026-07-23,active,campaign,AUTOPLUS [FORD] JARAGUÁ DO SUL,189310040817079,0.23,25,18,,,Conversas por mensagem iniciadas,1,0.23,2026-07-23,2026-07-23
[JUL]_[SN]_Card_Condição,2026-07-23,completed,campaign,AUTOPLUS [FORD] JARAGUÁ DO SUL,189310040817079,0.03,3,3,,,,,,2026-07-23,2026-07-23
[JUL]_[SN]_Carrossel_Oferta,2026-07-23,active,campaign,AUTOPLUS [FORD] JARAGUÁ DO SUL,189310040817079,43.69,3666,2320,73,59.849.315,Conversas por mensagem iniciadas,1,43.69,2026-07-23,2026-07-23
[JUL]_[N]_Vídeo_Transit [permanente],2026-07-22,active,campaign,AUTOPLUS [FORD] JARAGUÁ DO SUL,189310040817079,9.93,719,662,,,,,,2026-07-22,2026-07-22
[JUL]_[N]_Vt_Condição,2026-07-22,inactive,campaign,AUTOPLUS [FORD] JARAGUÁ DO SUL,189310040817079,34.89,390,306,25,1.3956,Conversas por mensagem iniciadas,3,11.63,2026-07-22,2026-07-22
[JUL]_[N]_Card_Oferta,2026-07-22,active,campaign,AUTOPLUS [FORD] JARAGUÁ DO SUL,189310040817079,79.27,5259,3637,48,165.145.833,Conversas por mensagem iniciadas,6,1.321.166.667,2026-07-22,2026-07-22
[JUL]_[SN]_Card_Condição,2026-07-22,completed,campaign,AUTOPLUS [FORD] JARAGUÁ DO SUL,189310040817079,19.55,747,628,3,651.666.667,Conversas por mensagem iniciadas,2,9.775,2026-07-22,2026-07-22
[JUL]_[SN]_Carrossel_Oferta,2026-07-22,active,campaign,AUTOPLUS [FORD] JARAGUÁ DO SUL,189310040817079,39.29,3725,2420,78,50.371.795,Conversas por mensagem iniciadas,2,19.645,2026-07-22,2026-07-22
[JUL]_[SN]_Card_Condição,2026-07-21,completed,campaign,AUTOPLUS [FORD] JARAGUÁ DO SUL,189310040817079,31.2,1064,873,11,283.636.364,Conversas por mensagem iniciadas,2,15.6,2026-07-21,2026-07-21
[JUL]_[SN]_Carrossel_Oferta,2026-07-21,active,campaign,AUTOPLUS [FORD] JARAGUÁ DO SUL,189310040817079,26.02,2256,1491,48,54.208.333,Conversas por mensagem iniciadas,2,13.01,2026-07-21,2026-07-21
[JUL]_[N]_Vt_Condição,2026-07-21,inactive,campaign,AUTOPLUS [FORD] JARAGUÁ DO SUL,189310040817079,34.98,458,386,25,1.3992,Conversas por mensagem iniciadas,5,6.996,2026-07-21,2026-07-21
[JUL]_[N]_Card_Oferta,2026-07-21,active,campaign,AUTOPLUS [FORD] JARAGUÁ DO SUL,189310040817079,105.7,7334,4902,52,203.269.231,Conversas por mensagem iniciadas,7,15.1,2026-07-21,2026-07-21
[JUL]_[N]_Vídeo_Transit [permanente],2026-07-21,active,campaign,AUTOPLUS [FORD] JARAGUÁ DO SUL,189310040817079,11.31,745,693,2,5.655,Conversas por mensagem iniciadas,1,11.31,2026-07-21,2026-07-21
[JUL]_[N]_Vídeo_Transit [permanente],2026-07-20,active,campaign,AUTOPLUS [FORD] JARAGUÁ DO SUL,189310040817079,12.77,898,823,3,425.666.667,,,,2026-07-20,2026-07-20
[JUL]_[N]_Vt_Condição,2026-07-20,inactive,campaign,AUTOPLUS [FORD] JARAGUÁ DO SUL,189310040817079,37.02,391,322,21,176.285.714,Conversas por mensagem iniciadas,5,7.404,2026-07-20,2026-07-20
[JUL]_[N]_Card_Oferta,2026-07-20,active,campaign,AUTOPLUS [FORD] JARAGUÁ DO SUL,189310040817079,107.84,8292,5458,77,140.051.948,Conversas por mensagem iniciadas,10,10.784,2026-07-20,2026-07-20
[JUL]_[SN]_Card_Condição,2026-07-20,completed,campaign,AUTOPLUS [FORD] JARAGUÁ DO SUL,189310040817079,32.2,1408,1074,12,268.333.333,Conversas por mensagem iniciadas,4,08.05,2026-07-20,2026-07-20
[JUL]_[SN]_Carrossel_Oferta,2026-07-20,active,campaign,AUTOPLUS [FORD] JARAGUÁ DO SUL,189310040817079,45.99,3897,2637,90,511,Conversas por mensagem iniciadas,7,6.57,2026-07-20,2026-07-20
[JUL]_[N]_Vídeo_Transit [permanente],2026-07-19,active,campaign,AUTOPLUS [FORD] JARAGUÁ DO SUL,189310040817079,10.83,630,593,3,3.61,,,,2026-07-19,2026-07-19
[JUL]_[N]_Vt_Condição,2026-07-19,inactive,campaign,AUTOPLUS [FORD] JARAGUÁ DO SUL,189310040817079,42.56,760,643,30,141.866.667,Conversas por mensagem iniciadas,2,21.28,2026-07-19,2026-07-19
[JUL]_[N]_Card_Oferta,2026-07-19,active,campaign,AUTOPLUS [FORD] JARAGUÁ DO SUL,189310040817079,110.81,8795,5625,87,127.367.816,Conversas por mensagem iniciadas,8,1.385.125,2026-07-19,2026-07-19
[JUL]_[SN]_Card_Condição,2026-07-19,completed,campaign,AUTOPLUS [FORD] JARAGUÁ DO SUL,189310040817079,37.8,1446,1157,18,2.1,Conversas por mensagem iniciadas,4,9.45,2026-07-19,2026-07-19
[JUL]_[SN]_Carrossel_Oferta,2026-07-19,active,campaign,AUTOPLUS [FORD] JARAGUÁ DO SUL,189310040817079,46.78,4173,2754,70,66.828.571,Conversas por mensagem iniciadas,4,11.695,2026-07-19,2026-07-19
[JUL]_[N]_Vt_Condição,2026-07-18,inactive,campaign,AUTOPLUS [FORD] JARAGUÁ DO SUL,189310040817079,14.02,361,305,16,87.625,Conversas por mensagem iniciadas,1,14.02,2026-07-18,2026-07-18
[JUL]_[SN]_Card_Condição,2026-07-18,completed,campaign,AUTOPLUS [FORD] JARAGUÁ DO SUL,189310040817079,16.53,554,457,8,206.625,Conversas por mensagem iniciadas,4,4.1325,2026-07-18,2026-07-18
[JUL]_[N]_Vídeo_Transit [permanente],2026-07-18,active,campaign,AUTOPLUS [FORD] JARAGUÁ DO SUL,189310040817079,6.87,528,503,,,,,,2026-07-18,2026-07-18
[JUL]_[N]_Card_Oferta,2026-07-18,active,campaign,AUTOPLUS [FORD] JARAGUÁ DO SUL,189310040817079,66.91,4521,3060,34,196.794.118,Conversas por mensagem iniciadas,6,1.115.166.667,2026-07-18,2026-07-18
[JUL]_[SN]_Carrossel_Oferta,2026-07-18,active,campaign,AUTOPLUS [FORD] JARAGUÁ DO SUL,189310040817079,23.1,2037,1418,44,525,Conversas por mensagem iniciadas,2,11.55,2026-07-18,2026-07-18
[JUL]_[N]_Vt_Condição,2026-07-17,inactive,campaign,AUTOPLUS [FORD] JARAGUÁ DO SUL,189310040817079,28.33,310,259,18,157.388.889,Conversas por mensagem iniciadas,7,404.714.286,2026-07-17,2026-07-17
[JUL]_[N]_Card_Oferta,2026-07-17,active,campaign,AUTOPLUS [FORD] JARAGUÁ DO SUL,189310040817079,89.33,6304,4393,53,16.854.717,Conversas por mensagem iniciadas,3,2.977.666.667,2026-07-17,2026-07-17
[JUL]_[SN]_Card_Condição,2026-07-17,completed,campaign,AUTOPLUS [FORD] JARAGUÁ DO SUL,189310040817079,21.5,917,786,10,2.15,Conversas por mensagem iniciadas,1,21.5,2026-07-17,2026-07-17
[JUL]_[SN]_Carrossel_Oferta,2026-07-17,active,campaign,AUTOPLUS [FORD] JARAGUÁ DO SUL,189310040817079,35.86,3034,1888,70,51.228.571,Conversas por mensagem iniciadas,4,8.965,2026-07-17,2026-07-17
[JUL]_[N]_Vídeo_Transit [permanente],2026-07-17,active,campaign,AUTOPLUS [FORD] JARAGUÁ DO SUL,189310040817079,7.85,460,429,1,7.85,,,,2026-07-17,2026-07-17
[JUL]_[N]_Vídeo_Transit [permanente],2026-07-16,active,campaign,AUTOPLUS [FORD] JARAGUÁ DO SUL,189310040817079,11.92,689,636,4,2.98,Conversas por mensagem iniciadas,1,11.92,2026-07-16,2026-07-16
[JUL]_[N]_Vt_Condição,2026-07-16,inactive,campaign,AUTOPLUS [FORD] JARAGUÁ DO SUL,189310040817079,29.94,540,435,20,1.497,Conversas por mensagem iniciadas,5,5.988,2026-07-16,2026-07-16
[JUL]_[N]_Card_Oferta,2026-07-16,active,campaign,AUTOPLUS [FORD] JARAGUÁ DO SUL,189310040817079,96.39,7406,4965,63,1.53,Conversas por mensagem iniciadas,9,10.71,2026-07-16,2026-07-16
[JUL]_[SN]_Card_Condição,2026-07-16,completed,campaign,AUTOPLUS [FORD] JARAGUÁ DO SUL,189310040817079,29.4,1005,803,15,1.96,Conversas por mensagem iniciadas,5,5.88,2026-07-16,2026-07-16
[JUL]_[SN]_Carrossel_Oferta,2026-07-16,active,campaign,AUTOPLUS [FORD] JARAGUÁ DO SUL,189310040817079,37.13,3123,2047,54,68.759.259,Conversas por mensagem iniciadas,2,18.565,2026-07-16,2026-07-16
[JUL]_[SN]_Carrossel_Oferta,2026-07-15,active,campaign,AUTOPLUS [FORD] JARAGUÁ DO SUL,189310040817079,42.45,4175,2672,76,55.855.263,Conversas por mensagem iniciadas,2,21.225,2026-07-15,2026-07-15
[JUL]_[N]_Card_Oferta,2026-07-15,active,campaign,AUTOPLUS [FORD] JARAGUÁ DO SUL,189310040817079,96.37,6501,4532,57,169.070.175,Conversas por mensagem iniciadas,10,9.637,2026-07-15,2026-07-15
[JUL]_[SN]_Card_Condição,2026-07-15,completed,campaign,AUTOPLUS [FORD] JARAGUÁ DO SUL,189310040817079,32.39,1192,1023,9,359.888.889,Conversas por mensagem iniciadas,5,6.478,2026-07-15,2026-07-15
[JUL]_[N]_Vt_Condição,2026-07-15,inactive,campaign,AUTOPLUS [FORD] JARAGUÁ DO SUL,189310040817079,38.17,652,524,23,165.956.522,Conversas por mensagem iniciadas,5,7.634,2026-07-15,2026-07-15
[JUL]_[N]_Vídeo_Transit [permanente],2026-07-15,active,campaign,AUTOPLUS [FORD] JARAGUÁ DO SUL,189310040817079,12.62,919,849,6,210.333.333,Conversas por mensagem iniciadas,3,420.666.667,2026-07-15,2026-07-15
[JUL]_[N]_Vídeo_Transit [permanente],2026-07-14,active,campaign,AUTOPLUS [FORD] JARAGUÁ DO SUL,189310040817079,3.76,233,222,3,125.333.333,Conversas por mensagem iniciadas,3,125.333.333,2026-07-14,2026-07-14
[JUL]_[N]_Vt_Condição,2026-07-14,inactive,campaign,AUTOPLUS [FORD] JARAGUÁ DO SUL,189310040817079,47.63,947,825,20,2.3815,Conversas por mensagem iniciadas,5,9.526,2026-07-14,2026-07-14
[JUL]_[N]_Card_Oferta,2026-07-14,active,campaign,AUTOPLUS [FORD] JARAGUÁ DO SUL,189310040817079,116.3,7261,4519,52,223.653.846,Conversas por mensagem iniciadas,6,1.938.333.333,2026-07-14,2026-07-14
[JUL]_[SN]_Card_Condição,2026-07-14,completed,campaign,AUTOPLUS [FORD] JARAGUÁ DO SUL,189310040817079,35.73,1567,1249,11,324.818.182,Conversas por mensagem iniciadas,3,11.91,2026-07-14,2026-07-14
[JUL]_[SN]_Carrossel_Oferta,2026-07-14,active,campaign,AUTOPLUS [FORD] JARAGUÁ DO SUL,189310040817079,47.09,4026,2629,69,68.246.377,Conversas por mensagem iniciadas,3,1.569.666.667,2026-07-14,2026-07-14
[JUL]_[N]_Card_Oferta,2026-07-13,active,campaign,AUTOPLUS [FORD] JARAGUÁ DO SUL,189310040817079,116.55,8042,4919,75,1.554,Conversas por mensagem iniciadas,8,1.456.875,2026-07-13,2026-07-13
[JUL]_[SN]_Card_Condição,2026-07-13,completed,campaign,AUTOPLUS [FORD] JARAGUÁ DO SUL,189310040817079,38.36,1207,959,14,2.74,Conversas por mensagem iniciadas,6,639.333.333,2026-07-13,2026-07-13
[JUL]_[SN]_Carrossel_Oferta,2026-07-13,active,campaign,AUTOPLUS [FORD] JARAGUÁ DO SUL,189310040817079,47.79,3892,2537,73,65.465.753,Conversas por mensagem iniciadas,6,7.965,2026-07-13,2026-07-13
[JUL]_[N]_Card_Oferta,2026-07-12,active,campaign,AUTOPLUS [FORD] JARAGUÁ DO SUL,189310040817079,118.1,8073,5086,68,173.676.471,Conversas por mensagem iniciadas,8,147.625,2026-07-12,2026-07-12
[JUL]_[SN]_Card_Condição,2026-07-12,completed,campaign,AUTOPLUS [FORD] JARAGUÁ DO SUL,189310040817079,35.99,1634,1297,13,276.846.154,Conversas por mensagem iniciadas,2,17.995,2026-07-12,2026-07-12
[JUL]_[SN]_Carrossel_Oferta,2026-07-12,active,campaign,AUTOPLUS [FORD] JARAGUÁ DO SUL,189310040817079,46.58,3562,2309,79,58.962.025,Conversas por mensagem iniciadas,6,776.333.333,2026-07-12,2026-07-12
[JUL]_[SN]_Carrossel_Oferta,2026-07-11,active,campaign,AUTOPLUS [FORD] JARAGUÁ DO SUL,189310040817079,25.32,2118,1314,33,76.727.273,Conversas por mensagem iniciadas,2,12.66,2026-07-11,2026-07-11
[JUL]_[N]_Card_Oferta,2026-07-11,active,campaign,AUTOPLUS [FORD] JARAGUÁ DO SUL,189310040817079,88.8,6819,4370,56,158.571.429,Conversas por mensagem iniciadas,9,986.666.667,2026-07-11,2026-07-11
[JUL]_[SN]_Card_Condição,2026-07-11,completed,campaign,AUTOPLUS [FORD] JARAGUÁ DO SUL,189310040817079,20.35,891,710,7,290.714.286,Conversas por mensagem iniciadas,1,20.35,2026-07-11,2026-07-11
[JUL]_[SN]_Card_Condição,2026-07-10,completed,campaign,AUTOPLUS [FORD] JARAGUÁ DO SUL,189310040817079,21.74,984,763,8,2.7175,Conversas por mensagem iniciadas,2,10.87,2026-07-10,2026-07-10
[JUL]_[SN]_Carrossel_Oferta,2026-07-10,active,campaign,AUTOPLUS [FORD] JARAGUÁ DO SUL,189310040817079,32.95,2301,1456,51,64.607.843,Conversas por mensagem iniciadas,3,1.098.333.333,2026-07-10,2026-07-10
[JUL]_[N]_Card_Oferta,2026-07-10,active,campaign,AUTOPLUS [FORD] JARAGUÁ DO SUL,189310040817079,70.97,5217,3394,33,215.060.606,,,,2026-07-10,2026-07-10
[JUL]_[SN]_Card_Condição,2026-07-09,completed,campaign,AUTOPLUS [FORD] JARAGUÁ DO SUL,189310040817079,27.53,1087,844,4,6.8825,Conversas por mensagem iniciadas,2,13.765,2026-07-09,2026-07-09
[JUL]_[SN]_Carrossel_Oferta,2026-07-09,active,campaign,AUTOPLUS [FORD] JARAGUÁ DO SUL,189310040817079,37.2,2744,1777,52,71.538.462,Conversas por mensagem iniciadas,3,12.4,2026-07-09,2026-07-09
[JUL]_[N]_Card_Oferta,2026-07-09,active,campaign,AUTOPLUS [FORD] JARAGUÁ DO SUL,189310040817079,24.58,1220,803,19,129.368.421,Conversas por mensagem iniciadas,2,12.29,2026-07-09,2026-07-09
[JUL]_[N]_Card_Oferta,2026-07-08,active,campaign,AUTOPLUS [FORD] JARAGUÁ DO SUL,189310040817079,32.21,1926,1347,15,214.733.333,Conversas por mensagem iniciadas,2,16.105,2026-07-08,2026-07-08
[JUL]_[SN]_Card_Condição,2026-07-08,completed,campaign,AUTOPLUS [FORD] JARAGUÁ DO SUL,189310040817079,34.26,1412,1129,13,263.538.462,Conversas por mensagem iniciadas,5,6.852,2026-07-08,2026-07-08
[JUL]_[SN]_Carrossel_Oferta,2026-07-08,active,campaign,AUTOPLUS [FORD] JARAGUÁ DO SUL,189310040817079,41.26,3186,2043,57,72.385.965,Conversas por mensagem iniciadas,6,687.666.667,2026-07-08,2026-07-08
[JUL]_[N]_Card_Oferta,2026-07-07,active,campaign,AUTOPLUS [FORD] JARAGUÁ DO SUL,189310040817079,37.04,2304,1737,21,176.380.952,Conversas por mensagem iniciadas,1,37.04,2026-07-07,2026-07-07
[JUL]_[SN]_Card_Condição,2026-07-07,completed,campaign,AUTOPLUS [FORD] JARAGUÁ DO SUL,189310040817079,37.04,1455,1102,9,411.555.556,Conversas por mensagem iniciadas,4,9.26,2026-07-07,2026-07-07
[JUL]_[SN]_Carrossel_Oferta,2026-07-07,active,campaign,AUTOPLUS [FORD] JARAGUÁ DO SUL,189310040817079,47.98,3134,1944,62,77.387.097,Conversas por mensagem iniciadas,3,1.599.333.333,2026-07-07,2026-07-07
[JUN]_[N]_Vídeo_Modelo,2026-07-06,inactive,campaign,AUTOPLUS [FORD] JARAGUÁ DO SUL,189310040817079,10.92,202,166,5,2.184,,,,2026-07-06,2026-07-06
[JUL]_[N]_Card_Oferta,2026-07-06,active,campaign,AUTOPLUS [FORD] JARAGUÁ DO SUL,189310040817079,39.54,3274,2373,23,171.913.043,Conversas por mensagem iniciadas,4,9.885,2026-07-06,2026-07-06
[JUL]_[SN]_Card_Condição,2026-07-06,completed,campaign,AUTOPLUS [FORD] JARAGUÁ DO SUL,189310040817079,37.43,1702,1301,13,287.923.077,Conversas por mensagem iniciadas,4,9.3575,2026-07-06,2026-07-06
[JUL]_[SN]_Carrossel_Oferta,2026-07-06,active,campaign,AUTOPLUS [FORD] JARAGUÁ DO SUL,189310040817079,49.63,3751,2502,69,71.927.536,Conversas por mensagem iniciadas,5,9.926,2026-07-06,2026-07-06
[JUN]_[N]_Vídeo_Modelo,2026-07-05,inactive,campaign,AUTOPLUS [FORD] JARAGUÁ DO SUL,189310040817079,28.08,546,407,17,165.176.471,Conversas por mensagem iniciadas,2,14.04,2026-07-05,2026-07-05
[JUL]_[SN]_Carrossel_Oferta,2026-07-05,active,campaign,AUTOPLUS [FORD] JARAGUÁ DO SUL,189310040817079,45.6,3546,2298,78,58.461.538,Conversas por mensagem iniciadas,4,11.4,2026-07-05,2026-07-05
[JUL]_[N]_Card_Oferta,2026-07-05,active,campaign,AUTOPLUS [FORD] JARAGUÁ DO SUL,189310040817079,33.79,3841,2774,22,153.590.909,Conversas por mensagem iniciadas,1,33.79,2026-07-05,2026-07-05
[JUL]_[SN]_Card_Condição,2026-07-05,completed,campaign,AUTOPLUS [FORD] JARAGUÁ DO SUL,189310040817079,31.58,1370,1068,4,7.895,,,,2026-07-05,2026-07-05
[JUL]_[N]_Card_Oferta,2026-07-04,active,campaign,AUTOPLUS [FORD] JARAGUÁ DO SUL,189310040817079,30.45,3367,2374,26,117.115.385,Conversas por mensagem iniciadas,1,30.45,2026-07-04,2026-07-04
[JUL]_[SN]_Card_Condição,2026-07-04,completed,campaign,AUTOPLUS [FORD] JARAGUÁ DO SUL,189310040817079,28.99,1433,1016,9,322.111.111,Conversas por mensagem iniciadas,4,7.2475,2026-07-04,2026-07-04
[JUN]_[N]_Vídeo_Modelo,2026-07-04,inactive,campaign,AUTOPLUS [FORD] JARAGUÁ DO SUL,189310040817079,6.87,218,156,6,1.145,,,,2026-07-04,2026-07-04
[JUL]_[SN]_Carrossel_Oferta,2026-07-04,active,campaign,AUTOPLUS [FORD] JARAGUÁ DO SUL,189310040817079,26.43,2167,1440,31,85.258.065,,,,2026-07-04,2026-07-04
[JUL]_[SN]_Carrossel_Oferta,2026-07-03,active,campaign,AUTOPLUS [FORD] JARAGUÁ DO SUL,189310040817079,27.15,2083,1243,37,73.378.378,Conversas por mensagem iniciadas,4,6.7875,2026-07-03,2026-07-03
[JUL]_[N]_Card_Oferta,2026-07-03,active,campaign,AUTOPLUS [FORD] JARAGUÁ DO SUL,189310040817079,6.89,679,552,1,6.89,,,,2026-07-03,2026-07-03
[JUL]_[SN]_Card_Condição,2026-07-03,completed,campaign,AUTOPLUS [FORD] JARAGUÁ DO SUL,189310040817079,8.44,480,378,9,93.777.778,Conversas por mensagem iniciadas,1,8.44,2026-07-03,2026-07-03
[JUN]_[N]_Vídeo_Modelo,2026-07-03,inactive,campaign,AUTOPLUS [FORD] JARAGUÁ DO SUL,189310040817079,12.57,290,184,7,179.571.429,Conversas por mensagem iniciadas,1,12.57,2026-07-03,2026-07-03
[JUL]_[SN]_Carrossel_Oferta,2026-07-02,active,campaign,AUTOPLUS [FORD] JARAGUÁ DO SUL,189310040817079,33.06,2691,1610,39,84.769.231,Conversas por mensagem iniciadas,5,6.612,2026-07-02,2026-07-02
[JUN]_[N]_Vídeo_Modelo,2026-07-02,inactive,campaign,AUTOPLUS [FORD] JARAGUÁ DO SUL,189310040817079,17.75,365,243,10,1.775,,,,2026-07-02,2026-07-02
[JUN]_[N]_Card_Oferta - D3,2026-07-02,inactive,campaign,AUTOPLUS [FORD] JARAGUÁ DO SUL,189310040817079,0,0,0,,,Conversas por mensagem iniciadas,1,0,2026-07-02,2026-07-02
[JUN]_[N]_Vídeo_Modelo,2026-07-01,inactive,campaign,AUTOPLUS [FORD] JARAGUÁ DO SUL,189310040817079,23.77,507,329,12,198.083.333,Conversas por mensagem iniciadas,2,11.885,2026-07-01,2026-07-01
[JUL]_[SN]_Carrossel_Oferta,2026-07-01,active,campaign,AUTOPLUS [FORD] JARAGUÁ DO SUL,189310040817079,44.96,3420,2079,59,7.620.339,Conversas por mensagem iniciadas,1,44.96,2026-07-01,2026-07-01
[JUL]_[N]_Vídeo_Transit [permanente],2026-07-31,active,campaign,AUTOPLUS [FORD] JOAÇABA,865012117311456,1.1,148,143,1,1.1,,,,2026-07-31,2026-07-31
[JUL]_[N]_Vt_Condição ok,2026-07-31,inactive,campaign,AUTOPLUS [FORD] JOAÇABA,865012117311456,5.13,286,257,1,5.13,,,,2026-07-31,2026-07-31
[JUL]_[N]_Vídeo_Oferta Individual ok,2026-07-31,inactive,campaign,AUTOPLUS [FORD] JOAÇABA,865012117311456,01.07,90,82,1,01.07,,,,2026-07-31,2026-07-31
[JUL]_[N]_Card_Oferta ok,2026-07-31,active,campaign,AUTOPLUS [FORD] JOAÇABA,865012117311456,30.73,2290,1472,15,204.866.667,Conversas por mensagem iniciadas,2,15.365,2026-07-31,2026-07-31
[JUL]_[SN]_Carrossel_Oferta ok,2026-07-31,active,campaign,AUTOPLUS [FORD] JOAÇABA,865012117311456,29.58,4374,2881,71,41.661.972,Conversas por mensagem iniciadas,10,2.958,2026-07-31,2026-07-31
[JUL]_[N]_Card_Oferta ok,2026-07-30,active,campaign,AUTOPLUS [FORD] JOAÇABA,865012117311456,32.49,2489,1608,18,1.805,Conversas por mensagem iniciadas,3,10.83,2026-07-30,2026-07-30
[JUL]_[SN]_Carrossel_Oferta ok,2026-07-30,active,campaign,AUTOPLUS [FORD] JOAÇABA,865012117311456,31.92,4300,2855,60,532,Conversas por mensagem iniciadas,8,3.99,2026-07-30,2026-07-30
[JUL]_[N]_Vídeo_Oferta Individual ok,2026-07-30,inactive,campaign,AUTOPLUS [FORD] JOAÇABA,865012117311456,3.59,261,248,2,1.795,Conversas por mensagem iniciadas,1,3.59,2026-07-30,2026-07-30
[JUL]_[N]_Vt_Condição ok,2026-07-30,inactive,campaign,AUTOPLUS [FORD] JOAÇABA,865012117311456,8.74,406,341,3,291.333.333,Conversas por mensagem iniciadas,1,8.74,2026-07-30,2026-07-30
[JUL]_[N]_Vídeo_Transit [permanente],2026-07-30,active,campaign,AUTOPLUS [FORD] JOAÇABA,865012117311456,3.42,336,305,,,,,,2026-07-30,2026-07-30
[JUL]_[N]_Vídeo_Transit [permanente],2026-07-29,active,campaign,AUTOPLUS [FORD] JOAÇABA,865012117311456,6.97,563,512,1,6.97,Conversas por mensagem iniciadas,1,6.97,2026-07-29,2026-07-29
[JUL]_[N]_Vt_Condição ok,2026-07-29,inactive,campaign,AUTOPLUS [FORD] JOAÇABA,865012117311456,12.05,593,475,3,401.666.667,Conversas por mensagem iniciadas,3,401.666.667,2026-07-29,2026-07-29
[JUL]_[N]_Vídeo_Oferta Individual ok,2026-07-29,inactive,campaign,AUTOPLUS [FORD] JOAÇABA,865012117311456,6.99,503,469,1,6.99,Conversas por mensagem iniciadas,1,6.99,2026-07-29,2026-07-29
[JUL]_[N]_Card_Oferta ok,2026-07-29,active,campaign,AUTOPLUS [FORD] JOAÇABA,865012117311456,47.69,3880,2440,28,170.321.429,Conversas por mensagem iniciadas,2,23.845,2026-07-29,2026-07-29
[JUL]_[SN]_Carrossel_Oferta ok,2026-07-29,active,campaign,AUTOPLUS [FORD] JOAÇABA,865012117311456,49.56,5416,3299,96,51.625,Conversas por mensagem iniciadas,15,3.304,2026-07-29,2026-07-29
[JUL]_[N]_Card_Oferta ok,2026-07-28,active,campaign,AUTOPLUS [FORD] JOAÇABA,865012117311456,61.31,4705,2987,26,235.807.692,Conversas por mensagem iniciadas,3,2.043.666.667,2026-07-28,2026-07-28
[JUL]_[SN]_Carrossel_Oferta ok,2026-07-28,active,campaign,AUTOPLUS [FORD] JOAÇABA,865012117311456,66.94,6019,3852,107,62.560.748,Conversas por mensagem iniciadas,15,446.266.667,2026-07-28,2026-07-28
[JUL]_[N]_Vídeo_Transit [permanente],2026-07-28,active,campaign,AUTOPLUS [FORD] JOAÇABA,865012117311456,8.92,614,527,2,4.46,,,,2026-07-28,2026-07-28
[JUL]_[N]_Vídeo_Oferta Individual ok,2026-07-28,inactive,campaign,AUTOPLUS [FORD] JOAÇABA,865012117311456,9.15,487,449,1,9.15,,,,2026-07-28,2026-07-28
[JUL]_[N]_Vt_Condição ok,2026-07-28,inactive,campaign,AUTOPLUS [FORD] JOAÇABA,865012117311456,15.78,793,646,8,1.9725,Conversas por mensagem iniciadas,2,7.89,2026-07-28,2026-07-28
[JUL]_[N]_Vídeo_Transit [permanente],2026-07-27,active,campaign,AUTOPLUS [FORD] JOAÇABA,865012117311456,7.47,525,483,1,7.47,Conversas por mensagem iniciadas,1,7.47,2026-07-27,2026-07-27
[JUL]_[N]_Vt_Condição ok,2026-07-27,inactive,campaign,AUTOPLUS [FORD] JOAÇABA,865012117311456,25.12,732,604,3,837.333.333,,,,2026-07-27,2026-07-27
[JUL]_[N]_Vídeo_Oferta Individual ok,2026-07-27,inactive,campaign,AUTOPLUS [FORD] JOAÇABA,865012117311456,8.77,465,415,3,292.333.333,,,,2026-07-27,2026-07-27
[JUL]_[N]_Card_Oferta ok,2026-07-27,active,campaign,AUTOPLUS [FORD] JOAÇABA,865012117311456,48.42,3754,2483,28,172.928.571,Conversas por mensagem iniciadas,2,24.21,2026-07-27,2026-07-27
[JUL]_[SN]_Carrossel_Oferta ok,2026-07-27,active,campaign,AUTOPLUS [FORD] JOAÇABA,865012117311456,43.14,3044,2068,60,719,Conversas por mensagem iniciadas,4,10.785,2026-07-27,2026-07-27
[JUL]_[N]_Vídeo_Transit [permanente],2026-07-26,active,campaign,AUTOPLUS [FORD] JOAÇABA,865012117311456,09.02,565,518,,,,,,2026-07-26,2026-07-26
[JUL]_[N]_Vt_Condição ok,2026-07-26,inactive,campaign,AUTOPLUS [FORD] JOAÇABA,865012117311456,35.99,934,704,14,257.071.429,Conversas por mensagem iniciadas,2,17.995,2026-07-26,2026-07-26
[JUL]_[N]_Vídeo_Oferta Individual ok,2026-07-26,inactive,campaign,AUTOPLUS [FORD] JOAÇABA,865012117311456,10.82,466,436,1,10.82,,,,2026-07-26,2026-07-26
[JUL]_[N]_Card_Oferta ok,2026-07-26,active,campaign,AUTOPLUS [FORD] JOAÇABA,865012117311456,92.02,6664,4385,44,209.136.364,Conversas por mensagem iniciadas,6,1.533.666.667,2026-07-26,2026-07-26
[JUL]_[SN]_Carrossel_Oferta ok,2026-07-26,active,campaign,AUTOPLUS [FORD] JOAÇABA,865012117311456,31.63,3023,2069,60,52.716.667,Conversas por mensagem iniciadas,4,7.9075,2026-07-26,2026-07-26
[JUL]_[N]_Vídeo_Oferta Individual ok,2026-07-25,inactive,campaign,AUTOPLUS [FORD] JOAÇABA,865012117311456,4.47,288,264,1,4.47,,,,2026-07-25,2026-07-25
[JUL]_[N]_Card_Oferta ok,2026-07-25,active,campaign,AUTOPLUS [FORD] JOAÇABA,865012117311456,170.66,12218,7709,77,221.636.364,Conversas por mensagem iniciadas,3,5.688.666.667,2026-07-25,2026-07-25
[JUL]_[SN]_Carrossel_Oferta ok,2026-07-25,active,campaign,AUTOPLUS [FORD] JOAÇABA,865012117311456,33.97,2561,1796,47,72.276.596,Conversas por mensagem iniciadas,2,16.985,2026-07-25,2026-07-25
[JUL]_[N]_Vt_Condição ok,2026-07-25,inactive,campaign,AUTOPLUS [FORD] JOAÇABA,865012117311456,08.08,386,323,5,1.616,Conversas por mensagem iniciadas,1,08.08,2026-07-25,2026-07-25
[JUL]_[N]_Vídeo_Transit [permanente],2026-07-25,active,campaign,AUTOPLUS [FORD] JOAÇABA,865012117311456,5.8,407,371,2,2.9,Conversas por mensagem iniciadas,1,5.8,2026-07-25,2026-07-25
[JUL]_[N]_Vídeo_Transit [permanente],2026-07-24,active,campaign,AUTOPLUS [FORD] JOAÇABA,865012117311456,7.72,499,464,,,,,,2026-07-24,2026-07-24
[JUL]_[N]_Vt_Condição ok,2026-07-24,inactive,campaign,AUTOPLUS [FORD] JOAÇABA,865012117311456,17.09,334,281,4,4.2725,Conversas por mensagem iniciadas,1,17.09,2026-07-24,2026-07-24
[JUL]_[N]_Vídeo_Oferta Individual ok,2026-07-24,inactive,campaign,AUTOPLUS [FORD] JOAÇABA,865012117311456,6.36,395,379,2,3.18,,,,2026-07-24,2026-07-24
[JUL]_[N]_Card_Oferta ok,2026-07-24,active,campaign,AUTOPLUS [FORD] JOAÇABA,865012117311456,118.78,9809,6586,81,146.641.975,Conversas por mensagem iniciadas,6,1.979.666.667,2026-07-24,2026-07-24
[JUL]_[SN]_Carrossel_Oferta ok,2026-07-24,active,campaign,AUTOPLUS [FORD] JOAÇABA,865012117311456,39.2,2817,1957,57,6.877.193,Conversas por mensagem iniciadas,1,39.2,2026-07-24,2026-07-24
[JUL]_[N]_Vídeo_Transit [permanente],2026-07-23,active,campaign,AUTOPLUS [FORD] JOAÇABA,865012117311456,9.32,549,490,2,4.66,Conversas por mensagem iniciadas,1,9.32,2026-07-23,2026-07-23
[JUL]_[N]_Vt_Condição ok,2026-07-23,inactive,campaign,AUTOPLUS [FORD] JOAÇABA,865012117311456,25.89,292,221,12,2.1575,Conversas por mensagem iniciadas,1,25.89,2026-07-23,2026-07-23
[JUL]_[N]_Vídeo_Oferta Individual ok,2026-07-23,inactive,campaign,AUTOPLUS [FORD] JOAÇABA,865012117311456,9.4,452,419,,,,,,2026-07-23,2026-07-23
[JUL]_[N]_Card_Oferta ok,2026-07-23,active,campaign,AUTOPLUS [FORD] JOAÇABA,865012117311456,0.15,21,16,,,,,,2026-07-23,2026-07-23
[JUL]_[SN]_Card_Condição ok,2026-07-23,completed,campaign,AUTOPLUS [FORD] JOAÇABA,865012117311456,0.02,1,1,1,0.02,Conversas por mensagem iniciadas,1,0.02,2026-07-23,2026-07-23
[JUL]_[SN]_Carrossel_Oferta ok,2026-07-23,active,campaign,AUTOPLUS [FORD] JOAÇABA,865012117311456,36.26,2641,1753,44,82.409.091,Conversas por mensagem iniciadas,3,1.208.666.667,2026-07-23,2026-07-23
[JUL]_[N]_Card_Oferta ok,2026-07-22,active,campaign,AUTOPLUS [FORD] JOAÇABA,865012117311456,75.19,6199,4028,34,221.147.059,Conversas por mensagem iniciadas,1,75.19,2026-07-22,2026-07-22
[JUL]_[SN]_Card_Condição ok,2026-07-22,completed,campaign,AUTOPLUS [FORD] JOAÇABA,865012117311456,20.2,2493,1922,9,224.444.444,Conversas por mensagem iniciadas,1,20.2,2026-07-22,2026-07-22
[JUL]_[SN]_Carrossel_Oferta ok,2026-07-22,active,campaign,AUTOPLUS [FORD] JOAÇABA,865012117311456,41.96,2858,1865,49,85.632.653,Conversas por mensagem iniciadas,3,1.398.666.667,2026-07-22,2026-07-22
[JUL]_[N]_Vídeo_Oferta Individual ok,2026-07-22,inactive,campaign,AUTOPLUS [FORD] JOAÇABA,865012117311456,13.34,746,713,2,6.67,,,,2026-07-22,2026-07-22
[JUL]_[N]_Vídeo_Transit [permanente],2026-07-22,active,campaign,AUTOPLUS [FORD] JOAÇABA,865012117311456,11.74,773,699,1,11.74,Conversas por mensagem iniciadas,1,11.74,2026-07-22,2026-07-22
[JUL]_[N]_Vt_Condição ok,2026-07-22,inactive,campaign,AUTOPLUS [FORD] JOAÇABA,865012117311456,36.56,369,280,11,332.363.636,Conversas por mensagem iniciadas,3,1.218.666.667,2026-07-22,2026-07-22
[JUL]_[N]_Vídeo_Transit [permanente],2026-07-21,active,campaign,AUTOPLUS [FORD] JOAÇABA,865012117311456,15.86,833,791,1,15.86,,,,2026-07-21,2026-07-21
[JUL]_[N]_Vt_Condição ok,2026-07-21,inactive,campaign,AUTOPLUS [FORD] JOAÇABA,865012117311456,45.75,1168,1010,12,3.8125,,,,2026-07-21,2026-07-21
[JUL]_[N]_Vídeo_Oferta Individual ok,2026-07-21,inactive,campaign,AUTOPLUS [FORD] JOAÇABA,865012117311456,16.08,1060,1010,2,08.04,,,,2026-07-21,2026-07-21
[JUL]_[N]_Card_Oferta ok,2026-07-21,active,campaign,AUTOPLUS [FORD] JOAÇABA,865012117311456,133.58,12385,7304,93,143.634.409,Conversas por mensagem iniciadas,6,2.226.333.333,2026-07-21,2026-07-21
[JUL]_[SN]_Card_Condição ok,2026-07-21,completed,campaign,AUTOPLUS [FORD] JOAÇABA,865012117311456,41.29,4031,2960,31,133.193.548,Conversas por mensagem iniciadas,1,41.29,2026-07-21,2026-07-21
[JUL]_[SN]_Carrossel_Oferta ok,2026-07-21,active,campaign,AUTOPLUS [FORD] JOAÇABA,865012117311456,57.19,3779,2288,59,96.932.203,Conversas por mensagem iniciadas,4,142.975,2026-07-21,2026-07-21
[JUL]_[N]_Card_Oferta ok,2026-07-20,active,campaign,AUTOPLUS [FORD] JOAÇABA,865012117311456,120.99,14816,9263,101,119.792.079,Conversas por mensagem iniciadas,4,302.475,2026-07-20,2026-07-20
[JUL]_[SN]_Carrossel_Oferta ok,2026-07-20,active,campaign,AUTOPLUS [FORD] JOAÇABA,865012117311456,41.67,4081,2738,67,6.219.403,Conversas por mensagem iniciadas,6,6.945,2026-07-20,2026-07-20
[JUL]_[SN]_Card_Condição ok,2026-07-20,completed,campaign,AUTOPLUS [FORD] JOAÇABA,865012117311456,41.35,2381,1753,12,344.583.333,Conversas por mensagem iniciadas,1,41.35,2026-07-20,2026-07-20
[JUL]_[N]_Vt_Condição ok,2026-07-20,inactive,campaign,AUTOPLUS [FORD] JOAÇABA,865012117311456,47.21,1861,1606,19,248.473.684,Conversas por mensagem iniciadas,3,1.573.666.667,2026-07-20,2026-07-20
[JUL]_[N]_Vídeo_Oferta Individual ok,2026-07-20,inactive,campaign,AUTOPLUS [FORD] JOAÇABA,865012117311456,12.41,1271,1154,4,3.1025,Conversas por mensagem iniciadas,1,12.41,2026-07-20,2026-07-20
[JUL]_[N]_Vídeo_Transit [permanente],2026-07-20,active,campaign,AUTOPLUS [FORD] JOAÇABA,865012117311456,11.62,1173,1056,4,2.905,Conversas por mensagem iniciadas,1,11.62,2026-07-20,2026-07-20
[JUL]_[N]_Vídeo_Transit [permanente],2026-07-19,active,campaign,AUTOPLUS [FORD] JOAÇABA,865012117311456,7.93,743,686,,,,,,2026-07-19,2026-07-19
[JUL]_[N]_Vt_Condição ok,2026-07-19,inactive,campaign,AUTOPLUS [FORD] JOAÇABA,865012117311456,29.02,1287,1096,11,263.818.182,Conversas por mensagem iniciadas,1,29.02,2026-07-19,2026-07-19
[JUL]_[N]_Vídeo_Oferta Individual ok,2026-07-19,inactive,campaign,AUTOPLUS [FORD] JOAÇABA,865012117311456,7.89,818,786,2,3.945,Conversas por mensagem iniciadas,1,7.89,2026-07-19,2026-07-19
[JUL]_[N]_Card_Oferta ok,2026-07-19,active,campaign,AUTOPLUS [FORD] JOAÇABA,865012117311456,73.97,9845,6427,56,132.089.286,Conversas por mensagem iniciadas,4,184.925,2026-07-19,2026-07-19
[JUL]_[SN]_Card_Condição ok,2026-07-19,completed,campaign,AUTOPLUS [FORD] JOAÇABA,865012117311456,18.08,1192,866,11,164.363.636,Conversas por mensagem iniciadas,2,09.04,2026-07-19,2026-07-19
[JUL]_[SN]_Carrossel_Oferta ok,2026-07-19,active,campaign,AUTOPLUS [FORD] JOAÇABA,865012117311456,29.46,3480,2383,59,49.932.203,,,,2026-07-19,2026-07-19
[JUL]_[N]_Vídeo_Transit [permanente],2026-07-18,active,campaign,AUTOPLUS [FORD] JOAÇABA,865012117311456,1.75,163,155,1,1.75,Conversas por mensagem iniciadas,1,1.75,2026-07-18,2026-07-18
[JUL]_[N]_Vt_Condição ok,2026-07-18,inactive,campaign,AUTOPLUS [FORD] JOAÇABA,865012117311456,9.56,299,237,2,4.78,,,,2026-07-18,2026-07-18
[JUL]_[N]_Card_Oferta ok,2026-07-18,active,campaign,AUTOPLUS [FORD] JOAÇABA,865012117311456,42.72,3931,2598,19,224.842.105,Conversas por mensagem iniciadas,2,21.36,2026-07-18,2026-07-18
[JUL]_[SN]_Card_Condição ok,2026-07-18,completed,campaign,AUTOPLUS [FORD] JOAÇABA,865012117311456,9.16,551,441,1,9.16,,,,2026-07-18,2026-07-18
[JUL]_[SN]_Carrossel_Oferta ok,2026-07-18,active,campaign,AUTOPLUS [FORD] JOAÇABA,865012117311456,16.46,1613,1145,23,71.565.217,Conversas por mensagem iniciadas,2,8.23,2026-07-18,2026-07-18
[JUL]_[N]_Vídeo_Oferta Individual ok,2026-07-18,inactive,campaign,AUTOPLUS [FORD] JOAÇABA,865012117311456,3.41,216,206,,,,,,2026-07-18,2026-07-18
[JUL]_[SN]_Card_Condição ok,2026-07-17,completed,campaign,AUTOPLUS [FORD] JOAÇABA,865012117311456,19.21,1046,767,8,240.125,,,,2026-07-17,2026-07-17
[JUL]_[N]_Vídeo_Transit [permanente],2026-07-17,active,campaign,AUTOPLUS [FORD] JOAÇABA,865012117311456,10.08,711,653,2,05.04,,,,2026-07-17,2026-07-17
[JUL]_[N]_Vt_Condição ok,2026-07-17,inactive,campaign,AUTOPLUS [FORD] JOAÇABA,865012117311456,18.41,593,441,6,306.833.333,Conversas por mensagem iniciadas,1,18.41,2026-07-17,2026-07-17
[JUL]_[N]_Vídeo_Oferta Individual ok,2026-07-17,inactive,campaign,AUTOPLUS [FORD] JOAÇABA,865012117311456,8.91,640,605,1,8.91,,,,2026-07-17,2026-07-17
[JUL]_[N]_Card_Oferta ok,2026-07-17,active,campaign,AUTOPLUS [FORD] JOAÇABA,865012117311456,80.32,8986,5788,52,154.461.538,Conversas por mensagem iniciadas,4,20.08,2026-07-17,2026-07-17
[JUL]_[SN]_Carrossel_Oferta ok,2026-07-17,active,campaign,AUTOPLUS [FORD] JOAÇABA,865012117311456,36.91,3443,2262,59,62.559.322,Conversas por mensagem iniciadas,4,9.2275,2026-07-17,2026-07-17
[JUL]_[N]_Card_Oferta ok,2026-07-16,active,campaign,AUTOPLUS [FORD] JOAÇABA,865012117311456,123.21,15618,8828,107,115.149.533,,,,2026-07-16,2026-07-16
[JUL]_[SN]_Card_Condição ok,2026-07-16,completed,campaign,AUTOPLUS [FORD] JOAÇABA,865012117311456,38.34,1260,1059,13,294.923.077,Conversas por mensagem iniciadas,5,7.668,2026-07-16,2026-07-16
[JUL]_[SN]_Carrossel_Oferta ok,2026-07-16,active,campaign,AUTOPLUS [FORD] JOAÇABA,865012117311456,53.38,4338,2791,63,84.730.159,Conversas por mensagem iniciadas,8,6.6725,2026-07-16,2026-07-16
[JUL]_[N]_Vídeo_Oferta Individual ok,2026-07-16,inactive,campaign,AUTOPLUS [FORD] JOAÇABA,865012117311456,13.31,1140,1078,1,13.31,,,,2026-07-16,2026-07-16
[JUL]_[N]_Vt_Condição ok,2026-07-16,inactive,campaign,AUTOPLUS [FORD] JOAÇABA,865012117311456,35.43,1363,1088,14,253.071.429,,,,2026-07-16,2026-07-16
[JUL]_[N]_Vídeo_Transit [permanente],2026-07-16,active,campaign,AUTOPLUS [FORD] JOAÇABA,865012117311456,12.02,1085,939,4,3.005,Conversas por mensagem iniciadas,1,12.02,2026-07-16,2026-07-16
[JUL]_[SN]_Carrossel_Oferta ok,2026-07-15,active,campaign,AUTOPLUS [FORD] JOAÇABA,865012117311456,62.77,5508,3625,64,98.078.125,Conversas por mensagem iniciadas,4,156.925,2026-07-15,2026-07-15
[JUL]_[N]_Card_Oferta ok,2026-07-15,active,campaign,AUTOPLUS [FORD] JOAÇABA,865012117311456,162.78,18983,11043,113,144.053.097,Conversas por mensagem iniciadas,7,2.325.428.571,2026-07-15,2026-07-15
[JUL]_[SN]_Card_Condição ok,2026-07-15,completed,campaign,AUTOPLUS [FORD] JOAÇABA,865012117311456,48.89,3410,2523,23,212.565.217,Conversas por mensagem iniciadas,2,24.445,2026-07-15,2026-07-15
[JUL]_[N]_Vídeo_Transit [permanente],2026-07-15,active,campaign,AUTOPLUS [FORD] JOAÇABA,865012117311456,14.72,1504,1275,11,133.818.182,Conversas por mensagem iniciadas,1,14.72,2026-07-15,2026-07-15
[JUL]_[N]_Vídeo_Oferta Individual ok,2026-07-15,inactive,campaign,AUTOPLUS [FORD] JOAÇABA,865012117311456,17.33,2195,2081,4,4.3325,Conversas por mensagem iniciadas,1,17.33,2026-07-15,2026-07-15
[JUL]_[N]_Vt_Condição ok,2026-07-15,inactive,campaign,AUTOPLUS [FORD] JOAÇABA,865012117311456,42.79,2827,2268,21,203.761.905,Conversas por mensagem iniciadas,2,21.395,2026-07-15,2026-07-15
[JUL]_[N]_Vídeo_Transit [permanente],2026-07-14,active,campaign,AUTOPLUS [FORD] JOAÇABA,865012117311456,4.35,426,396,3,1.45,,,,2026-07-14,2026-07-14
[JUL]_[N]_Vt_Condição ok,2026-07-14,inactive,campaign,AUTOPLUS [FORD] JOAÇABA,865012117311456,44.47,2871,2344,5,8.894,Conversas por mensagem iniciadas,2,22.235,2026-07-14,2026-07-14
[JUL]_[N]_Vídeo_Oferta Individual ok,2026-07-14,inactive,campaign,AUTOPLUS [FORD] JOAÇABA,865012117311456,12.72,1913,1808,3,4.24,,,,2026-07-14,2026-07-14
[JUL]_[N]_Card_Oferta ok,2026-07-14,active,campaign,AUTOPLUS [FORD] JOAÇABA,865012117311456,126.05,17332,11242,95,132.684.211,Conversas por mensagem iniciadas,2,63.025,2026-07-14,2026-07-14
[JUL]_[SN]_Card_Condição ok,2026-07-14,completed,campaign,AUTOPLUS [FORD] JOAÇABA,865012117311456,41.59,3666,2936,18,231.055.556,Conversas por mensagem iniciadas,1,41.59,2026-07-14,2026-07-14
[JUL]_[SN]_Carrossel_Oferta ok,2026-07-14,active,campaign,AUTOPLUS [FORD] JOAÇABA,865012117311456,49.77,5209,3536,72,69.125,Conversas por mensagem iniciadas,5,9.954,2026-07-14,2026-07-14
[JUL]_[SN]_Carrossel_Oferta ok,2026-07-13,active,campaign,AUTOPLUS [FORD] JOAÇABA,865012117311456,36.03,2875,1784,52,69.288.462,Conversas por mensagem iniciadas,2,18.015,2026-07-13,2026-07-13
[JUL]_[N]_Vt_Condição ok,2026-07-13,inactive,campaign,AUTOPLUS [FORD] JOAÇABA,865012117311456,6.39,564,494,4,1.5975,,,,2026-07-13,2026-07-13
[JUL]_[N]_Vídeo_Oferta Individual ok,2026-07-13,inactive,campaign,AUTOPLUS [FORD] JOAÇABA,865012117311456,7.75,706,672,,,,,,2026-07-13,2026-07-13
[JUL]_[N]_Card_Oferta ok,2026-07-13,active,campaign,AUTOPLUS [FORD] JOAÇABA,865012117311456,91.99,14267,8632,110,83.627.273,Conversas por mensagem iniciadas,1,91.99,2026-07-13,2026-07-13
[JUL]_[SN]_Card_Condição ok,2026-07-13,completed,campaign,AUTOPLUS [FORD] JOAÇABA,865012117311456,34.85,2304,1931,18,193.611.111,,,,2026-07-13,2026-07-13
[JUL]_[SN]_Card_Condição ok,2026-07-12,completed,campaign,AUTOPLUS [FORD] JOAÇABA,865012117311456,17.87,2027,1539,9,198.555.556,Conversas por mensagem iniciadas,1,17.87,2026-07-12,2026-07-12
[JUL]_[SN]_Carrossel_Oferta ok,2026-07-12,active,campaign,AUTOPLUS [FORD] JOAÇABA,865012117311456,24.63,2608,1661,50,4.926,,,,2026-07-12,2026-07-12
[JUL]_[N]_Card_Oferta ok,2026-07-12,active,campaign,AUTOPLUS [FORD] JOAÇABA,865012117311456,72.93,11613,6416,60,1.2155,Conversas por mensagem iniciadas,2,36.465,2026-07-12,2026-07-12
[JUL]_[N]_Vídeo_Oferta Individual ok,2026-07-12,inactive,campaign,AUTOPLUS [FORD] JOAÇABA,865012117311456,6.57,687,625,2,3.285,,,,2026-07-12,2026-07-12
[JUL]_[N]_Vídeo_Oferta Individual ok,2026-07-11,inactive,campaign,AUTOPLUS [FORD] JOAÇABA,865012117311456,9.68,1133,1029,,,,,,2026-07-11,2026-07-11
[JUL]_[N]_Card_Oferta ok,2026-07-11,active,campaign,AUTOPLUS [FORD] JOAÇABA,865012117311456,89.16,14687,8349,127,70.204.724,Conversas por mensagem iniciadas,3,29.72,2026-07-11,2026-07-11
[JUL]_[SN]_Card_Condição ok,2026-07-11,completed,campaign,AUTOPLUS [FORD] JOAÇABA,865012117311456,14.75,945,736,5,2.95,Conversas por mensagem iniciadas,2,7.375,2026-07-11,2026-07-11
[JUL]_[SN]_Carrossel_Oferta ok,2026-07-11,active,campaign,AUTOPLUS [FORD] JOAÇABA,865012117311456,25.38,2526,1639,39,65.076.923,Conversas por mensagem iniciadas,3,8.46,2026-07-11,2026-07-11
[JUL]_[SN]_Card_Condição ok,2026-07-10,completed,campaign,AUTOPLUS [FORD] JOAÇABA,865012117311456,21.31,497,344,4,5.3275,,,,2026-07-10,2026-07-10
[JUL]_[N]_Vídeo_Oferta Individual ok,2026-07-10,inactive,campaign,AUTOPLUS [FORD] JOAÇABA,865012117311456,13.14,683,628,4,3.285,Conversas por mensagem iniciadas,1,13.14,2026-07-10,2026-07-10
[JUL]_[N]_Card_Oferta ok,2026-07-10,active,campaign,AUTOPLUS [FORD] JOAÇABA,865012117311456,70.89,6461,3687,52,136.326.923,Conversas por mensagem iniciadas,3,23.63,2026-07-10,2026-07-10
[JUL]_[SN]_Carrossel_Oferta ok,2026-07-10,active,campaign,AUTOPLUS [FORD] JOAÇABA,865012117311456,31.89,2068,1218,49,65.081.633,Conversas por mensagem iniciadas,4,7.9725,2026-07-10,2026-07-10
[JUN]_[SN]_Vídeo_Oferta,2026-07-10,inactive,campaign,AUTOPLUS [FORD] JOAÇABA,865012117311456,13.37,521,434,3,445.666.667,Conversas por mensagem iniciadas,2,6.685,2026-07-10,2026-07-10
[JUL]_[SN]_Card_Condição ok,2026-07-09,completed,campaign,AUTOPLUS [FORD] JOAÇABA,865012117311456,21.6,738,538,2,10.8,Conversas por mensagem iniciadas,2,10.8,2026-07-09,2026-07-09
[JUL]_[SN]_Carrossel_Oferta ok,2026-07-09,active,campaign,AUTOPLUS [FORD] JOAÇABA,865012117311456,34.96,2573,1643,53,65.962.264,Conversas por mensagem iniciadas,5,6.992,2026-07-09,2026-07-09
[JUN]_[SN]_Vídeo_Oferta,2026-07-09,inactive,campaign,AUTOPLUS [FORD] JOAÇABA,865012117311456,41.32,2304,1684,4,10.33,Conversas por mensagem iniciadas,1,41.32,2026-07-09,2026-07-09
[JUL]_[N]_Card_Oferta ok,2026-07-09,active,campaign,AUTOPLUS [FORD] JOAÇABA,865012117311456,25.52,2206,1380,18,141.777.778,Conversas por mensagem iniciadas,1,25.52,2026-07-09,2026-07-09
[JUL]_[N]_Vídeo_Oferta Individual ok,2026-07-09,inactive,campaign,AUTOPLUS [FORD] JOAÇABA,865012117311456,0.41,33,33,,,,,,2026-07-09,2026-07-09
[JUN]_[SN]_Vídeo_Oferta,2026-07-08,inactive,campaign,AUTOPLUS [FORD] JOAÇABA,865012117311456,43.75,2302,1840,4,10.9375,Conversas por mensagem iniciadas,1,43.75,2026-07-08,2026-07-08
[JUL]_[SN]_Carrossel_Oferta ok,2026-07-08,active,campaign,AUTOPLUS [FORD] JOAÇABA,865012117311456,47.19,3797,2426,56,84.267.857,Conversas por mensagem iniciadas,6,7.865,2026-07-08,2026-07-08
[JUL]_[SN]_Card_Condição ok,2026-07-08,completed,campaign,AUTOPLUS [FORD] JOAÇABA,865012117311456,35.36,1548,1059,10,3.536,Conversas por mensagem iniciadas,2,17.68,2026-07-08,2026-07-08
[JUL]_[N]_Card_Oferta ok,2026-07-08,active,campaign,AUTOPLUS [FORD] JOAÇABA,865012117311456,36.73,3493,2128,30,122.433.333,Conversas por mensagem iniciadas,2,18.365,2026-07-08,2026-07-08
[JUL]_[N]_Card_Oferta ok,2026-07-07,active,campaign,AUTOPLUS [FORD] JOAÇABA,865012117311456,36.85,3396,2318,16,2.303.125,Conversas por mensagem iniciadas,1,36.85,2026-07-07,2026-07-07
[JUL]_[SN]_Card_Condição ok,2026-07-07,completed,campaign,AUTOPLUS [FORD] JOAÇABA,865012117311456,49.08,1804,1209,13,377.538.462,Conversas por mensagem iniciadas,4,12.27,2026-07-07,2026-07-07
[JUL]_[SN]_Carrossel_Oferta ok,2026-07-07,active,campaign,AUTOPLUS [FORD] JOAÇABA,865012117311456,64.7,4651,2714,83,77.951.807,Conversas por mensagem iniciadas,7,924.285.714,2026-07-07,2026-07-07
[JUL]_[N]_Card_Oferta ok,2026-07-06,active,campaign,AUTOPLUS [FORD] JOAÇABA,865012117311456,36.83,4704,3098,19,193.842.105,Conversas por mensagem iniciadas,1,36.83,2026-07-06,2026-07-06
[JUL]_[SN]_Card_Condição ok,2026-07-06,completed,campaign,AUTOPLUS [FORD] JOAÇABA,865012117311456,40.6,1666,1041,9,451.111.111,Conversas por mensagem iniciadas,2,20.3,2026-07-06,2026-07-06
[JUL]_[SN]_Carrossel_Oferta ok,2026-07-06,active,campaign,AUTOPLUS [FORD] JOAÇABA,865012117311456,43.88,3971,2446,72,60.944.444,Conversas por mensagem iniciadas,2,21.94,2026-07-06,2026-07-06
[JUL]_[N]_Card_Oferta ok,2026-07-05,active,campaign,AUTOPLUS [FORD] JOAÇABA,865012117311456,27.5,4321,3098,19,144.736.842,Conversas por mensagem iniciadas,1,27.5,2026-07-05,2026-07-05
[JUL]_[SN]_Card_Condição ok,2026-07-05,completed,campaign,AUTOPLUS [FORD] JOAÇABA,865012117311456,26.67,1051,726,14,1.905,Conversas por mensagem iniciadas,2,13.335,2026-07-05,2026-07-05
[JUL]_[SN]_Carrossel_Oferta ok,2026-07-05,active,campaign,AUTOPLUS [FORD] JOAÇABA,865012117311456,31.9,3189,1998,54,59.074.074,Conversas por mensagem iniciadas,1,31.9,2026-07-05,2026-07-05
[JUL]_[SN]_Carrossel_Oferta ok,2026-07-04,active,campaign,AUTOPLUS [FORD] JOAÇABA,865012117311456,21.61,1926,1119,30,72.033.333,Conversas por mensagem iniciadas,1,21.61,2026-07-04,2026-07-04
[JUL]_[N]_Card_Oferta ok,2026-07-04,active,campaign,AUTOPLUS [FORD] JOAÇABA,865012117311456,31.79,5244,3587,23,138.217.391,Conversas por mensagem iniciadas,2,15.895,2026-07-04,2026-07-04
[JUL]_[SN]_Card_Condição ok,2026-07-04,completed,campaign,AUTOPLUS [FORD] JOAÇABA,865012117311456,25.7,987,728,10,2.57,Conversas por mensagem iniciadas,1,25.7,2026-07-04,2026-07-04
[JUL]_[SN]_Carrossel_Oferta ok,2026-07-03,active,campaign,AUTOPLUS [FORD] JOAÇABA,865012117311456,27.55,2419,1254,43,64.069.767,Conversas por mensagem iniciadas,6,459.166.667,2026-07-03,2026-07-03
[JUL]_[N]_Card_Oferta ok,2026-07-03,active,campaign,AUTOPLUS [FORD] JOAÇABA,865012117311456,5.59,824,593,4,1.3975,,,,2026-07-03,2026-07-03
[JUL]_[SN]_Card_Condição ok,2026-07-03,completed,campaign,AUTOPLUS [FORD] JOAÇABA,865012117311456,11.62,578,484,2,5.81,,,,2026-07-03,2026-07-03
[JUL]_[SN]_Carrossel_Oferta ok,2026-07-02,active,campaign,AUTOPLUS [FORD] JOAÇABA,865012117311456,40.4,3750,2135,55,73.454.545,Conversas por mensagem iniciadas,4,10.1,2026-07-02,2026-07-02
[JUL]_[SN]_Carrossel_Oferta ok,2026-07-01,active,campaign,AUTOPLUS [FORD] JOAÇABA,865012117311456,46.02,4044,2133,57,80.736.842,Conversas por mensagem iniciadas,2,23.01,2026-07-01,2026-07-01
,,,,AUTOPLUS [FORD] LAGES,1439357536110942,5209.25,1688890,349148,29851,17.450.839,mixed,,,2026-07-01,2026-07-31
[JUL]_[N]_Vídeo_Transit [permanente],2026-07-31,active,campaign,AUTOPLUS [FORD] LAGES,1439357536110942,9.87,583,583,43,22.953.488,Cliques no link,43,22.953.488,2026-07-31,2026-07-31
[JUL]_[N]_Vt_Condição,2026-07-31,recently_completed,campaign,AUTOPLUS [FORD] LAGES,1439357536110942,31.05,4738,3481,142,21.866.197,Cliques no link,142,21.866.197,2026-07-31,2026-07-31
[JUL]_[N]_Card_Oferta,2026-07-31,active,campaign,AUTOPLUS [FORD] LAGES,1439357536110942,78.07,19539,15339,407,19.181.818,Cliques no link,407,19.181.818,2026-07-31,2026-07-31
[JUL]_[SN]_Carrossel_Oferta,2026-07-31,active,campaign,AUTOPLUS [FORD] LAGES,1439357536110942,38.3,15352,10729,337,11.364.985,Cliques no link,337,11.364.985,2026-07-31,2026-07-31
[JUL]_[N]_Vídeo_Transit [permanente],2026-07-30,active,campaign,AUTOPLUS [FORD] LAGES,1439357536110942,10.31,573,548,41,25.146.341,Cliques no link,41,25.146.341,2026-07-30,2026-07-30
[JUL]_[N]_Vt_Condição,2026-07-30,recently_completed,campaign,AUTOPLUS [FORD] LAGES,1439357536110942,29.59,5131,3387,145,20.406.897,Cliques no link,145,20.406.897,2026-07-30,2026-07-30
[JUL]_[N]_Card_Oferta,2026-07-30,active,campaign,AUTOPLUS [FORD] LAGES,1439357536110942,69.55,18171,13502,371,18.746.631,Cliques no link,371,18.746.631,2026-07-30,2026-07-30
[JUL]_[SN]_Carrossel_Oferta,2026-07-30,active,campaign,AUTOPLUS [FORD] LAGES,1439357536110942,35.5,14857,10171,359,9.888.579,Cliques no link,359,9.888.579,2026-07-30,2026-07-30
[JUL]_[N]_Vídeo_Transit [permanente],2026-07-29,active,campaign,AUTOPLUS [FORD] LAGES,1439357536110942,10.07,611,585,45,22.377.778,Cliques no link,45,22.377.778,2026-07-29,2026-07-29
[JUL]_[N]_Vt_Condição,2026-07-29,recently_completed,campaign,AUTOPLUS [FORD] LAGES,1439357536110942,28.51,5297,3486,151,18.880.795,Cliques no link,151,18.880.795,2026-07-29,2026-07-29
[JUL]_[N]_Card_Oferta,2026-07-29,active,campaign,AUTOPLUS [FORD] LAGES,1439357536110942,73.11,18360,13537,396,18.462.121,Cliques no link,396,18.462.121,2026-07-29,2026-07-29
[JUL]_[SN]_Carrossel_Oferta,2026-07-29,active,campaign,AUTOPLUS [FORD] LAGES,1439357536110942,36.97,16862,11484,355,10.414.085,Cliques no link,355,10.414.085,2026-07-29,2026-07-29
[JUL]_[N]_Card_Oferta,2026-07-28,active,campaign,AUTOPLUS [FORD] LAGES,1439357536110942,74.7,21429,15132,450,166,Cliques no link,450,166,2026-07-28,2026-07-28
[JUL]_[SN]_Carrossel_Oferta,2026-07-28,active,campaign,AUTOPLUS [FORD] LAGES,1439357536110942,38.23,17259,12211,386,9.904.145,Cliques no link,386,9.904.145,2026-07-28,2026-07-28
[JUL]_[N]_Vt_Condição,2026-07-28,recently_completed,campaign,AUTOPLUS [FORD] LAGES,1439357536110942,26.81,5128,3362,116,23.112.069,Cliques no link,116,23.112.069,2026-07-28,2026-07-28
[JUL]_[N]_Vídeo_Transit [permanente],2026-07-28,active,campaign,AUTOPLUS [FORD] LAGES,1439357536110942,8.98,594,588,44,20.409.091,Cliques no link,44,20.409.091,2026-07-28,2026-07-28
[JUL]_[N]_Vídeo_Transit [permanente],2026-07-27,active,campaign,AUTOPLUS [FORD] LAGES,1439357536110942,10.44,769,753,40,261,Cliques no link,40,261,2026-07-27,2026-07-27
[JUL]_[N]_Vt_Condição,2026-07-27,recently_completed,campaign,AUTOPLUS [FORD] LAGES,1439357536110942,27.86,5844,3680,130,21.430.769,Cliques no link,130,21.430.769,2026-07-27,2026-07-27
[JUL]_[N]_Card_Oferta,2026-07-27,active,campaign,AUTOPLUS [FORD] LAGES,1439357536110942,86.01,26770,19312,542,15.869.004,Cliques no link,542,15.869.004,2026-07-27,2026-07-27
[JUL]_[SN]_Carrossel_Oferta,2026-07-27,active,campaign,AUTOPLUS [FORD] LAGES,1439357536110942,41.43,18825,13148,422,9.817.536,Cliques no link,422,9.817.536,2026-07-27,2026-07-27
[JUL]_[N]_Vídeo_Transit [permanente],2026-07-26,active,campaign,AUTOPLUS [FORD] LAGES,1439357536110942,12.41,940,936,54,22.981.481,Cliques no link,54,22.981.481,2026-07-26,2026-07-26
[JUL]_[N]_Vt_Condição,2026-07-26,recently_completed,campaign,AUTOPLUS [FORD] LAGES,1439357536110942,34.87,7231,4413,188,18.547.872,Cliques no link,188,18.547.872,2026-07-26,2026-07-26
[JUL]_[N]_Card_Oferta,2026-07-26,active,campaign,AUTOPLUS [FORD] LAGES,1439357536110942,119.99,39653,27102,698,17.190.544,Cliques no link,698,17.190.544,2026-07-26,2026-07-26
[JUL]_[SN]_Carrossel_Oferta,2026-07-26,active,campaign,AUTOPLUS [FORD] LAGES,1439357536110942,48.16,21187,14071,489,9.848.671,Cliques no link,489,9.848.671,2026-07-26,2026-07-26
[JUL]_[N]_Vídeo_Transit [permanente],2026-07-25,active,campaign,AUTOPLUS [FORD] LAGES,1439357536110942,9.49,671,662,36,26.361.111,Cliques no link,36,26.361.111,2026-07-25,2026-07-25
[JUL]_[N]_Vt_Condição,2026-07-25,recently_completed,campaign,AUTOPLUS [FORD] LAGES,1439357536110942,29.79,5337,3845,139,21.431.655,Cliques no link,139,21.431.655,2026-07-25,2026-07-25
[JUL]_[N]_Card_Oferta,2026-07-25,active,campaign,AUTOPLUS [FORD] LAGES,1439357536110942,172.33,55692,38774,845,20.394.083,Cliques no link,845,20.394.083,2026-07-25,2026-07-25
[JUL]_[SN]_Carrossel_Oferta,2026-07-25,active,campaign,AUTOPLUS [FORD] LAGES,1439357536110942,38.03,16142,11053,379,10.034.301,Cliques no link,379,10.034.301,2026-07-25,2026-07-25
[JUL]_[SN]_Carrossel_Oferta,2026-07-24,active,campaign,AUTOPLUS [FORD] LAGES,1439357536110942,38.28,16415,11483,374,10.235.294,Cliques no link,374,10.235.294,2026-07-24,2026-07-24
[JUL]_[N]_Card_Oferta,2026-07-24,active,campaign,AUTOPLUS [FORD] LAGES,1439357536110942,109.54,37150,27699,539,2.032.282,Cliques no link,539,2.032.282,2026-07-24,2026-07-24
[JUL]_[N]_Vt_Condição,2026-07-24,recently_completed,campaign,AUTOPLUS [FORD] LAGES,1439357536110942,29.54,5071,4069,142,20.802.817,Cliques no link,142,20.802.817,2026-07-24,2026-07-24
[JUL]_[N]_Vídeo_Transit [permanente],2026-07-24,active,campaign,AUTOPLUS [FORD] LAGES,1439357536110942,10.18,864,858,32,318.125,Cliques no link,32,318.125,2026-07-24,2026-07-24
[JUL]_[N]_Vídeo_Transit [permanente],2026-07-23,active,campaign,AUTOPLUS [FORD] LAGES,1439357536110942,9.38,822,822,30,31.266.667,Cliques no link,30,31.266.667,2026-07-23,2026-07-23
[JUL]_[N]_Vt_Condição,2026-07-23,recently_completed,campaign,AUTOPLUS [FORD] LAGES,1439357536110942,27.35,4370,3662,130,21.038.462,Cliques no link,130,21.038.462,2026-07-23,2026-07-23
[JUL]_[N]_Card_Oferta,2026-07-23,active,campaign,AUTOPLUS [FORD] LAGES,1439357536110942,0.66,218,213,3,0.22,Cliques no link,3,0.22,2026-07-23,2026-07-23
[JUL]_[SN]_Card_Condição,2026-07-23,completed,campaign,AUTOPLUS [FORD] LAGES,1439357536110942,0.31,124,122,6,5.166.667,Cliques no link,6,5.166.667,2026-07-23,2026-07-23
[JUL]_[SN]_Carrossel_Oferta,2026-07-23,active,campaign,AUTOPLUS [FORD] LAGES,1439357536110942,40.11,17307,11510,432,9.284.722,Cliques no link,432,9.284.722,2026-07-23,2026-07-23
[JUL]_[N]_Vídeo_Transit [permanente],2026-07-22,active,campaign,AUTOPLUS [FORD] LAGES,1439357536110942,8.88,675,669,31,28.645.161,Cliques no link,31,28.645.161,2026-07-22,2026-07-22
[JUL]_[N]_Vt_Condição,2026-07-22,recently_completed,campaign,AUTOPLUS [FORD] LAGES,1439357536110942,31.03,5518,4085,118,2.629.661,Cliques no link,118,2.629.661,2026-07-22,2026-07-22
[JUL]_[N]_Card_Oferta,2026-07-22,active,campaign,AUTOPLUS [FORD] LAGES,1439357536110942,97.63,34886,24958,484,20.171.488,Cliques no link,484,20.171.488,2026-07-22,2026-07-22
[JUL]_[SN]_Card_Condição,2026-07-22,completed,campaign,AUTOPLUS [FORD] LAGES,1439357536110942,29.56,8488,7393,171,1.728.655,Cliques no link,171,1.728.655,2026-07-22,2026-07-22
[JUL]_[SN]_Carrossel_Oferta,2026-07-22,active,campaign,AUTOPLUS [FORD] LAGES,1439357536110942,37.96,16624,11321,365,104,Cliques no link,365,104,2026-07-22,2026-07-22
[JUL]_[N]_Card_Oferta,2026-07-21,active,campaign,AUTOPLUS [FORD] LAGES,1439357536110942,92.68,32596,22354,488,18.991.803,Cliques no link,488,18.991.803,2026-07-21,2026-07-21
[JUL]_[SN]_Carrossel_Oferta,2026-07-21,active,campaign,AUTOPLUS [FORD] LAGES,1439357536110942,39.19,17020,11440,393,997.201,Cliques no link,393,997.201,2026-07-21,2026-07-21
[JUL]_[SN]_Card_Condição,2026-07-21,completed,campaign,AUTOPLUS [FORD] LAGES,1439357536110942,27.88,8908,7681,158,1.764.557,Cliques no link,158,1.764.557,2026-07-21,2026-07-21
[JUL]_[N]_Vt_Condição,2026-07-21,recently_completed,campaign,AUTOPLUS [FORD] LAGES,1439357536110942,28.16,5471,4328,143,19.692.308,Cliques no link,143,19.692.308,2026-07-21,2026-07-21
[JUL]_[N]_Vídeo_Transit [permanente],2026-07-21,active,campaign,AUTOPLUS [FORD] LAGES,1439357536110942,9.49,792,788,36,26.361.111,Cliques no link,36,26.361.111,2026-07-21,2026-07-21
[JUL]_[N]_Vídeo_Transit [permanente],2026-07-20,active,campaign,AUTOPLUS [FORD] LAGES,1439357536110942,10.3,833,826,45,22.888.889,Cliques no link,45,22.888.889,2026-07-20,2026-07-20
[JUL]_[N]_Vt_Condição,2026-07-20,recently_completed,campaign,AUTOPLUS [FORD] LAGES,1439357536110942,30.37,6523,5112,152,19.980.263,Cliques no link,152,19.980.263,2026-07-20,2026-07-20
[JUL]_[N]_Card_Oferta,2026-07-20,active,campaign,AUTOPLUS [FORD] LAGES,1439357536110942,99.39,35595,24581,531,18.717.514,Cliques no link,531,18.717.514,2026-07-20,2026-07-20
[JUL]_[SN]_Card_Condição,2026-07-20,completed,campaign,AUTOPLUS [FORD] LAGES,1439357536110942,29.33,9422,8194,156,18.801.282,Cliques no link,156,18.801.282,2026-07-20,2026-07-20
[JUL]_[SN]_Carrossel_Oferta,2026-07-20,active,campaign,AUTOPLUS [FORD] LAGES,1439357536110942,40.5,17530,12354,394,10.279.188,Cliques no link,394,10.279.188,2026-07-20,2026-07-20
[JUL]_[SN]_Card_Condição,2026-07-19,completed,campaign,AUTOPLUS [FORD] LAGES,1439357536110942,34.11,10235,8613,215,15.865.116,Cliques no link,215,15.865.116,2026-07-19,2026-07-19
[JUL]_[SN]_Carrossel_Oferta,2026-07-19,active,campaign,AUTOPLUS [FORD] LAGES,1439357536110942,45.92,19847,13894,453,10.136.865,Cliques no link,453,10.136.865,2026-07-19,2026-07-19
[JUL]_[N]_Vídeo_Transit [permanente],2026-07-19,active,campaign,AUTOPLUS [FORD] LAGES,1439357536110942,12.2,1148,1114,55,22.181.818,Cliques no link,55,22.181.818,2026-07-19,2026-07-19
[JUL]_[N]_Card_Oferta,2026-07-19,active,campaign,AUTOPLUS [FORD] LAGES,1439357536110942,113.66,39228,27955,599,18.974.958,Cliques no link,599,18.974.958,2026-07-19,2026-07-19
[JUL]_[N]_Vt_Condição,2026-07-19,recently_completed,campaign,AUTOPLUS [FORD] LAGES,1439357536110942,33.76,6691,5061,166,20.337.349,Cliques no link,166,20.337.349,2026-07-19,2026-07-19
[JUL]_[SN]_Carrossel_Oferta,2026-07-18,active,campaign,AUTOPLUS [FORD] LAGES,1439357536110942,32.28,12778,9228,301,10.724.252,Cliques no link,301,10.724.252,2026-07-18,2026-07-18
[JUL]_[N]_Vídeo_Transit [permanente],2026-07-18,active,campaign,AUTOPLUS [FORD] LAGES,1439357536110942,9.15,708,708,39,23.461.538,Cliques no link,39,23.461.538,2026-07-18,2026-07-18
[JUL]_[N]_Vt_Condição,2026-07-18,recently_completed,campaign,AUTOPLUS [FORD] LAGES,1439357536110942,27.32,4262,3391,139,19.654.676,Cliques no link,139,19.654.676,2026-07-18,2026-07-18
[JUL]_[N]_Card_Oferta,2026-07-18,active,campaign,AUTOPLUS [FORD] LAGES,1439357536110942,88.13,27350,19452,427,20.639.344,Cliques no link,427,20.639.344,2026-07-18,2026-07-18
[JUL]_[SN]_Card_Condição,2026-07-18,completed,campaign,AUTOPLUS [FORD] LAGES,1439357536110942,26.62,7556,6383,157,16.955.414,Cliques no link,157,16.955.414,2026-07-18,2026-07-18
[JUL]_[N]_Vídeo_Transit [permanente],2026-07-17,active,campaign,AUTOPLUS [FORD] LAGES,1439357536110942,12.17,841,810,45,27.044.444,Cliques no link,45,27.044.444,2026-07-17,2026-07-17
[JUL]_[N]_Card_Oferta,2026-07-17,active,campaign,AUTOPLUS [FORD] LAGES,1439357536110942,100.33,31570,22310,434,23.117.512,Cliques no link,434,23.117.512,2026-07-17,2026-07-17
[JUL]_[SN]_Card_Condição,2026-07-17,completed,campaign,AUTOPLUS [FORD] LAGES,1439357536110942,29.79,9253,8137,147,20.265.306,Cliques no link,147,20.265.306,2026-07-17,2026-07-17
[JUL]_[SN]_Carrossel_Oferta,2026-07-17,active,campaign,AUTOPLUS [FORD] LAGES,1439357536110942,44.02,16362,11727,353,12.470.255,Cliques no link,353,12.470.255,2026-07-17,2026-07-17
[JUL]_[N]_Vt_Condição,2026-07-17,recently_completed,campaign,AUTOPLUS [FORD] LAGES,1439357536110942,33.71,4955,4093,157,21.471.338,Cliques no link,157,21.471.338,2026-07-17,2026-07-17
[JUL]_[N]_Vídeo_Transit [permanente],2026-07-16,active,campaign,AUTOPLUS [FORD] LAGES,1439357536110942,10.23,809,792,41,2.495.122,Cliques no link,41,2.495.122,2026-07-16,2026-07-16
[JUL]_[N]_Vt_Condição,2026-07-16,recently_completed,campaign,AUTOPLUS [FORD] LAGES,1439357536110942,32.2,4977,4150,126,25.555.556,Cliques no link,126,25.555.556,2026-07-16,2026-07-16
[JUL]_[N]_Card_Oferta,2026-07-16,active,campaign,AUTOPLUS [FORD] LAGES,1439357536110942,98.67,35047,24397,429,0.23,Cliques no link,429,0.23,2026-07-16,2026-07-16
[JUL]_[SN]_Card_Condição,2026-07-16,completed,campaign,AUTOPLUS [FORD] LAGES,1439357536110942,28.76,10107,8397,129,22.294.574,Cliques no link,129,22.294.574,2026-07-16,2026-07-16
[JUL]_[SN]_Carrossel_Oferta,2026-07-16,active,campaign,AUTOPLUS [FORD] LAGES,1439357536110942,38.7,16103,10991,279,13.870.968,Cliques no link,279,13.870.968,2026-07-16,2026-07-16
[JUL]_[SN]_Carrossel_Oferta,2026-07-15,active,campaign,AUTOPLUS [FORD] LAGES,1439357536110942,40.12,17272,11895,276,14.536.232,Cliques no link,276,14.536.232,2026-07-15,2026-07-15
[JUL]_[N]_Vídeo_Transit [permanente],2026-07-15,active,campaign,AUTOPLUS [FORD] LAGES,1439357536110942,9.15,722,700,31,29.516.129,Cliques no link,31,29.516.129,2026-07-15,2026-07-15
[JUL]_[N]_Vt_Condição,2026-07-15,recently_completed,campaign,AUTOPLUS [FORD] LAGES,1439357536110942,32.64,5180,3993,122,26.754.098,Cliques no link,122,26.754.098,2026-07-15,2026-07-15
[JUL]_[N]_Card_Oferta,2026-07-15,active,campaign,AUTOPLUS [FORD] LAGES,1439357536110942,96.73,35594,25229,431,22.443.155,Cliques no link,431,22.443.155,2026-07-15,2026-07-15
[JUL]_[SN]_Card_Condição,2026-07-15,completed,campaign,AUTOPLUS [FORD] LAGES,1439357536110942,29,11647,9786,138,21.014.493,Cliques no link,138,21.014.493,2026-07-15,2026-07-15
[JUL]_[SN]_Card_Condição,2026-07-14,completed,campaign,AUTOPLUS [FORD] LAGES,1439357536110942,30.7,13666,12636,146,21.027.397,Cliques no link,146,21.027.397,2026-07-14,2026-07-14
[JUL]_[SN]_Carrossel_Oferta,2026-07-14,active,campaign,AUTOPLUS [FORD] LAGES,1439357536110942,38.93,16722,11395,268,14.526.119,Cliques no link,268,14.526.119,2026-07-14,2026-07-14
[JUL]_[N]_Vídeo_Transit [permanente],2026-07-14,active,campaign,AUTOPLUS [FORD] LAGES,1439357536110942,1.72,151,151,8,215,Cliques no link,8,215,2026-07-14,2026-07-14
[JUL]_[N]_Card_Oferta,2026-07-14,active,campaign,AUTOPLUS [FORD] LAGES,1439357536110942,99.6,41624,30992,506,19.683.794,Cliques no link,506,19.683.794,2026-07-14,2026-07-14
[JUL]_[N]_Vt_Condição,2026-07-14,recently_completed,campaign,AUTOPLUS [FORD] LAGES,1439357536110942,27.86,4700,3813,124,22.467.742,Cliques no link,124,22.467.742,2026-07-14,2026-07-14
[JUL]_[N]_Vt_Condição,2026-07-13,recently_completed,campaign,AUTOPLUS [FORD] LAGES,1439357536110942,2.92,742,668,8,365,Cliques no link,8,365,2026-07-13,2026-07-13
[JUL]_[N]_Card_Oferta,2026-07-13,active,campaign,AUTOPLUS [FORD] LAGES,1439357536110942,101.52,38311,27837,491,20.676.171,Cliques no link,491,20.676.171,2026-07-13,2026-07-13
[JUL]_[SN]_Card_Condição,2026-07-13,completed,campaign,AUTOPLUS [FORD] LAGES,1439357536110942,30.17,11217,10018,147,2.052.381,Cliques no link,147,2.052.381,2026-07-13,2026-07-13
[JUL]_[SN]_Carrossel_Oferta,2026-07-13,active,campaign,AUTOPLUS [FORD] LAGES,1439357536110942,40.44,17755,11549,305,13.259.016,Cliques no link,305,13.259.016,2026-07-13,2026-07-13
[JUL]_[N]_Card_Oferta,2026-07-12,active,campaign,AUTOPLUS [FORD] LAGES,1439357536110942,115.02,44965,29489,616,18.672.078,Cliques no link,616,18.672.078,2026-07-12,2026-07-12
[JUL]_[SN]_Card_Condição,2026-07-12,completed,campaign,AUTOPLUS [FORD] LAGES,1439357536110942,34.96,13591,11486,179,19.530.726,Cliques no link,179,19.530.726,2026-07-12,2026-07-12
[JUL]_[SN]_Carrossel_Oferta,2026-07-12,active,campaign,AUTOPLUS [FORD] LAGES,1439357536110942,45.5,21102,13284,338,13.461.538,Cliques no link,338,13.461.538,2026-07-12,2026-07-12
[JUL]_[SN]_Carrossel_Oferta,2026-07-11,active,campaign,AUTOPLUS [FORD] LAGES,1439357536110942,35.34,15614,10329,283,12.487.633,Cliques no link,283,12.487.633,2026-07-11,2026-07-11
[JUL]_[N]_Card_Oferta,2026-07-11,active,campaign,AUTOPLUS [FORD] LAGES,1439357536110942,89.41,31604,21242,396,22.578.283,Cliques no link,396,22.578.283,2026-07-11,2026-07-11
[JUL]_[SN]_Card_Condição,2026-07-11,completed,campaign,AUTOPLUS [FORD] LAGES,1439357536110942,29.29,9854,8469,146,20.061.644,Cliques no link,146,20.061.644,2026-07-11,2026-07-11
[JUL]_[SN]_Card_Condição,2026-07-10,completed,campaign,AUTOPLUS [FORD] LAGES,1439357536110942,28.43,8822,7381,139,20.453.237,Cliques no link,139,20.453.237,2026-07-10,2026-07-10
[JUL]_[SN]_Carrossel_Oferta,2026-07-10,active,campaign,AUTOPLUS [FORD] LAGES,1439357536110942,38.9,15910,10318,301,12.923.588,Cliques no link,301,12.923.588,2026-07-10,2026-07-10
[JUL]_[N]_Card_Oferta,2026-07-10,active,campaign,AUTOPLUS [FORD] LAGES,1439357536110942,68.45,23835,17235,372,18.400.538,Cliques no link,372,18.400.538,2026-07-10,2026-07-10
[JUL]_[SN]_Card_Condição,2026-07-09,completed,campaign,AUTOPLUS [FORD] LAGES,1439357536110942,30.38,8989,7331,148,20.527.027,Cliques no link,148,20.527.027,2026-07-09,2026-07-09
[JUL]_[SN]_Carrossel_Oferta,2026-07-09,active,campaign,AUTOPLUS [FORD] LAGES,1439357536110942,41.93,16415,10585,298,1.407.047,Cliques no link,298,1.407.047,2026-07-09,2026-07-09
[JUL]_[N]_Card_Oferta,2026-07-09,active,campaign,AUTOPLUS [FORD] LAGES,1439357536110942,29.45,10676,8129,153,19.248.366,Cliques no link,153,19.248.366,2026-07-09,2026-07-09
[JUL]_[N]_Card_Oferta,2026-07-08,active,campaign,AUTOPLUS [FORD] LAGES,1439357536110942,30.17,11269,8591,152,19.848.684,Cliques no link,152,19.848.684,2026-07-08,2026-07-08
[JUL]_[SN]_Card_Condição,2026-07-08,completed,campaign,AUTOPLUS [FORD] LAGES,1439357536110942,30.79,8893,7284,145,21.234.483,Cliques no link,145,21.234.483,2026-07-08,2026-07-08
[JUL]_[SN]_Carrossel_Oferta,2026-07-08,active,campaign,AUTOPLUS [FORD] LAGES,1439357536110942,41.81,15641,10620,282,14.826.241,Cliques no link,282,14.826.241,2026-07-08,2026-07-08
[JUL]_[N]_Card_Oferta,2026-07-07,active,campaign,AUTOPLUS [FORD] LAGES,1439357536110942,28.38,10043,7981,154,18.428.571,Cliques no link,154,18.428.571,2026-07-07,2026-07-07
[JUL]_[SN]_Card_Condição,2026-07-07,completed,campaign,AUTOPLUS [FORD] LAGES,1439357536110942,27.8,9104,7793,133,20.902.256,Cliques no link,133,20.902.256,2026-07-07,2026-07-07
[JUL]_[SN]_Carrossel_Oferta,2026-07-07,active,campaign,AUTOPLUS [FORD] LAGES,1439357536110942,38.11,14851,9869,264,14.435.606,Cliques no link,264,14.435.606,2026-07-07,2026-07-07
[JUN]_[N]_Vídeo_Modelo,2026-07-06,inactive,campaign,AUTOPLUS [FORD] LAGES,1439357536110942,25.83,5302,4363,118,21.889.831,Cliques no link,118,21.889.831,2026-07-06,2026-07-06
[JUL]_[N]_Card_Oferta,2026-07-06,active,campaign,AUTOPLUS [FORD] LAGES,1439357536110942,29.7,11722,9217,171,17.368.421,Cliques no link,171,17.368.421,2026-07-06,2026-07-06
[JUL]_[SN]_Card_Condição,2026-07-06,completed,campaign,AUTOPLUS [FORD] LAGES,1439357536110942,29.16,10277,8996,159,18.339.623,Cliques no link,159,18.339.623,2026-07-06,2026-07-06
[JUL]_[SN]_Carrossel_Oferta,2026-07-06,active,campaign,AUTOPLUS [FORD] LAGES,1439357536110942,38.73,16166,10771,273,14.186.813,Cliques no link,273,14.186.813,2026-07-06,2026-07-06
[JUN]_[N]_Vídeo_Modelo,2026-07-05,inactive,campaign,AUTOPLUS [FORD] LAGES,1439357536110942,91.29,19284,13023,379,24.087.071,Cliques no link,379,24.087.071,2026-07-05,2026-07-05
[JUL]_[SN]_Carrossel_Oferta,2026-07-05,active,campaign,AUTOPLUS [FORD] LAGES,1439357536110942,45.13,19380,12981,318,14.191.824,Cliques no link,318,14.191.824,2026-07-05,2026-07-05
[JUL]_[N]_Card_Oferta,2026-07-05,active,campaign,AUTOPLUS [FORD] LAGES,1439357536110942,34.01,14339,11423,155,21.941.935,Cliques no link,155,21.941.935,2026-07-05,2026-07-05
[JUL]_[SN]_Card_Condição,2026-07-05,completed,campaign,AUTOPLUS [FORD] LAGES,1439357536110942,34.15,13622,11367,190,17.973.684,Cliques no link,190,17.973.684,2026-07-05,2026-07-05
[JUL]_[N]_Card_Oferta,2026-07-04,active,campaign,AUTOPLUS [FORD] LAGES,1439357536110942,24.35,10535,8334,135,18.037.037,Cliques no link,135,18.037.037,2026-07-04,2026-07-04
[JUL]_[SN]_Card_Condição,2026-07-04,completed,campaign,AUTOPLUS [FORD] LAGES,1439357536110942,23.85,9511,8266,126,18.928.571,Cliques no link,126,18.928.571,2026-07-04,2026-07-04
[JUN]_[N]_Vídeo_Modelo,2026-07-04,inactive,campaign,AUTOPLUS [FORD] LAGES,1439357536110942,78.13,15063,10927,297,26.306.397,Cliques no link,297,26.306.397,2026-07-04,2026-07-04
[JUL]_[SN]_Carrossel_Oferta,2026-07-04,active,campaign,AUTOPLUS [FORD] LAGES,1439357536110942,38.08,16280,11302,285,13.361.404,Cliques no link,285,13.361.404,2026-07-04,2026-07-04
[JUL]_[SN]_Carrossel_Oferta,2026-07-03,active,campaign,AUTOPLUS [FORD] LAGES,1439357536110942,36.94,16663,10958,254,14.543.307,Cliques no link,254,14.543.307,2026-07-03,2026-07-03
[JUL]_[N]_Card_Oferta,2026-07-03,active,campaign,AUTOPLUS [FORD] LAGES,1439357536110942,11.73,5198,4561,63,18.619.048,Cliques no link,63,18.619.048,2026-07-03,2026-07-03
[JUL]_[SN]_Card_Condição,2026-07-03,completed,campaign,AUTOPLUS [FORD] LAGES,1439357536110942,12.23,4801,4622,67,18.253.731,Cliques no link,67,18.253.731,2026-07-03,2026-07-03
[JUN]_[N]_Vídeo_Modelo,2026-07-03,inactive,campaign,AUTOPLUS [FORD] LAGES,1439357536110942,77.7,15405,11420,313,24.824.281,Cliques no link,313,24.824.281,2026-07-03,2026-07-03
[JUL]_[SN]_Carrossel_Oferta,2026-07-02,active,campaign,AUTOPLUS [FORD] LAGES,1439357536110942,37.7,18604,12126,326,11.564.417,Cliques no link,326,11.564.417,2026-07-02,2026-07-02
[JUN]_[N]_Vídeo_Modelo,2026-07-02,inactive,campaign,AUTOPLUS [FORD] LAGES,1439357536110942,74.66,16832,12183,262,28.496.183,Cliques no link,262,28.496.183,2026-07-02,2026-07-02
[JUN]_[N] — Mafra,2026-07-02,inactive,campaign,AUTOPLUS [FORD] LAGES,1439357536110942,3.78,314,222,,,Conversas por mensagem iniciadas,1,3.78,2026-07-02,2026-07-02
[JUN]_[N] — Mafra,2026-07-01,inactive,campaign,AUTOPLUS [FORD] LAGES,1439357536110942,14.15,951,551,,,,,,2026-07-01,2026-07-01
[JUN]_[N]_Vídeo_Modelo,2026-07-01,inactive,campaign,AUTOPLUS [FORD] LAGES,1439357536110942,81.82,16857,12025,324,25.253.086,Cliques no link,324,25.253.086,2026-07-01,2026-07-01
[JUL]_[SN]_Carrossel_Oferta,2026-07-01,active,campaign,AUTOPLUS [FORD] LAGES,1439357536110942,40.65,18709,11733,342,11.885.965,Cliques no link,342,11.885.965,2026-07-01,2026-07-01
[JUL][N/SN]_Vídeo_Showroom,2026-07-31,inactive,campaign,AUTOPLUS [FORD] MAFRA,3401392603350599,18.6,1344,920,6,3.1,Conversas por mensagem iniciadas,2,9.3,2026-07-31,2026-07-31
[JUL]_[N]_Vídeo_Transit [permanente],2026-07-31,active,campaign,AUTOPLUS [FORD] MAFRA,3401392603350599,9.94,722,653,4,2.485,Conversas por mensagem iniciadas,1,9.94,2026-07-31,2026-07-31
[JUL][N]_Vt_Condição_Ranger/Territory,2026-07-31,inactive,campaign,AUTOPLUS [FORD] MAFRA,3401392603350599,19.63,853,690,4,4.9075,,,,2026-07-31,2026-07-31
[JUL][SN]_Carrossel_Ofertas,2026-07-31,active,campaign,AUTOPLUS [FORD] MAFRA,3401392603350599,80.63,4564,2690,40,201.575,Conversas por mensagem iniciadas,3,2.687.666.667,2026-07-31,2026-07-31
[JUL][N]_Card_Ofertas,2026-07-31,active,campaign,AUTOPLUS [FORD] MAFRA,3401392603350599,62.38,5292,3703,31,201.225.806,Conversas por mensagem iniciadas,2,31.19,2026-07-31,2026-07-31
[JUL][SN]_Card_Condições,2026-07-31,active,campaign,AUTOPLUS [FORD] MAFRA,3401392603350599,9.16,488,435,6,152.666.667,,,,2026-07-31,2026-07-31
[JUL][SN]_Carrossel_Ofertas,2026-07-30,active,campaign,AUTOPLUS [FORD] MAFRA,3401392603350599,86.1,5047,2936,59,145.932.203,Conversas por mensagem iniciadas,9,956.666.667,2026-07-30,2026-07-30
[JUL][N]_Card_Ofertas,2026-07-30,active,campaign,AUTOPLUS [FORD] MAFRA,3401392603350599,49.82,4196,3034,30,166.066.667,Conversas por mensagem iniciadas,3,1.660.666.667,2026-07-30,2026-07-30
[JUL][SN]_Card_Condições,2026-07-30,active,campaign,AUTOPLUS [FORD] MAFRA,3401392603350599,8.61,514,449,2,4.305,Conversas por mensagem iniciadas,1,8.61,2026-07-30,2026-07-30
[JUL][N]_Vt_Condição_Ranger/Territory,2026-07-30,inactive,campaign,AUTOPLUS [FORD] MAFRA,3401392603350599,15.81,877,733,3,5.27,Conversas por mensagem iniciadas,1,15.81,2026-07-30,2026-07-30
[JUL]_[N]_Vídeo_Transit [permanente],2026-07-30,active,campaign,AUTOPLUS [FORD] MAFRA,3401392603350599,8.62,681,634,2,4.31,Conversas por mensagem iniciadas,1,8.62,2026-07-30,2026-07-30
[JUL][N/SN]_Vídeo_Showroom,2026-07-30,inactive,campaign,AUTOPLUS [FORD] MAFRA,3401392603350599,17.91,1291,884,5,3.582,Conversas por mensagem iniciadas,3,5.97,2026-07-30,2026-07-30
[JUL][N/SN]_Vídeo_Showroom,2026-07-29,inactive,campaign,AUTOPLUS [FORD] MAFRA,3401392603350599,14.71,826,665,6,245.166.667,Conversas por mensagem iniciadas,3,490.333.333,2026-07-29,2026-07-29
[JUL]_[N]_Vídeo_Transit [permanente],2026-07-29,active,campaign,AUTOPLUS [FORD] MAFRA,3401392603350599,3.89,386,365,1,3.89,Conversas por mensagem iniciadas,1,3.89,2026-07-29,2026-07-29
[JUL][N]_Vt_Condição_Ranger/Territory,2026-07-29,inactive,campaign,AUTOPLUS [FORD] MAFRA,3401392603350599,6.72,480,443,4,1.68,,,,2026-07-29,2026-07-29
[JUL][SN]_Carrossel_Ofertas,2026-07-29,active,campaign,AUTOPLUS [FORD] MAFRA,3401392603350599,47.16,2661,1930,38,124.105.263,Conversas por mensagem iniciadas,8,5.895,2026-07-29,2026-07-29
[JUL][N]_Card_Ofertas,2026-07-29,active,campaign,AUTOPLUS [FORD] MAFRA,3401392603350599,23.45,2375,2021,14,1.675,Conversas por mensagem iniciadas,3,781.666.667,2026-07-29,2026-07-29
[JUL][SN]_Card_Condições,2026-07-29,active,campaign,AUTOPLUS [FORD] MAFRA,3401392603350599,5.76,453,435,5,1.152,,,,2026-07-29,2026-07-29
[JUL][SN]_Carrossel_Ofertas,2026-07-28,active,campaign,AUTOPLUS [FORD] MAFRA,3401392603350599,0,0,0,,,Conversas por mensagem iniciadas,1,0,2026-07-28,2026-07-28
[JUL][N]_Card_Ofertas,2026-07-26,active,campaign,AUTOPLUS [FORD] MAFRA,3401392603350599,0,0,0,,,Conversas por mensagem iniciadas,1,0,2026-07-26,2026-07-26
[JUL][N]_Card_Ofertas,2026-07-24,active,campaign,AUTOPLUS [FORD] MAFRA,3401392603350599,0,0,0,,,Conversas por mensagem iniciadas,1,0,2026-07-24,2026-07-24
[JUL][N]_Vt_Condição_Ranger/Territory,2026-07-23,inactive,campaign,AUTOPLUS [FORD] MAFRA,3401392603350599,16.75,703,601,3,558.333.333,,,,2026-07-23,2026-07-23
[JUL][SN]_Card_Condições,2026-07-23,active,campaign,AUTOPLUS [FORD] MAFRA,3401392603350599,16.88,431,352,7,241.142.857,Conversas por mensagem iniciadas,3,562.666.667,2026-07-23,2026-07-23
[JUL][N]_Card_Ofertas,2026-07-23,active,campaign,AUTOPLUS [FORD] MAFRA,3401392603350599,97.82,8194,5025,46,212.652.174,Conversas por mensagem iniciadas,3,3.260.666.667,2026-07-23,2026-07-23
[JUL][SN]_Carrossel_Ofertas,2026-07-23,active,campaign,AUTOPLUS [FORD] MAFRA,3401392603350599,24.14,1383,1024,19,127.052.632,Conversas por mensagem iniciadas,1,24.14,2026-07-23,2026-07-23
[JUL]_[N]_Vídeo_Transit [permanente],2026-07-23,active,campaign,AUTOPLUS [FORD] MAFRA,3401392603350599,5.14,327,306,2,2.57,Conversas por mensagem iniciadas,1,5.14,2026-07-23,2026-07-23
[JUL][N/SN]_Vídeo_Showroom,2026-07-23,inactive,campaign,AUTOPLUS [FORD] MAFRA,3401392603350599,09.02,573,484,1,09.02,,,,2026-07-23,2026-07-23
[JUL][N/SN]_Vídeo/cCard_AceleraRioMafra,2026-07-23,inactive,campaign,AUTOPLUS [FORD] MAFRA,3401392603350599,18.41,1032,778,5,3.682,Conversas por mensagem iniciadas,3,613.666.667,2026-07-23,2026-07-23
[JUL][N/SN]_Vídeo/cCard_AceleraRioMafra,2026-07-22,inactive,campaign,AUTOPLUS [FORD] MAFRA,3401392603350599,40.73,2381,1418,16,2.545.625,Conversas por mensagem iniciadas,7,581.857.143,2026-07-22,2026-07-22
[JUL][N/SN]_Vídeo_Showroom,2026-07-22,inactive,campaign,AUTOPLUS [FORD] MAFRA,3401392603350599,21.77,1410,998,6,362.833.333,Conversas por mensagem iniciadas,1,21.77,2026-07-22,2026-07-22
[JUL]_[N]_Vídeo_Transit [permanente],2026-07-22,active,campaign,AUTOPLUS [FORD] MAFRA,3401392603350599,9.95,774,692,5,1.99,,,,2026-07-22,2026-07-22
[JUL][N]_Vt_Condição_Ranger/Territory,2026-07-22,inactive,campaign,AUTOPLUS [FORD] MAFRA,3401392603350599,32.99,1633,1251,12,274.916.667,,,,2026-07-22,2026-07-22
[JUL][SN]_Carrossel_Ofertas,2026-07-22,active,campaign,AUTOPLUS [FORD] MAFRA,3401392603350599,54.53,3858,2451,58,94.017.241,Conversas por mensagem iniciadas,4,136.325,2026-07-22,2026-07-22
[JUL][N]_Card_Ofertas,2026-07-22,active,campaign,AUTOPLUS [FORD] MAFRA,3401392603350599,222.11,22689,10985,145,15.317.931,Conversas por mensagem iniciadas,7,31.73,2026-07-22,2026-07-22
[JUL][SN]_Card_Condições,2026-07-22,active,campaign,AUTOPLUS [FORD] MAFRA,3401392603350599,34.86,1096,776,6,5.81,Conversas por mensagem iniciadas,3,11.62,2026-07-22,2026-07-22
[JUL][SN]_Carrossel_Ofertas,2026-07-21,active,campaign,AUTOPLUS [FORD] MAFRA,3401392603350599,57.15,4174,2592,52,109.903.846,Conversas por mensagem iniciadas,4,142.875,2026-07-21,2026-07-21
[JUL][SN]_Card_Condições,2026-07-21,active,campaign,AUTOPLUS [FORD] MAFRA,3401392603350599,33.4,1119,840,5,6.68,Conversas por mensagem iniciadas,3,1.113.333.333,2026-07-21,2026-07-21
[JUL][N]_Card_Ofertas,2026-07-21,active,campaign,AUTOPLUS [FORD] MAFRA,3401392603350599,226.72,23432,11920,122,185.836.066,Conversas por mensagem iniciadas,3,7.557.333.333,2026-07-21,2026-07-21
[JUL][N]_Vt_Condição_Ranger/Territory,2026-07-21,inactive,campaign,AUTOPLUS [FORD] MAFRA,3401392603350599,34.6,1642,1221,15,230.666.667,Conversas por mensagem iniciadas,1,34.6,2026-07-21,2026-07-21
[JUL]_[N]_Vídeo_Transit [permanente],2026-07-21,active,campaign,AUTOPLUS [FORD] MAFRA,3401392603350599,11.84,849,803,1,11.84,,,,2026-07-21,2026-07-21
[JUL][N/SN]_Vídeo_Showroom,2026-07-21,inactive,campaign,AUTOPLUS [FORD] MAFRA,3401392603350599,24.42,1380,985,8,3.0525,Conversas por mensagem iniciadas,4,6.105,2026-07-21,2026-07-21
[JUL][N/SN]_Vídeo/cCard_AceleraRioMafra,2026-07-21,inactive,campaign,AUTOPLUS [FORD] MAFRA,3401392603350599,24.43,1232,861,7,3.49,Conversas por mensagem iniciadas,6,407.166.667,2026-07-21,2026-07-21
[JUL][N/SN]_Vídeo_Showroom,2026-07-20,inactive,campaign,AUTOPLUS [FORD] MAFRA,3401392603350599,21.13,1411,1010,6,352.166.667,Conversas por mensagem iniciadas,3,704.333.333,2026-07-20,2026-07-20
[JUL]_[N]_Vídeo_Transit [permanente],2026-07-20,active,campaign,AUTOPLUS [FORD] MAFRA,3401392603350599,09.06,869,826,4,2.265,,,,2026-07-20,2026-07-20
[JUL][N]_Vt_Condição_Ranger/Territory,2026-07-20,inactive,campaign,AUTOPLUS [FORD] MAFRA,3401392603350599,32.61,2027,1554,21,155.285.714,Conversas por mensagem iniciadas,1,32.61,2026-07-20,2026-07-20
[JUL][SN]_Carrossel_Ofertas,2026-07-20,active,campaign,AUTOPLUS [FORD] MAFRA,3401392603350599,50.11,3956,2465,64,78.296.875,Conversas por mensagem iniciadas,3,1.670.333.333,2026-07-20,2026-07-20
[JUL][N]_Card_Ofertas,2026-07-20,active,campaign,AUTOPLUS [FORD] MAFRA,3401392603350599,198.67,22077,11056,108,183.953.704,Conversas por mensagem iniciadas,5,39.734,2026-07-20,2026-07-20
[JUL][SN]_Card_Condições,2026-07-20,active,campaign,AUTOPLUS [FORD] MAFRA,3401392603350599,26.13,1117,825,7,373.285.714,Conversas por mensagem iniciadas,2,13.065,2026-07-20,2026-07-20
[JUL][N]_Card_Ofertas,2026-07-19,active,campaign,AUTOPLUS [FORD] MAFRA,3401392603350599,206.04,25035,12158,150,1.3736,Conversas por mensagem iniciadas,2,103.02,2026-07-19,2026-07-19
[JUL][N/SN]_Vídeo_Showroom,2026-07-19,inactive,campaign,AUTOPLUS [FORD] MAFRA,3401392603350599,17.54,1601,1136,6,292.333.333,Conversas por mensagem iniciadas,1,17.54,2026-07-19,2026-07-19
[JUL]_[N]_Vídeo_Transit [permanente],2026-07-19,active,campaign,AUTOPLUS [FORD] MAFRA,3401392603350599,10.11,825,749,6,1.685,Conversas por mensagem iniciadas,1,10.11,2026-07-19,2026-07-19
[JUL][N]_Vt_Condição_Ranger/Territory,2026-07-19,inactive,campaign,AUTOPLUS [FORD] MAFRA,3401392603350599,32.34,2267,1637,17,190.235.294,,,,2026-07-19,2026-07-19
[JUL][SN]_Carrossel_Ofertas,2026-07-19,active,campaign,AUTOPLUS [FORD] MAFRA,3401392603350599,49.39,3942,2513,60,82.316.667,Conversas por mensagem iniciadas,4,12.3475,2026-07-19,2026-07-19
[JUL][SN]_Card_Condições,2026-07-19,active,campaign,AUTOPLUS [FORD] MAFRA,3401392603350599,26.2,1352,1019,7,374.285.714,Conversas por mensagem iniciadas,2,13.1,2026-07-19,2026-07-19
[JUL][N/SN]_Vídeo_Showroom,2026-07-18,inactive,campaign,AUTOPLUS [FORD] MAFRA,3401392603350599,20.37,1428,969,5,4.074,Conversas por mensagem iniciadas,1,20.37,2026-07-18,2026-07-18
[JUL]_[N]_Vídeo_Transit [permanente],2026-07-18,active,campaign,AUTOPLUS [FORD] MAFRA,3401392603350599,15.28,1106,1026,5,3.056,Conversas por mensagem iniciadas,2,7.64,2026-07-18,2026-07-18
[JUL][N]_Vt_Condição_Ranger/Territory,2026-07-18,inactive,campaign,AUTOPLUS [FORD] MAFRA,3401392603350599,41.15,2323,1799,11,374.090.909,Conversas por mensagem iniciadas,1,41.15,2026-07-18,2026-07-18
[JUL][SN]_Carrossel_Ofertas,2026-07-18,active,campaign,AUTOPLUS [FORD] MAFRA,3401392603350599,36.11,2559,1643,50,7.222,Conversas por mensagem iniciadas,4,9.0275,2026-07-18,2026-07-18
[JUL][N]_Card_Ofertas,2026-07-18,active,campaign,AUTOPLUS [FORD] MAFRA,3401392603350599,165.54,15603,8712,72,229.916.667,Conversas por mensagem iniciadas,3,55.18,2026-07-18,2026-07-18
[JUL][SN]_Card_Condições,2026-07-18,active,campaign,AUTOPLUS [FORD] MAFRA,3401392603350599,14.89,926,759,5,2.978,Conversas por mensagem iniciadas,1,14.89,2026-07-18,2026-07-18
[JUL][N/SN]_Vídeo_Showroom,2026-07-17,inactive,campaign,AUTOPLUS [FORD] MAFRA,3401392603350599,21.87,1384,972,8,273.375,Conversas por mensagem iniciadas,4,5.4675,2026-07-17,2026-07-17
[JUL]_[N]_Vídeo_Transit [permanente],2026-07-17,active,campaign,AUTOPLUS [FORD] MAFRA,3401392603350599,8.58,634,591,2,4.29,,,,2026-07-17,2026-07-17
[JUL][N]_Vt_Condição_Ranger/Territory,2026-07-17,inactive,campaign,AUTOPLUS [FORD] MAFRA,3401392603350599,34.2,1434,1000,13,263.076.923,Conversas por mensagem iniciadas,1,34.2,2026-07-17,2026-07-17
[JUL][SN]_Carrossel_Ofertas,2026-07-17,active,campaign,AUTOPLUS [FORD] MAFRA,3401392603350599,36.21,2327,1507,40,90.525,Conversas por mensagem iniciadas,4,9.0525,2026-07-17,2026-07-17
[JUL][N]_Card_Ofertas,2026-07-17,active,campaign,AUTOPLUS [FORD] MAFRA,3401392603350599,182.55,17011,9988,117,156.025.641,Conversas por mensagem iniciadas,3,60.85,2026-07-17,2026-07-17
[JUL][SN]_Card_Condições,2026-07-17,active,campaign,AUTOPLUS [FORD] MAFRA,3401392603350599,25.49,1491,1108,11,231.727.273,Conversas por mensagem iniciadas,4,6.3725,2026-07-17,2026-07-17
[JUL][SN]_Carrossel_Ofertas,2026-07-16,active,campaign,AUTOPLUS [FORD] MAFRA,3401392603350599,50.15,3160,1977,40,125.375,Conversas por mensagem iniciadas,1,50.15,2026-07-16,2026-07-16
[JUL][SN]_Card_Condições,2026-07-16,active,campaign,AUTOPLUS [FORD] MAFRA,3401392603350599,35.75,1425,1056,10,3.575,Conversas por mensagem iniciadas,5,7.15,2026-07-16,2026-07-16
[JUL][N]_Card_Ofertas,2026-07-16,active,campaign,AUTOPLUS [FORD] MAFRA,3401392603350599,224.36,19331,10737,104,215.730.769,Conversas por mensagem iniciadas,3,7.478.666.667,2026-07-16,2026-07-16
[JUL][N/SN]_Vídeo_Showroom,2026-07-16,inactive,campaign,AUTOPLUS [FORD] MAFRA,3401392603350599,19.1,1102,757,14,136.428.571,Conversas por mensagem iniciadas,4,4.775,2026-07-16,2026-07-16
[JUL][N]_Vt_Condição_Ranger/Territory,2026-07-16,inactive,campaign,AUTOPLUS [FORD] MAFRA,3401392603350599,28.77,1178,852,10,2.877,,,,2026-07-16,2026-07-16
[JUL]_[N]_Vídeo_Transit [permanente],2026-07-16,active,campaign,AUTOPLUS [FORD] MAFRA,3401392603350599,8.55,683,645,3,2.85,,,,2026-07-16,2026-07-16
[JUL][N/SN]_Vídeo_Showroom,2026-07-15,inactive,campaign,AUTOPLUS [FORD] MAFRA,3401392603350599,8.79,373,283,2,4.395,,,,2026-07-15,2026-07-15
[JUL]_[N]_Vídeo_Transit [permanente],2026-07-15,active,campaign,AUTOPLUS [FORD] MAFRA,3401392603350599,8.28,712,642,4,02.07,,,,2026-07-15,2026-07-15
[JUL][N]_Vt_Condição_Ranger/Territory,2026-07-15,inactive,campaign,AUTOPLUS [FORD] MAFRA,3401392603350599,25.35,1696,1182,6,4.225,Conversas por mensagem iniciadas,1,25.35,2026-07-15,2026-07-15
[JUL][SN]_Carrossel_Ofertas,2026-07-15,active,campaign,AUTOPLUS [FORD] MAFRA,3401392603350599,67.25,4058,2428,47,143.085.106,Conversas por mensagem iniciadas,2,33.625,2026-07-15,2026-07-15
[JUL][N]_Card_Ofertas,2026-07-15,active,campaign,AUTOPLUS [FORD] MAFRA,3401392603350599,236.78,17700,9507,97,244.103.093,Conversas por mensagem iniciadas,3,7.892.666.667,2026-07-15,2026-07-15
[JUL][SN]_Card_Condições,2026-07-15,active,campaign,AUTOPLUS [FORD] MAFRA,3401392603350599,40.33,1482,1115,9,448.111.111,Conversas por mensagem iniciadas,2,20.165,2026-07-15,2026-07-15
[JUL][N]_Card_Ofertas,2026-07-14,active,campaign,AUTOPLUS [FORD] MAFRA,3401392603350599,171.19,10538,6409,43,398.116.279,Conversas por mensagem iniciadas,2,85.595,2026-07-14,2026-07-14
[JUL][SN]_Card_Condições,2026-07-14,active,campaign,AUTOPLUS [FORD] MAFRA,3401392603350599,41.68,1173,900,9,463.111.111,Conversas por mensagem iniciadas,4,10.42,2026-07-14,2026-07-14
[JUL][N]_Vt_Condição_Ranger/Territory,2026-07-14,inactive,campaign,AUTOPLUS [FORD] MAFRA,3401392603350599,28.06,1302,942,6,467.666.667,Conversas por mensagem iniciadas,1,28.06,2026-07-14,2026-07-14
[JUL]_[N]_Vídeo_Transit [permanente],2026-07-14,active,campaign,AUTOPLUS [FORD] MAFRA,3401392603350599,02.04,183,171,,,,,,2026-07-14,2026-07-14
[JUL][SN]_Carrossel_Ofertas,2026-07-14,active,campaign,AUTOPLUS [FORD] MAFRA,3401392603350599,69.92,3914,2439,55,127.127.273,Conversas por mensagem iniciadas,5,13.984,2026-07-14,2026-07-14
[JUL][N]_Vt_Condição_Ranger/Territory,2026-07-13,inactive,campaign,AUTOPLUS [FORD] MAFRA,3401392603350599,0.17,3,2,,,,,,2026-07-13,2026-07-13
[JUL][SN]_Carrossel_Ofertas,2026-07-13,active,campaign,AUTOPLUS [FORD] MAFRA,3401392603350599,41.54,2206,1404,35,118.685.714,Conversas por mensagem iniciadas,1,41.54,2026-07-13,2026-07-13
[JUL][N]_Card_Ofertas,2026-07-13,active,campaign,AUTOPLUS [FORD] MAFRA,3401392603350599,126.8,7138,3891,46,275.652.174,Conversas por mensagem iniciadas,8,15.85,2026-07-13,2026-07-13
[JUL][SN]_Card_Condições,2026-07-13,active,campaign,AUTOPLUS [FORD] MAFRA,3401392603350599,26.42,952,695,6,440.333.333,,,,2026-07-13,2026-07-13
[JUL][SN]_Carrossel_Ofertas,2026-07-12,active,campaign,AUTOPLUS [FORD] MAFRA,3401392603350599,48.71,2690,1728,43,11.327.907,Conversas por mensagem iniciadas,2,24.355,2026-07-12,2026-07-12
[JUL][N]_Card_Ofertas,2026-07-12,active,campaign,AUTOPLUS [FORD] MAFRA,3401392603350599,136.12,7862,4212,43,31.655.814,Conversas por mensagem iniciadas,6,2.268.666.667,2026-07-12,2026-07-12
[JUL][SN]_Card_Condições,2026-07-12,active,campaign,AUTOPLUS [FORD] MAFRA,3401392603350599,25.44,1055,803,3,8.48,Conversas por mensagem iniciadas,1,25.44,2026-07-12,2026-07-12
[JUL][N]_Card_Ofertas,2026-07-11,active,campaign,AUTOPLUS [FORD] MAFRA,3401392603350599,157.92,12037,6853,77,205.090.909,Conversas por mensagem iniciadas,4,39.48,2026-07-11,2026-07-11
[JUL][SN]_Card_Condições,2026-07-11,active,campaign,AUTOPLUS [FORD] MAFRA,3401392603350599,29.98,1322,1053,9,333.111.111,,,,2026-07-11,2026-07-11
[JUL][SN]_Carrossel_Ofertas,2026-07-11,active,campaign,AUTOPLUS [FORD] MAFRA,3401392603350599,45.63,3578,2356,47,97.085.106,Conversas por mensagem iniciadas,1,45.63,2026-07-11,2026-07-11
[JUL][SN]_Carrossel_Ofertas,2026-07-10,active,campaign,AUTOPLUS [FORD] MAFRA,3401392603350599,47.43,2615,1698,49,96.795.918,Conversas por mensagem iniciadas,4,11.8575,2026-07-10,2026-07-10
[JUL][N]_Card_Ofertas,2026-07-10,active,campaign,AUTOPLUS [FORD] MAFRA,3401392603350599,137.09,7802,4133,40,342.725,Conversas por mensagem iniciadas,7,1.958.428.571,2026-07-10,2026-07-10
[JUL][SN]_Card_Condições,2026-07-10,active,campaign,AUTOPLUS [FORD] MAFRA,3401392603350599,26.63,970,762,5,5.326,Conversas por mensagem iniciadas,1,26.63,2026-07-10,2026-07-10
[JUL][SN]_Carrossel_Ofertas,2026-07-09,active,campaign,AUTOPLUS [FORD] MAFRA,3401392603350599,42.95,2503,1612,50,859,Conversas por mensagem iniciadas,1,42.95,2026-07-09,2026-07-09
[JUL][N]_Card_Ofertas,2026-07-09,active,campaign,AUTOPLUS [FORD] MAFRA,3401392603350599,138.41,7505,4027,59,23.459.322,Conversas por mensagem iniciadas,4,346.025,2026-07-09,2026-07-09
[JUL][SN]_Card_Condições,2026-07-09,active,campaign,AUTOPLUS [FORD] MAFRA,3401392603350599,28.61,1151,890,7,408.714.286,Conversas por mensagem iniciadas,1,28.61,2026-07-09,2026-07-09
[JUL][SN]_Carrossel_Ofertas,2026-07-08,active,campaign,AUTOPLUS [FORD] MAFRA,3401392603350599,47.47,2326,1450,38,124.921.053,Conversas por mensagem iniciadas,1,47.47,2026-07-08,2026-07-08
[JUL][N]_Card_Ofertas,2026-07-08,active,campaign,AUTOPLUS [FORD] MAFRA,3401392603350599,132.62,7822,4281,29,457.310.345,Conversas por mensagem iniciadas,2,66.31,2026-07-08,2026-07-08
[JUL][SN]_Card_Condições,2026-07-08,active,campaign,AUTOPLUS [FORD] MAFRA,3401392603350599,25.07,987,709,7,358.142.857,Conversas por mensagem iniciadas,1,25.07,2026-07-08,2026-07-08
[JUL][SN]_Card_Condições,2026-07-07,active,campaign,AUTOPLUS [FORD] MAFRA,3401392603350599,36.04,1591,1049,14,257.428.571,Conversas por mensagem iniciadas,3,1.201.333.333,2026-07-07,2026-07-07
[JUL][SN]_Carrossel_Ofertas,2026-07-07,active,campaign,AUTOPLUS [FORD] MAFRA,3401392603350599,40.49,1933,1284,33,12.269.697,Conversas por mensagem iniciadas,3,1.349.666.667,2026-07-07,2026-07-07
[JUL][N]_Card_Ofertas,2026-07-07,active,campaign,AUTOPLUS [FORD] MAFRA,3401392603350599,74.03,5564,3033,29,255.275.862,Conversas por mensagem iniciadas,1,74.03,2026-07-07,2026-07-07
[JUL][N]_Card_Ofertas,2026-07-06,active,campaign,AUTOPLUS [FORD] MAFRA,3401392603350599,30.93,2494,1664,11,281.181.818,Conversas por mensagem iniciadas,2,15.465,2026-07-06,2026-07-06
[JUL][SN]_Card_Condições,2026-07-06,active,campaign,AUTOPLUS [FORD] MAFRA,3401392603350599,19.56,915,714,3,6.52,Conversas por mensagem iniciadas,3,6.52,2026-07-06,2026-07-06
[JUL]_[N]_Vídeo_Ranger [individual],2026-07-31,inactive,campaign,AUTOPLUS [FORD] RIO DO SUL,915043748942329,1.78,163,155,2,0.89,Conversas por mensagem iniciadas,1,1.78,2026-07-31,2026-07-31
[JUL]_[N]_Vídeo_Ranger/Territory [individual],2026-07-31,inactive,campaign,AUTOPLUS [FORD] RIO DO SUL,915043748942329,5.5,307,239,,,,,,2026-07-31,2026-07-31
[JUL]_[N]_Vídeo_Transit [permanente],2026-07-31,active,campaign,AUTOPLUS [FORD] RIO DO SUL,915043748942329,7.38,444,411,9,0.82,Conversas por mensagem iniciadas,1,7.38,2026-07-31,2026-07-31
[JUL]_[N]_Vt_Condição,2026-07-31,recently_completed,campaign,AUTOPLUS [FORD] RIO DO SUL,915043748942329,1.78,110,107,1,1.78,,,,2026-07-31,2026-07-31
[JUL]_[N]_Card_Oferta,2026-07-31,active,campaign,AUTOPLUS [FORD] RIO DO SUL,915043748942329,33.12,3056,1992,24,1.38,Conversas por mensagem iniciadas,4,8.28,2026-07-31,2026-07-31
[JUN]_[SN]_Carrossel_Oferta,2026-07-31,active,campaign,AUTOPLUS [FORD] RIO DO SUL,915043748942329,23.03,2684,1765,33,69.787.879,Conversas por mensagem iniciadas,2,11.515,2026-07-31,2026-07-31
[JUL]_[N]_Card_Oferta,2026-07-30,active,campaign,AUTOPLUS [FORD] RIO DO SUL,915043748942329,35.48,2896,1958,24,147.833.333,Conversas por mensagem iniciadas,4,8.87,2026-07-30,2026-07-30
[JUN]_[SN]_Carrossel_Oferta,2026-07-30,active,campaign,AUTOPLUS [FORD] RIO DO SUL,915043748942329,32.05,3101,1906,38,84.342.105,Conversas por mensagem iniciadas,4,8.0125,2026-07-30,2026-07-30
[JUL]_[N]_Vt_Condição,2026-07-30,recently_completed,campaign,AUTOPLUS [FORD] RIO DO SUL,915043748942329,3.64,172,163,3,121.333.333,,,,2026-07-30,2026-07-30
[JUL]_[N]_Vídeo_Transit [permanente],2026-07-30,active,campaign,AUTOPLUS [FORD] RIO DO SUL,915043748942329,8.37,536,502,7,119.571.429,,,,2026-07-30,2026-07-30
[JUL]_[N]_Vídeo_Ranger/Territory [individual],2026-07-30,inactive,campaign,AUTOPLUS [FORD] RIO DO SUL,915043748942329,8.2,370,301,3,273.333.333,Conversas por mensagem iniciadas,1,8.2,2026-07-30,2026-07-30
[JUL]_[N]_Vídeo_Ranger [individual],2026-07-30,inactive,campaign,AUTOPLUS [FORD] RIO DO SUL,915043748942329,4.59,257,229,2,2.295,,,,2026-07-30,2026-07-30
[JUL]_[N]_Vídeo_Ranger [individual],2026-07-29,inactive,campaign,AUTOPLUS [FORD] RIO DO SUL,915043748942329,6.52,444,420,3,217.333.333,Conversas por mensagem iniciadas,1,6.52,2026-07-29,2026-07-29
[JUL]_[N]_Vídeo_Ranger/Territory [individual],2026-07-29,inactive,campaign,AUTOPLUS [FORD] RIO DO SUL,915043748942329,12.32,371,313,5,2.464,Conversas por mensagem iniciadas,2,6.16,2026-07-29,2026-07-29
[JUL]_[N]_Vídeo_Transit [permanente],2026-07-29,active,campaign,AUTOPLUS [FORD] RIO DO SUL,915043748942329,10.55,752,717,11,95.909.091,Conversas por mensagem iniciadas,2,5.275,2026-07-29,2026-07-29
[JUL]_[N]_Vt_Condição,2026-07-29,recently_completed,campaign,AUTOPLUS [FORD] RIO DO SUL,915043748942329,6.46,224,213,5,1.292,Conversas por mensagem iniciadas,1,6.46,2026-07-29,2026-07-29
[JUL]_[N]_Card_Oferta,2026-07-29,active,campaign,AUTOPLUS [FORD] RIO DO SUL,915043748942329,45.74,4343,2935,36,127.055.556,Conversas por mensagem iniciadas,4,11.435,2026-07-29,2026-07-29
[JUN]_[SN]_Carrossel_Oferta,2026-07-29,active,campaign,AUTOPLUS [FORD] RIO DO SUL,915043748942329,37.95,4056,2706,62,61.209.677,Conversas por mensagem iniciadas,3,12.65,2026-07-29,2026-07-29
[JUL]_[N]_Vt_Condição,2026-07-28,recently_completed,campaign,AUTOPLUS [FORD] RIO DO SUL,915043748942329,8.11,283,257,4,2.0275,,,,2026-07-28,2026-07-28
[JUN]_[SN]_Carrossel_Oferta,2026-07-28,active,campaign,AUTOPLUS [FORD] RIO DO SUL,915043748942329,41.16,4093,2679,54,76.222.222,Conversas por mensagem iniciadas,2,20.58,2026-07-28,2026-07-28
[JUL]_[N]_Card_Oferta,2026-07-28,active,campaign,AUTOPLUS [FORD] RIO DO SUL,915043748942329,50.24,4640,3074,52,96.615.385,Conversas por mensagem iniciadas,5,10.048,2026-07-28,2026-07-28
[JUL]_[N]_Vídeo_Ranger [individual],2026-07-28,inactive,campaign,AUTOPLUS [FORD] RIO DO SUL,915043748942329,7.96,492,463,5,1.592,Conversas por mensagem iniciadas,1,7.96,2026-07-28,2026-07-28
[JUL]_[N]_Vídeo_Transit [permanente],2026-07-28,active,campaign,AUTOPLUS [FORD] RIO DO SUL,915043748942329,11.77,769,699,11,01.07,Conversas por mensagem iniciadas,1,11.77,2026-07-28,2026-07-28
[JUL]_[N]_Vídeo_Ranger/Territory [individual],2026-07-28,inactive,campaign,AUTOPLUS [FORD] RIO DO SUL,915043748942329,15.31,401,335,9,170.111.111,Conversas por mensagem iniciadas,3,510.333.333,2026-07-28,2026-07-28
[JUL]_[N]_Vídeo_Ranger [individual],2026-07-27,inactive,campaign,AUTOPLUS [FORD] RIO DO SUL,915043748942329,6.89,412,387,3,229.666.667,,,,2026-07-27,2026-07-27
[JUL]_[N]_Vídeo_Ranger/Territory [individual],2026-07-27,inactive,campaign,AUTOPLUS [FORD] RIO DO SUL,915043748942329,14.67,480,390,6,2.445,Conversas por mensagem iniciadas,1,14.67,2026-07-27,2026-07-27
[JUL]_[N]_Vídeo_Transit [permanente],2026-07-27,active,campaign,AUTOPLUS [FORD] RIO DO SUL,915043748942329,12.84,752,702,6,2.14,Conversas por mensagem iniciadas,2,6.42,2026-07-27,2026-07-27
[JUL]_[N]_Vt_Condição,2026-07-27,recently_completed,campaign,AUTOPLUS [FORD] RIO DO SUL,915043748942329,7.79,262,243,3,259.666.667,,,,2026-07-27,2026-07-27
[JUL]_[N]_Card_Oferta,2026-07-27,active,campaign,AUTOPLUS [FORD] RIO DO SUL,915043748942329,47.5,4520,3197,37,128.378.378,Conversas por mensagem iniciadas,2,23.75,2026-07-27,2026-07-27
[JUN]_[SN]_Carrossel_Oferta,2026-07-27,active,campaign,AUTOPLUS [FORD] RIO DO SUL,915043748942329,37.47,4064,2607,62,60.435.484,Conversas por mensagem iniciadas,2,18.735,2026-07-27,2026-07-27
[JUL]_[N]_Vídeo_Ranger [individual],2026-07-26,inactive,campaign,AUTOPLUS [FORD] RIO DO SUL,915043748942329,7.95,550,508,3,2.65,,,,2026-07-26,2026-07-26
[JUL]_[N]_Vídeo_Ranger/Territory [individual],2026-07-26,inactive,campaign,AUTOPLUS [FORD] RIO DO SUL,915043748942329,15.38,505,425,10,1.538,,,,2026-07-26,2026-07-26
[JUL]_[N]_Vídeo_Transit [permanente],2026-07-26,active,campaign,AUTOPLUS [FORD] RIO DO SUL,915043748942329,12.11,737,696,4,3.0275,,,,2026-07-26,2026-07-26
[JUL]_[N]_Vt_Condição,2026-07-26,recently_completed,campaign,AUTOPLUS [FORD] RIO DO SUL,915043748942329,7.9,350,321,4,1.975,,,,2026-07-26,2026-07-26
[JUL]_[N]_Card_Oferta,2026-07-26,active,campaign,AUTOPLUS [FORD] RIO DO SUL,915043748942329,58,5787,3742,65,89.230.769,Conversas por mensagem iniciadas,5,11.6,2026-07-26,2026-07-26
[JUN]_[SN]_Carrossel_Oferta,2026-07-26,active,campaign,AUTOPLUS [FORD] RIO DO SUL,915043748942329,37.98,3864,2555,71,53.492.958,Conversas por mensagem iniciadas,5,7.596,2026-07-26,2026-07-26
[JUL]_[N]_Card_Oferta,2026-07-25,active,campaign,AUTOPLUS [FORD] RIO DO SUL,915043748942329,39.3,3642,2432,25,1.572,Conversas por mensagem iniciadas,2,19.65,2026-07-25,2026-07-25
[JUN]_[SN]_Carrossel_Oferta,2026-07-25,active,campaign,AUTOPLUS [FORD] RIO DO SUL,915043748942329,22.12,2348,1682,41,5.395.122,Conversas por mensagem iniciadas,3,737.333.333,2026-07-25,2026-07-25
[JUL]_[N]_Vt_Condição,2026-07-25,recently_completed,campaign,AUTOPLUS [FORD] RIO DO SUL,915043748942329,3.84,214,192,1,3.84,,,,2026-07-25,2026-07-25
[JUL]_[N]_Vídeo_Transit [permanente],2026-07-25,active,campaign,AUTOPLUS [FORD] RIO DO SUL,915043748942329,4.9,272,256,10,0.49,Conversas por mensagem iniciadas,3,163.333.333,2026-07-25,2026-07-25
[JUL]_[N]_Vídeo_Ranger/Territory [individual],2026-07-25,inactive,campaign,AUTOPLUS [FORD] RIO DO SUL,915043748942329,07.09,249,223,4,1.7725,Conversas por mensagem iniciadas,1,07.09,2026-07-25,2026-07-25
[JUL]_[N]_Vídeo_Ranger [individual],2026-07-25,inactive,campaign,AUTOPLUS [FORD] RIO DO SUL,915043748942329,4.86,415,389,1,4.86,,,,2026-07-25,2026-07-25
[JUL]_[N]_Vídeo_Ranger [individual],2026-07-24,inactive,campaign,AUTOPLUS [FORD] RIO DO SUL,915043748942329,10.38,669,560,3,3.46,Conversas por mensagem iniciadas,1,10.38,2026-07-24,2026-07-24
[JUL]_[N]_Vídeo_Ranger/Territory [individual],2026-07-24,inactive,campaign,AUTOPLUS [FORD] RIO DO SUL,915043748942329,17.87,452,375,11,162.454.545,Conversas por mensagem iniciadas,1,17.87,2026-07-24,2026-07-24
[JUL]_[N]_Vídeo_Transit [permanente],2026-07-24,active,campaign,AUTOPLUS [FORD] RIO DO SUL,915043748942329,08.04,569,518,2,04.02,,,,2026-07-24,2026-07-24
[JUL]_[N]_Vt_Condição,2026-07-24,recently_completed,campaign,AUTOPLUS [FORD] RIO DO SUL,915043748942329,17.44,348,300,23,75.826.087,,,,2026-07-24,2026-07-24
[JUL]_[N]_Card_Modelo,2026-07-24,completed,campaign,AUTOPLUS [FORD] RIO DO SUL,915043748942329,13.47,1247,1081,4,3.3675,,,,2026-07-24,2026-07-24
[JUL]_[N]_Card_Oferta,2026-07-24,active,campaign,AUTOPLUS [FORD] RIO DO SUL,915043748942329,60.73,5505,3869,49,123.938.776,Conversas por mensagem iniciadas,6,1.012.166.667,2026-07-24,2026-07-24
[JUN]_[SN]_Carrossel_Oferta,2026-07-24,active,campaign,AUTOPLUS [FORD] RIO DO SUL,915043748942329,28.95,2806,2001,57,50.789.474,Conversas por mensagem iniciadas,5,5.79,2026-07-24,2026-07-24
[JUL]_[N]_Card_Modelo,2026-07-23,completed,campaign,AUTOPLUS [FORD] RIO DO SUL,915043748942329,24.51,1919,1554,11,222.818.182,Conversas por mensagem iniciadas,1,24.51,2026-07-23,2026-07-23
[JUN]_[SN]_Carrossel_Oferta,2026-07-23,active,campaign,AUTOPLUS [FORD] RIO DO SUL,915043748942329,29.24,2974,2106,54,54.148.148,Conversas por mensagem iniciadas,3,974.666.667,2026-07-23,2026-07-23
[JUL]_[N]_Card_Oferta,2026-07-23,active,campaign,AUTOPLUS [FORD] RIO DO SUL,915043748942329,87.91,8073,5631,62,141.790.323,Conversas por mensagem iniciadas,7,1.255.857.143,2026-07-23,2026-07-23
[JUL]_[SN]_Card_Condição,2026-07-23,inactive,campaign,AUTOPLUS [FORD] RIO DO SUL,915043748942329,0.08,6,6,,,,,,2026-07-23,2026-07-23
[JUL]_[N]_Vídeo_Ranger [individual],2026-07-23,inactive,campaign,AUTOPLUS [FORD] RIO DO SUL,915043748942329,16.27,793,601,4,4.0675,Conversas por mensagem iniciadas,3,542.333.333,2026-07-23,2026-07-23
[JUL]_[N]_Vt_Condição,2026-07-23,recently_completed,campaign,AUTOPLUS [FORD] RIO DO SUL,915043748942329,25.05,442,343,16,1.565.625,Conversas por mensagem iniciadas,2,12.525,2026-07-23,2026-07-23
[JUL]_[N]_Vídeo_Transit [permanente],2026-07-23,active,campaign,AUTOPLUS [FORD] RIO DO SUL,915043748942329,8.93,636,571,8,111.625,Conversas por mensagem iniciadas,1,8.93,2026-07-23,2026-07-23
[JUL]_[N]_Vídeo_Ranger/Territory [individual],2026-07-23,inactive,campaign,AUTOPLUS [FORD] RIO DO SUL,915043748942329,17.48,483,409,2,8.74,,,,2026-07-23,2026-07-23
[JUL]_[N]_Card_Modelo,2026-07-22,completed,campaign,AUTOPLUS [FORD] RIO DO SUL,915043748942329,24.01,2122,1691,18,133.388.889,Conversas por mensagem iniciadas,2,12.005,2026-07-22,2026-07-22
[JUN]_[SN]_Carrossel_Oferta,2026-07-22,active,campaign,AUTOPLUS [FORD] RIO DO SUL,915043748942329,32.27,3336,2281,65,49.646.154,Conversas por mensagem iniciadas,3,1.075.666.667,2026-07-22,2026-07-22
[JUL]_[N]_Card_Oferta,2026-07-22,active,campaign,AUTOPLUS [FORD] RIO DO SUL,915043748942329,102.16,9577,6072,74,138.054.054,Conversas por mensagem iniciadas,8,12.77,2026-07-22,2026-07-22
[JUL]_[SN]_Card_Condição,2026-07-22,inactive,campaign,AUTOPLUS [FORD] RIO DO SUL,915043748942329,17.63,766,630,7,251.857.143,,,,2026-07-22,2026-07-22
[JUL]_[N]_Vídeo_Ranger/Territory [individual],2026-07-22,inactive,campaign,AUTOPLUS [FORD] RIO DO SUL,915043748942329,21.68,897,687,16,1.355,Conversas por mensagem iniciadas,1,21.68,2026-07-22,2026-07-22
[JUL]_[N]_Vt_Condição,2026-07-22,recently_completed,campaign,AUTOPLUS [FORD] RIO DO SUL,915043748942329,31.79,528,423,17,1.87,Conversas por mensagem iniciadas,3,1.059.666.667,2026-07-22,2026-07-22
[JUL]_[N]_Vídeo_Ranger [individual],2026-07-22,inactive,campaign,AUTOPLUS [FORD] RIO DO SUL,915043748942329,5.91,391,344,3,1.97,,,,2026-07-22,2026-07-22
[JUL]_[N]_Vídeo_Transit [permanente],2026-07-22,active,campaign,AUTOPLUS [FORD] RIO DO SUL,915043748942329,11.31,790,699,13,0.87,Conversas por mensagem iniciadas,1,11.31,2026-07-22,2026-07-22
[JUL]_[N]_Card_Modelo,2026-07-21,completed,campaign,AUTOPLUS [FORD] RIO DO SUL,915043748942329,25.71,2429,1847,11,233.727.273,Conversas por mensagem iniciadas,1,25.71,2026-07-21,2026-07-21
[JUN]_[SN]_Carrossel_Oferta,2026-07-21,active,campaign,AUTOPLUS [FORD] RIO DO SUL,915043748942329,40.78,3563,2352,48,84.958.333,Conversas por mensagem iniciadas,1,40.78,2026-07-21,2026-07-21
[JUL]_[SN]_Card_Condição,2026-07-21,inactive,campaign,AUTOPLUS [FORD] RIO DO SUL,915043748942329,30.79,1079,844,9,342.111.111,Conversas por mensagem iniciadas,2,15.395,2026-07-21,2026-07-21
[JUL]_[N]_Card_Oferta,2026-07-21,active,campaign,AUTOPLUS [FORD] RIO DO SUL,915043748942329,115.86,10879,6854,88,131.659.091,Conversas por mensagem iniciadas,11,1.053.272.727,2026-07-21,2026-07-21
[JUL]_[N]_Vt_Condição,2026-07-21,recently_completed,campaign,AUTOPLUS [FORD] RIO DO SUL,915043748942329,37.49,572,469,22,170.409.091,Conversas por mensagem iniciadas,2,18.745,2026-07-21,2026-07-21
[JUL]_[N]_Vídeo_Transit [permanente],2026-07-21,active,campaign,AUTOPLUS [FORD] RIO DO SUL,915043748942329,12.16,845,766,8,1.52,Conversas por mensagem iniciadas,2,06.08,2026-07-21,2026-07-21
[JUL]_[N]_Vídeo_Ranger/Territory [individual],2026-07-21,inactive,campaign,AUTOPLUS [FORD] RIO DO SUL,915043748942329,23.15,711,557,5,4.63,,,,2026-07-21,2026-07-21
[JUL]_[N]_Vídeo_Ranger/Territory [individual],2026-07-20,inactive,campaign,AUTOPLUS [FORD] RIO DO SUL,915043748942329,23.1,1070,807,2,11.55,,,,2026-07-20,2026-07-20
[JUL]_[N]_Vídeo_Transit [permanente],2026-07-20,active,campaign,AUTOPLUS [FORD] RIO DO SUL,915043748942329,13.31,885,840,4,3.3275,,,,2026-07-20,2026-07-20
[JUL]_[N]_Vt_Condição,2026-07-20,recently_completed,campaign,AUTOPLUS [FORD] RIO DO SUL,915043748942329,39.52,752,621,20,1.976,Conversas por mensagem iniciadas,6,658.666.667,2026-07-20,2026-07-20
[JUL]_[N]_Card_Modelo,2026-07-20,completed,campaign,AUTOPLUS [FORD] RIO DO SUL,915043748942329,12.1,970,817,5,2.42,,,,2026-07-20,2026-07-20
[JUL]_[SN]_Card_Condição,2026-07-20,inactive,campaign,AUTOPLUS [FORD] RIO DO SUL,915043748942329,36.28,1411,1133,10,3.628,Conversas por mensagem iniciadas,2,18.14,2026-07-20,2026-07-20
[JUL]_[N]_Card_Oferta,2026-07-20,active,campaign,AUTOPLUS [FORD] RIO DO SUL,915043748942329,117.05,11551,7723,91,128.626.374,Conversas por mensagem iniciadas,8,1.463.125,2026-07-20,2026-07-20
[JUN]_[SN]_Carrossel_Oferta,2026-07-20,active,campaign,AUTOPLUS [FORD] RIO DO SUL,915043748942329,38.54,4026,2847,52,74.115.385,Conversas por mensagem iniciadas,2,19.27,2026-07-20,2026-07-20
[JUL]_[N]_Vídeo_Ranger/Territory [individual],2026-07-19,inactive,campaign,AUTOPLUS [FORD] RIO DO SUL,915043748942329,24.2,1343,969,8,3.025,Conversas por mensagem iniciadas,2,12.1,2026-07-19,2026-07-19
[JUL]_[N]_Vídeo_Transit [permanente],2026-07-19,active,campaign,AUTOPLUS [FORD] RIO DO SUL,915043748942329,11.32,988,878,2,5.66,,,,2026-07-19,2026-07-19
[JUL]_[SN]_Card_Condição,2026-07-19,inactive,campaign,AUTOPLUS [FORD] RIO DO SUL,915043748942329,36.14,1542,1180,6,602.333.333,Conversas por mensagem iniciadas,1,36.14,2026-07-19,2026-07-19
[JUL]_[N]_Card_Oferta,2026-07-19,active,campaign,AUTOPLUS [FORD] RIO DO SUL,915043748942329,109.04,12994,8329,103,105.864.078,Conversas por mensagem iniciadas,3,3.634.666.667,2026-07-19,2026-07-19
[JUN]_[SN]_Carrossel_Oferta,2026-07-19,active,campaign,AUTOPLUS [FORD] RIO DO SUL,915043748942329,39.07,4289,2964,73,53.520.548,Conversas por mensagem iniciadas,10,3.907,2026-07-19,2026-07-19
[JUL]_[N]_Vt_Condição,2026-07-19,recently_completed,campaign,AUTOPLUS [FORD] RIO DO SUL,915043748942329,35.86,1178,956,26,137.923.077,Conversas por mensagem iniciadas,1,35.86,2026-07-19,2026-07-19
[JUN]_[SN]_Carrossel_Oferta,2026-07-18,active,campaign,AUTOPLUS [FORD] RIO DO SUL,915043748942329,15.61,1489,1124,17,91.823.529,,,,2026-07-18,2026-07-18
[JUL]_[N]_Card_Oferta,2026-07-18,active,campaign,AUTOPLUS [FORD] RIO DO SUL,915043748942329,66.81,6609,4431,53,126.056.604,Conversas por mensagem iniciadas,6,11.135,2026-07-18,2026-07-18
[JUL]_[SN]_Card_Condição,2026-07-18,inactive,campaign,AUTOPLUS [FORD] RIO DO SUL,915043748942329,13.02,546,433,6,2.17,,,,2026-07-18,2026-07-18
[JUL]_[N]_Vt_Condição,2026-07-18,recently_completed,campaign,AUTOPLUS [FORD] RIO DO SUL,915043748942329,19.27,493,424,11,175.181.818,,,,2026-07-18,2026-07-18
[JUL]_[N]_Vídeo_Transit [permanente],2026-07-18,active,campaign,AUTOPLUS [FORD] RIO DO SUL,915043748942329,4.24,398,362,3,141.333.333,,,,2026-07-18,2026-07-18
[JUL]_[N]_Vídeo_Ranger/Territory [individual],2026-07-18,inactive,campaign,AUTOPLUS [FORD] RIO DO SUL,915043748942329,15.63,817,612,8,195.375,Conversas por mensagem iniciadas,5,3.126,2026-07-18,2026-07-18
[JUN]_[SN]_Carrossel_Oferta,2026-07-17,active,campaign,AUTOPLUS [FORD] RIO DO SUL,915043748942329,34.13,2863,1938,56,60.946.429,Conversas por mensagem iniciadas,3,1.137.666.667,2026-07-17,2026-07-17
[JUL]_[N]_Vídeo_Ranger/Territory [individual],2026-07-17,inactive,campaign,AUTOPLUS [FORD] RIO DO SUL,915043748942329,11.15,546,417,3,371.666.667,Conversas por mensagem iniciadas,2,5.575,2026-07-17,2026-07-17
[JUL]_[N]_Vídeo_Transit [permanente],2026-07-17,active,campaign,AUTOPLUS [FORD] RIO DO SUL,915043748942329,11.49,662,616,6,1.915,Conversas por mensagem iniciadas,1,11.49,2026-07-17,2026-07-17
[JUL]_[N]_Vt_Condição,2026-07-17,recently_completed,campaign,AUTOPLUS [FORD] RIO DO SUL,915043748942329,27.5,824,640,21,130.952.381,Conversas por mensagem iniciadas,2,13.75,2026-07-17,2026-07-17
[JUL]_[N]_Card_Modelo,2026-07-17,completed,campaign,AUTOPLUS [FORD] RIO DO SUL,915043748942329,14.91,1643,1410,12,1.2425,Conversas por mensagem iniciadas,1,14.91,2026-07-17,2026-07-17
[JUL]_[SN]_Card_Condição,2026-07-17,inactive,campaign,AUTOPLUS [FORD] RIO DO SUL,915043748942329,20.61,693,565,10,2.061,Conversas por mensagem iniciadas,1,20.61,2026-07-17,2026-07-17
[JUL]_[N]_Card_Oferta,2026-07-17,active,campaign,AUTOPLUS [FORD] RIO DO SUL,915043748942329,92.19,10538,7096,72,128.041.667,Conversas por mensagem iniciadas,6,15.365,2026-07-17,2026-07-17
[JUL]_[N]_Card_Modelo,2026-07-16,completed,campaign,AUTOPLUS [FORD] RIO DO SUL,915043748942329,24.59,2711,2235,16,1.536.875,Conversas por mensagem iniciadas,3,819.666.667,2026-07-16,2026-07-16
[JUN]_[SN]_Carrossel_Oferta,2026-07-16,active,campaign,AUTOPLUS [FORD] RIO DO SUL,915043748942329,28.22,2780,1844,33,85.515.152,Conversas por mensagem iniciadas,3,940.666.667,2026-07-16,2026-07-16
[JUL]_[N]_Card_Oferta,2026-07-16,active,campaign,AUTOPLUS [FORD] RIO DO SUL,915043748942329,98,13052,8101,99,98.989.899,Conversas por mensagem iniciadas,6,1.633.333.333,2026-07-16,2026-07-16
[JUL]_[N]_Vídeo_Transit [permanente],2026-07-16,active,campaign,AUTOPLUS [FORD] RIO DO SUL,915043748942329,10.47,832,747,6,1.745,,,,2026-07-16,2026-07-16
[JUL]_[SN]_Card_Condição,2026-07-16,inactive,campaign,AUTOPLUS [FORD] RIO DO SUL,915043748942329,33.51,1045,825,7,478.714.286,Conversas por mensagem iniciadas,1,33.51,2026-07-16,2026-07-16
[JUL]_[N]_Vt_Condição,2026-07-16,recently_completed,campaign,AUTOPLUS [FORD] RIO DO SUL,915043748942329,35.15,848,653,18,195.277.778,Conversas por mensagem iniciadas,2,17.575,2026-07-16,2026-07-16
[JUL]_[N]_Vídeo_Transit [permanente],2026-07-15,active,campaign,AUTOPLUS [FORD] RIO DO SUL,915043748942329,11.31,1031,923,5,2.262,,,,2026-07-15,2026-07-15
[JUL]_[N]_Vt_Condição,2026-07-15,recently_completed,campaign,AUTOPLUS [FORD] RIO DO SUL,915043748942329,38.08,1039,809,27,141.037.037,,,,2026-07-15,2026-07-15
[JUL]_[N]_Card_Modelo,2026-07-15,completed,campaign,AUTOPLUS [FORD] RIO DO SUL,915043748942329,26.24,2505,2063,17,154.352.941,Conversas por mensagem iniciadas,1,26.24,2026-07-15,2026-07-15
[JUL]_[SN]_Card_Condição,2026-07-15,inactive,campaign,AUTOPLUS [FORD] RIO DO SUL,915043748942329,35.94,1096,893,8,4.4925,Conversas por mensagem iniciadas,3,11.98,2026-07-15,2026-07-15
[JUL]_[N]_Card_Oferta,2026-07-15,active,campaign,AUTOPLUS [FORD] RIO DO SUL,915043748942329,109.07,12582,8031,101,107.990.099,Conversas por mensagem iniciadas,6,1.817.833.333,2026-07-15,2026-07-15
[JUN]_[SN]_Carrossel_Oferta,2026-07-15,active,campaign,AUTOPLUS [FORD] RIO DO SUL,915043748942329,38.84,3710,2581,47,82.638.298,Conversas por mensagem iniciadas,3,1.294.666.667,2026-07-15,2026-07-15
[JUL]_[N]_Vídeo_Transit [permanente],2026-07-14,active,campaign,AUTOPLUS [FORD] RIO DO SUL,915043748942329,5.31,467,445,4,1.3275,Conversas por mensagem iniciadas,3,1.77,2026-07-14,2026-07-14
[JUL]_[N]_Vt_Condição,2026-07-14,recently_completed,campaign,AUTOPLUS [FORD] RIO DO SUL,915043748942329,37.53,1136,890,15,2.502,Conversas por mensagem iniciadas,1,37.53,2026-07-14,2026-07-14
[JUL]_[N]_Card_Modelo,2026-07-14,completed,campaign,AUTOPLUS [FORD] RIO DO SUL,915043748942329,26.02,2402,1897,11,236.545.455,Conversas por mensagem iniciadas,2,13.01,2026-07-14,2026-07-14
[JUL]_[SN]_Card_Condição,2026-07-14,inactive,campaign,AUTOPLUS [FORD] RIO DO SUL,915043748942329,37.14,888,702,5,7.428,Conversas por mensagem iniciadas,2,18.57,2026-07-14,2026-07-14
[JUL]_[N]_Card_Oferta,2026-07-14,active,campaign,AUTOPLUS [FORD] RIO DO SUL,915043748942329,117.34,10311,6564,76,154.394.737,Conversas por mensagem iniciadas,3,3.911.333.333,2026-07-14,2026-07-14
[JUN]_[SN]_Carrossel_Oferta,2026-07-14,active,campaign,AUTOPLUS [FORD] RIO DO SUL,915043748942329,39.82,3654,2566,60,66.366.667,Conversas por mensagem iniciadas,5,7.964,2026-07-14,2026-07-14
[JUL]_[SN]_Card_Condição,2026-07-13,inactive,campaign,AUTOPLUS [FORD] RIO DO SUL,915043748942329,32.93,951,766,13,253.307.692,Conversas por mensagem iniciadas,5,6.586,2026-07-13,2026-07-13
[JUL]_[N]_Card_Oferta,2026-07-13,active,campaign,AUTOPLUS [FORD] RIO DO SUL,915043748942329,107.23,10326,6232,78,137.474.359,Conversas por mensagem iniciadas,6,1.787.166.667,2026-07-13,2026-07-13
[JUL]_[N]_Card_Modelo,2026-07-13,completed,campaign,AUTOPLUS [FORD] RIO DO SUL,915043748942329,8.22,673,600,4,2.055,Conversas por mensagem iniciadas,1,8.22,2026-07-13,2026-07-13
[JUN]_[SN]_Carrossel_Oferta,2026-07-13,active,campaign,AUTOPLUS [FORD] RIO DO SUL,915043748942329,36.84,3975,2687,39,94.461.538,Conversas por mensagem iniciadas,4,9.21,2026-07-13,2026-07-13
[JUN]_[SN]_Carrossel_Oferta,2026-07-12,active,campaign,AUTOPLUS [FORD] RIO DO SUL,915043748942329,37.52,4503,2920,52,72.153.846,Conversas por mensagem iniciadas,4,9.38,2026-07-12,2026-07-12
[JUL]_[SN]_Card_Condição,2026-07-12,inactive,campaign,AUTOPLUS [FORD] RIO DO SUL,915043748942329,36.8,1740,1333,7,525.714.286,Conversas por mensagem iniciadas,2,18.4,2026-07-12,2026-07-12
[JUL]_[N]_Card_Oferta,2026-07-12,active,campaign,AUTOPLUS [FORD] RIO DO SUL,915043748942329,109.35,10579,5994,80,1.366.875,Conversas por mensagem iniciadas,7,1.562.142.857,2026-07-12,2026-07-12
[JUL]_[SN]_Card_Condição,2026-07-11,inactive,campaign,AUTOPLUS [FORD] RIO DO SUL,915043748942329,15.5,663,507,7,221.428.571,Conversas por mensagem iniciadas,3,516.666.667,2026-07-11,2026-07-11
[JUL]_[N]_Card_Oferta,2026-07-11,active,campaign,AUTOPLUS [FORD] RIO DO SUL,915043748942329,77.03,7051,4169,71,108.492.958,Conversas por mensagem iniciadas,6,1.283.833.333,2026-07-11,2026-07-11
[JUN]_[N]_Vídeo_Modelo,2026-07-11,inactive,campaign,AUTOPLUS [FORD] RIO DO SUL,915043748942329,0,0,0,,,Conversas por mensagem iniciadas,1,0,2026-07-11,2026-07-11
[JUN]_[SN]_Carrossel_Oferta,2026-07-11,active,campaign,AUTOPLUS [FORD] RIO DO SUL,915043748942329,20.37,2580,1702,48,424.375,Conversas por mensagem iniciadas,2,10.185,2026-07-11,2026-07-11
[JUL]_[SN]_Card_Condição,2026-07-10,inactive,campaign,AUTOPLUS [FORD] RIO DO SUL,915043748942329,24.82,786,564,8,3.1025,Conversas por mensagem iniciadas,3,827.333.333,2026-07-10,2026-07-10
[JUL]_[N]_Card_Oferta,2026-07-10,active,campaign,AUTOPLUS [FORD] RIO DO SUL,915043748942329,85.2,7204,4279,52,163.846.154,Conversas por mensagem iniciadas,8,10.65,2026-07-10,2026-07-10
[JUN]_[SN]_Carrossel_Oferta,2026-07-10,active,campaign,AUTOPLUS [FORD] RIO DO SUL,915043748942329,27.89,2864,1818,45,61.977.778,Conversas por mensagem iniciadas,5,5.578,2026-07-10,2026-07-10
[JUN]_[SN]_Carrossel_Oferta,2026-07-09,active,campaign,AUTOPLUS [FORD] RIO DO SUL,915043748942329,30.18,2777,1823,41,73.609.756,,,,2026-07-09,2026-07-09
[JUL]_[SN]_Card_Condição,2026-07-09,inactive,campaign,AUTOPLUS [FORD] RIO DO SUL,915043748942329,32.09,778,575,12,267.416.667,Conversas por mensagem iniciadas,5,6.418,2026-07-09,2026-07-09
[JUL]_[N]_Card_Oferta,2026-07-09,active,campaign,AUTOPLUS [FORD] RIO DO SUL,915043748942329,25.82,2318,1452,12,215.166.667,Conversas por mensagem iniciadas,2,12.91,2026-07-09,2026-07-09
[JUL]_[SN]_Card_Condição,2026-07-08,inactive,campaign,AUTOPLUS [FORD] RIO DO SUL,915043748942329,31.54,1119,834,13,242.615.385,Conversas por mensagem iniciadas,5,6.308,2026-07-08,2026-07-08
[JUL]_[N]_Card_Oferta,2026-07-08,active,campaign,AUTOPLUS [FORD] RIO DO SUL,915043748942329,31.94,2814,1768,23,138.869.565,Conversas por mensagem iniciadas,2,15.97,2026-07-08,2026-07-08
[JUN]_[SN]_Carrossel_Oferta,2026-07-08,active,campaign,AUTOPLUS [FORD] RIO DO SUL,915043748942329,35.36,3071,2023,34,01.04,Conversas por mensagem iniciadas,1,35.36,2026-07-08,2026-07-08
[JUL]_[SN]_Card_Condição,2026-07-07,inactive,campaign,AUTOPLUS [FORD] RIO DO SUL,915043748942329,33.18,979,743,7,4.74,,,,2026-07-07,2026-07-07
[JUL]_[N]_Card_Oferta,2026-07-07,active,campaign,AUTOPLUS [FORD] RIO DO SUL,915043748942329,31.06,3745,2677,26,119.461.538,Conversas por mensagem iniciadas,4,7.765,2026-07-07,2026-07-07
[JUN]_[SN]_Carrossel_Oferta,2026-07-07,active,campaign,AUTOPLUS [FORD] RIO DO SUL,915043748942329,37.26,3037,1920,45,828,Conversas por mensagem iniciadas,3,12.42,2026-07-07,2026-07-07
[JUN]_[N]_Vídeo_Modelo,2026-07-06,inactive,campaign,AUTOPLUS [FORD] RIO DO SUL,915043748942329,10.95,268,221,13,84.230.769,Conversas por mensagem iniciadas,4,2.7375,2026-07-06,2026-07-06
[JUN]_[SN]_Carrossel_Oferta,2026-07-06,active,campaign,AUTOPLUS [FORD] RIO DO SUL,915043748942329,39.18,3996,2481,37,105.891.892,Conversas por mensagem iniciadas,2,19.59,2026-07-06,2026-07-06
[JUL]_[SN]_Card_Condição,2026-07-06,inactive,campaign,AUTOPLUS [FORD] RIO DO SUL,915043748942329,36.64,1606,1247,15,244.266.667,Conversas por mensagem iniciadas,6,610.666.667,2026-07-06,2026-07-06
[JUL]_[N]_Card_Oferta,2026-07-06,active,campaign,AUTOPLUS [FORD] RIO DO SUL,915043748942329,42.2,6420,4483,64,659.375,Conversas por mensagem iniciadas,5,8.44,2026-07-06,2026-07-06
[JUL]_[SN]_Card_Condição,2026-07-05,inactive,campaign,AUTOPLUS [FORD] RIO DO SUL,915043748942329,36.11,1397,1071,12,300.916.667,Conversas por mensagem iniciadas,6,601.833.333,2026-07-05,2026-07-05
[JUL]_[N]_Card_Oferta,2026-07-05,active,campaign,AUTOPLUS [FORD] RIO DO SUL,915043748942329,35.37,5884,4116,48,736.875,Conversas por mensagem iniciadas,3,11.79,2026-07-05,2026-07-05
[JUN]_[N]_Vídeo_Modelo,2026-07-05,inactive,campaign,AUTOPLUS [FORD] RIO DO SUL,915043748942329,39.08,899,640,31,126.064.516,Conversas por mensagem iniciadas,4,9.77,2026-07-05,2026-07-05
[JUN]_[SN]_Carrossel_Oferta,2026-07-05,active,campaign,AUTOPLUS [FORD] RIO DO SUL,915043748942329,40.72,4357,2675,60,67.866.667,Conversas por mensagem iniciadas,5,8.144,2026-07-05,2026-07-05
[JUL]_[SN]_Card_Condição,2026-07-04,inactive,campaign,AUTOPLUS [FORD] RIO DO SUL,915043748942329,28.38,1276,918,9,315.333.333,Conversas por mensagem iniciadas,1,28.38,2026-07-04,2026-07-04
[JUL]_[N]_Card_Oferta,2026-07-04,active,campaign,AUTOPLUS [FORD] RIO DO SUL,915043748942329,30.12,4293,2993,24,1.255,Conversas por mensagem iniciadas,2,15.06,2026-07-04,2026-07-04
[JUN]_[N]_Vídeo_Modelo,2026-07-04,inactive,campaign,AUTOPLUS [FORD] RIO DO SUL,915043748942329,11.5,291,213,7,164.285.714,,,,2026-07-04,2026-07-04
[JUN]_[SN]_Carrossel_Oferta,2026-07-04,active,campaign,AUTOPLUS [FORD] RIO DO SUL,915043748942329,19.64,2282,1483,34,57.764.706,Conversas por mensagem iniciadas,2,9.82,2026-07-04,2026-07-04
[JUL]_[SN]_Card_Condição,2026-07-03,inactive,campaign,AUTOPLUS [FORD] RIO DO SUL,915043748942329,8.9,453,392,7,127.142.857,Conversas por mensagem iniciadas,2,4.45,2026-07-03,2026-07-03
[JUL]_[N]_Card_Oferta,2026-07-03,active,campaign,AUTOPLUS [FORD] RIO DO SUL,915043748942329,07.05,950,730,5,1.41,,,,2026-07-03,2026-07-03
[JUN]_[N]_Vídeo_Modelo,2026-07-03,inactive,campaign,AUTOPLUS [FORD] RIO DO SUL,915043748942329,17.41,343,205,11,158.272.727,Conversas por mensagem iniciadas,3,580.333.333,2026-07-03,2026-07-03
[JUN]_[SN]_Carrossel_Oferta,2026-07-03,active,campaign,AUTOPLUS [FORD] RIO DO SUL,915043748942329,21.58,2125,1330,32,674.375,Conversas por mensagem iniciadas,2,10.79,2026-07-03,2026-07-03
[JUN]_[SN]_Carrossel_Oferta,2026-07-02,active,campaign,AUTOPLUS [FORD] RIO DO SUL,915043748942329,29.42,3484,2184,37,79.513.514,Conversas por mensagem iniciadas,1,29.42,2026-07-02,2026-07-02
[JUN]_[SN]_Vídeo_Condição,2026-07-02,inactive,campaign,AUTOPLUS [FORD] RIO DO SUL,915043748942329,7.37,265,224,2,3.685,,,,2026-07-02,2026-07-02
[JUN]_[N]_Vídeo_Modelo,2026-07-02,inactive,campaign,AUTOPLUS [FORD] RIO DO SUL,915043748942329,25.36,570,367,6,422.666.667,Conversas por mensagem iniciadas,1,25.36,2026-07-02,2026-07-02
[JUN]_[N]_Vídeo_Modelo,2026-07-01,inactive,campaign,AUTOPLUS [FORD] RIO DO SUL,915043748942329,37.15,870,521,16,2.321.875,Conversas por mensagem iniciadas,1,37.15,2026-07-01,2026-07-01
[JUN]_[SN]_Vídeo_Condição,2026-07-01,inactive,campaign,AUTOPLUS [FORD] RIO DO SUL,915043748942329,24.91,1292,918,6,415.166.667,Conversas por mensagem iniciadas,3,830.333.333,2026-07-01,2026-07-01
[JUN]_[SN]_Carrossel_Oferta,2026-07-01,active,campaign,AUTOPLUS [FORD] RIO DO SUL,915043748942329,40.09,4553,2585,57,70.333.333,Conversas por mensagem iniciadas,4,10.0225,2026-07-01,2026-07-01
