Nome da campanha,Dia,Status de veiculação,Nível de veiculação,Nome da conta,Identificação da conta,Valor gasto (BRL),Impressões,Alcance,Cliques no link,CPC (custo por clique no link),Tipo de resultado,Resultados,Custo por resultado,Início dos relatórios,Encerramento dos relatórios,Resultados (iniciais)
[JUL]_[N]_Card_Oferta — Feirão Prorrogado,2026-07-31,recently_completed,campaign,AutoShow Campos Novos [Chevrolet],1141449996287746,24.48,1048,786,8,03.06,,,,2026-07-31,2026-07-31,
[JUL]_[N]_Card_Oferta,2026-07-31,recently_completed,campaign,AutoShow Campos Novos [Chevrolet],1141449996287746,43.56,3456,2530,23,189.391.304,Conversas por mensagem iniciadas,2,21.78,2026-07-31,2026-07-31,
[JUN]_[SN]_Carrossel_Oferta,2026-07-31,active,campaign,AutoShow Campos Novos [Chevrolet],1141449996287746,44.65,2737,1707,36,124.027.778,Conversas por mensagem iniciadas,6,744.166.667,2026-07-31,2026-07-31,
[JUL]_[N]_Card_Consórcio Day [Permanente],2026-07-31,active,campaign,AutoShow Campos Novos [Chevrolet],1141449996287746,24.69,938,720,5,4.938,Conversas por mensagem iniciadas,3,8.23,2026-07-31,2026-07-31,
[JUL]_[N]_Card_Oferta — Feirão Prorrogado,2026-07-30,recently_completed,campaign,AutoShow Campos Novos [Chevrolet],1141449996287746,29.54,1629,1225,10,2.954,Conversas por mensagem iniciadas,2,14.77,2026-07-30,2026-07-30,
[JUL]_[N]_Card_Oferta,2026-07-30,recently_completed,campaign,AutoShow Campos Novos [Chevrolet],1141449996287746,47.07,4328,3307,28,168.107.143,Conversas por mensagem iniciadas,2,23.535,2026-07-30,2026-07-30,
[JUN]_[SN]_Carrossel_Oferta,2026-07-30,active,campaign,AutoShow Campos Novos [Chevrolet],1141449996287746,39.41,2686,1700,35,1.126,Conversas por mensagem iniciadas,2,19.705,2026-07-30,2026-07-30,
[JUL]_[N]_Card_Consórcio Day [Permanente],2026-07-30,active,campaign,AutoShow Campos Novos [Chevrolet],1141449996287746,22.18,906,733,3,739.333.333,Conversas por mensagem iniciadas,2,11.09,2026-07-30,2026-07-30,
[JUL]_[N]_Card_Oferta — Feirão Prorrogado,2026-07-29,recently_completed,campaign,AutoShow Campos Novos [Chevrolet],1141449996287746,45.57,3750,3107,27,168.777.778,Conversas por mensagem iniciadas,3,15.19,2026-07-29,2026-07-29,
[JUL]_[N]_Card_Oferta,2026-07-29,recently_completed,campaign,AutoShow Campos Novos [Chevrolet],1141449996287746,65.99,8987,7450,59,111.847.458,Conversas por mensagem iniciadas,2,32.995,2026-07-29,2026-07-29,
[JUN]_[SN]_Carrossel_Oferta,2026-07-29,active,campaign,AutoShow Campos Novos [Chevrolet],1141449996287746,58,3636,2266,47,123.404.255,Conversas por mensagem iniciadas,2,29,2026-07-29,2026-07-29,
[JUL]_[N]_Card_Consórcio Day [Permanente],2026-07-29,active,campaign,AutoShow Campos Novos [Chevrolet],1141449996287746,29.53,1199,929,6,492.166.667,Conversas por mensagem iniciadas,4,7.3825,2026-07-29,2026-07-29,
[JUL]_[N]_Card_Consórcio Day [Permanente],2026-07-28,active,campaign,AutoShow Campos Novos [Chevrolet],1141449996287746,44.33,1415,1110,8,554.125,Conversas por mensagem iniciadas,4,11.0825,2026-07-28,2026-07-28,
[JUN]_[SN]_Carrossel_Oferta,2026-07-28,active,campaign,AutoShow Campos Novos [Chevrolet],1141449996287746,83.31,4127,2568,42,198.357.143,Conversas por mensagem iniciadas,5,16.662,2026-07-28,2026-07-28,
[JUL]_[N]_Card_Oferta,2026-07-28,recently_completed,campaign,AutoShow Campos Novos [Chevrolet],1141449996287746,81.79,6748,4545,45,181.755.556,Conversas por mensagem iniciadas,3,2.726.333.333,2026-07-28,2026-07-28,
[JUL]_[N]_Card_Oferta — Feirão Prorrogado,2026-07-28,recently_completed,campaign,AutoShow Campos Novos [Chevrolet],1141449996287746,53.3,2472,1552,12,444.166.667,Conversas por mensagem iniciadas,1,53.3,2026-07-28,2026-07-28,
[JUL]_[N]_Card_Oferta — Feirão Prorrogado,2026-07-27,recently_completed,campaign,AutoShow Campos Novos [Chevrolet],1141449996287746,14.55,474,367,3,4.85,,,,2026-07-27,2026-07-27,
[JUL]_[N]_Card_Oferta,2026-07-27,recently_completed,campaign,AutoShow Campos Novos [Chevrolet],1141449996287746,66.45,4351,3114,25,2.658,,,,2026-07-27,2026-07-27,
[JUN]_[SN]_Carrossel_Oferta,2026-07-27,active,campaign,AutoShow Campos Novos [Chevrolet],1141449996287746,77.37,3449,2069,51,151.705.882,Conversas por mensagem iniciadas,3,25.79,2026-07-27,2026-07-27,
[JUL]_[N]_Card_Consórcio Day [Permanente],2026-07-27,active,campaign,AutoShow Campos Novos [Chevrolet],1141449996287746,41.64,1846,1404,8,5.205,Conversas por mensagem iniciadas,1,41.64,2026-07-27,2026-07-27,
[JUN]_[SN]_Carrossel_Oferta,2026-07-26,active,campaign,AutoShow Campos Novos [Chevrolet],1141449996287746,20.73,1297,843,20,1.0365,Conversas por mensagem iniciadas,1,20.73,2026-07-26,2026-07-26,
[JUL]_[N]_Card_Consórcio Day [Permanente],2026-07-26,active,campaign,AutoShow Campos Novos [Chevrolet],1141449996287746,28.95,1674,1331,7,413.571.429,Conversas por mensagem iniciadas,4,7.2375,2026-07-26,2026-07-26,
[JUL]_[N]_Card_Oferta,2026-07-26,recently_completed,campaign,AutoShow Campos Novos [Chevrolet],1141449996287746,51.77,4570,3233,40,129.425,Conversas por mensagem iniciadas,2,25.885,2026-07-26,2026-07-26,
[JUL]_[N]_Card_Oferta,2026-07-26,completed,campaign,AutoShow Campos Novos [Chevrolet],1141449996287746,16.47,973,668,2,8.235,,,,2026-07-26,2026-07-26,
[JUL]_[N]_Card_Oferta,2026-07-25,completed,campaign,AutoShow Campos Novos [Chevrolet],1141449996287746,19.46,1035,679,7,2.78,Conversas por mensagem iniciadas,2,9.73,2026-07-25,2026-07-25,
[JUL]_[N]_Card_Oferta,2026-07-25,recently_completed,campaign,AutoShow Campos Novos [Chevrolet],1141449996287746,38.84,3420,2442,25,1.5536,Conversas por mensagem iniciadas,1,38.84,2026-07-25,2026-07-25,
[JUL]_[N]_Vídeo_Oferta,2026-07-25,not_delivering,campaign,AutoShow Campos Novos [Chevrolet],1141449996287746,7.59,493,434,2,3.795,,,,2026-07-25,2026-07-25,
[JUN]_[SN]_Carrossel_Oferta,2026-07-25,active,campaign,AutoShow Campos Novos [Chevrolet],1141449996287746,12.15,1017,661,15,0.81,,,,2026-07-25,2026-07-25,
[JUL]_[N]_Card_Consórcio Day [Permanente],2026-07-25,active,campaign,AutoShow Campos Novos [Chevrolet],1141449996287746,21.86,1625,1264,7,312.285.714,Conversas por mensagem iniciadas,2,10.93,2026-07-25,2026-07-25,
[JUN]_[SN]_Carrossel_Oferta,2026-07-24,active,campaign,AutoShow Campos Novos [Chevrolet],1141449996287746,16.33,1080,658,13,125.615.385,Conversas por mensagem iniciadas,1,16.33,2026-07-24,2026-07-24,
[JUL]_[N]_Card_Consórcio Day [Permanente],2026-07-24,active,campaign,AutoShow Campos Novos [Chevrolet],1141449996287746,21.88,1609,1267,7,312.571.429,Conversas por mensagem iniciadas,1,21.88,2026-07-24,2026-07-24,
[JUL]_[N]_Card_Oferta,2026-07-24,recently_completed,campaign,AutoShow Campos Novos [Chevrolet],1141449996287746,52.97,3878,2599,28,189.178.571,Conversas por mensagem iniciadas,2,26.485,2026-07-24,2026-07-24,
[JUL]_[N]_Vídeo_Oferta,2026-07-24,not_delivering,campaign,AutoShow Campos Novos [Chevrolet],1141449996287746,16.46,950,786,2,8.23,Conversas por mensagem iniciadas,1,16.46,2026-07-24,2026-07-24,
[JUL]_[N]_Card_Oferta,2026-07-24,completed,campaign,AutoShow Campos Novos [Chevrolet],1141449996287746,24.46,956,665,9,271.777.778,Conversas por mensagem iniciadas,1,24.46,2026-07-24,2026-07-24,
[JUL]_[N]_Card_Oferta,2026-07-23,completed,campaign,AutoShow Campos Novos [Chevrolet],1141449996287746,27.88,1118,658,5,5.576,Conversas por mensagem iniciadas,2,13.94,2026-07-23,2026-07-23,
[JUL]_[N]_Card_Oferta,2026-07-23,recently_completed,campaign,AutoShow Campos Novos [Chevrolet],1141449996287746,57.88,4025,2700,33,175.393.939,Conversas por mensagem iniciadas,3,1.929.333.333,2026-07-23,2026-07-23,
[JUL]_[N]_Vídeo_Oferta,2026-07-23,not_delivering,campaign,AutoShow Campos Novos [Chevrolet],1141449996287746,17.53,906,697,5,3.506,,,,2026-07-23,2026-07-23,
[JUN]_[SN]_Carrossel_Oferta,2026-07-23,active,campaign,AutoShow Campos Novos [Chevrolet],1141449996287746,17.45,1217,803,18,96.944.444,,,,2026-07-23,2026-07-23,
[JUL]_[N]_Card_Consórcio Day [Permanente],2026-07-23,active,campaign,AutoShow Campos Novos [Chevrolet],1141449996287746,30.57,1702,1303,7,436.714.286,Conversas por mensagem iniciadas,1,30.57,2026-07-23,2026-07-23,
[JUL]_[N]_Card_Oferta,2026-07-22,completed,campaign,AutoShow Campos Novos [Chevrolet],1141449996287746,12.15,703,480,2,6.075,,,,2026-07-22,2026-07-22,
[JUL]_[N]_Card_Oferta,2026-07-22,recently_completed,campaign,AutoShow Campos Novos [Chevrolet],1141449996287746,65.95,6125,4223,39,169.102.564,Conversas por mensagem iniciadas,1,65.95,2026-07-22,2026-07-22,
[JUL]_[N]_Vídeo_Oferta,2026-07-22,not_delivering,campaign,AutoShow Campos Novos [Chevrolet],1141449996287746,20.91,963,734,7,298.714.286,,,,2026-07-22,2026-07-22,
[JUN]_[SN]_Carrossel_Oferta,2026-07-22,active,campaign,AutoShow Campos Novos [Chevrolet],1141449996287746,21.46,1449,906,21,102.190.476,,,,2026-07-22,2026-07-22,
[JUL]_[N]_Card_Consórcio Day [Permanente],2026-07-22,active,campaign,AutoShow Campos Novos [Chevrolet],1141449996287746,35.55,1996,1507,7,507.857.143,Conversas por mensagem iniciadas,3,11.85,2026-07-22,2026-07-22,
[JUL]_[N]_Card_Consórcio Day [Permanente],2026-07-21,active,campaign,AutoShow Campos Novos [Chevrolet],1141449996287746,39.52,1636,1301,5,7.904,,,,2026-07-21,2026-07-21,
[JUN]_[SN]_Carrossel_Oferta,2026-07-21,active,campaign,AutoShow Campos Novos [Chevrolet],1141449996287746,26.93,1932,1198,27,99.740.741,Conversas por mensagem iniciadas,2,13.465,2026-07-21,2026-07-21,
[JUL]_[N]_Vídeo_Oferta,2026-07-21,not_delivering,campaign,AutoShow Campos Novos [Chevrolet],1141449996287746,27.14,1152,889,6,452.333.333,Conversas por mensagem iniciadas,1,27.14,2026-07-21,2026-07-21,
[JUL]_[N]_Card_Oferta,2026-07-21,recently_completed,campaign,AutoShow Campos Novos [Chevrolet],1141449996287746,75.66,6665,4310,53,142.754.717,Conversas por mensagem iniciadas,4,18.915,2026-07-21,2026-07-21,
[JUL]_[N]_Card_Oferta,2026-07-20,recently_completed,campaign,AutoShow Campos Novos [Chevrolet],1141449996287746,63.53,6262,4160,54,117.648.148,Conversas por mensagem iniciadas,1,63.53,2026-07-20,2026-07-20,
[JUL]_[N]_Vídeo_Oferta,2026-07-20,not_delivering,campaign,AutoShow Campos Novos [Chevrolet],1141449996287746,34.49,2195,1650,14,246.357.143,,,,2026-07-20,2026-07-20,
[JUN]_[SN]_Carrossel_Oferta,2026-07-20,active,campaign,AutoShow Campos Novos [Chevrolet],1141449996287746,22.17,1610,1159,22,100.772.727,,,,2026-07-20,2026-07-20,
[JUL]_[N]_Card_Consórcio Day [Permanente],2026-07-20,active,campaign,AutoShow Campos Novos [Chevrolet],1141449996287746,29.16,1748,1374,8,3.645,,,,2026-07-20,2026-07-20,
[JUN]_[SN]_Carrossel_Oferta,2026-07-19,active,campaign,AutoShow Campos Novos [Chevrolet],1141449996287746,23.33,2401,1630,20,1.1665,Conversas por mensagem iniciadas,1,23.33,2026-07-19,2026-07-19,
[JUL]_[N]_Card_Consórcio Day [Permanente],2026-07-19,active,campaign,AutoShow Campos Novos [Chevrolet],1141449996287746,30.97,2838,2194,10,3.097,Conversas por mensagem iniciadas,3,1.032.333.333,2026-07-19,2026-07-19,
[JUL]_[N]_Vídeo_Oferta,2026-07-19,not_delivering,campaign,AutoShow Campos Novos [Chevrolet],1141449996287746,37.97,2692,2116,12,316.416.667,,,,2026-07-19,2026-07-19,
[JUL]_[N]_Card_Oferta,2026-07-19,recently_completed,campaign,AutoShow Campos Novos [Chevrolet],1141449996287746,65.01,6896,4481,48,1.354.375,,,,2026-07-19,2026-07-19,
[JUL]_[N]_Card_Oferta,2026-07-18,recently_completed,campaign,AutoShow Campos Novos [Chevrolet],1141449996287746,28.27,2478,1630,25,1.1308,Conversas por mensagem iniciadas,2,14.135,2026-07-18,2026-07-18,
[JUL]_[N]_Vídeo_Oferta,2026-07-18,not_delivering,campaign,AutoShow Campos Novos [Chevrolet],1141449996287746,32.31,2184,1573,12,2.6925,Conversas por mensagem iniciadas,2,16.155,2026-07-18,2026-07-18,
[JUN]_[SN]_Carrossel_Oferta,2026-07-18,active,campaign,AutoShow Campos Novos [Chevrolet],1141449996287746,8.21,849,600,12,68.416.667,,,,2026-07-18,2026-07-18,
[JUL]_[N]_Card_Consórcio Day [Permanente],2026-07-18,active,campaign,AutoShow Campos Novos [Chevrolet],1141449996287746,15.04,1258,980,2,7.52,,,,2026-07-18,2026-07-18,
[JUN]_[SN]_Carrossel_Oferta,2026-07-17,active,campaign,AutoShow Campos Novos [Chevrolet],1141449996287746,13.12,951,687,12,109.333.333,Conversas por mensagem iniciadas,2,6.56,2026-07-17,2026-07-17,
[JUL]_[N]_Card_Oferta,2026-07-17,recently_completed,campaign,AutoShow Campos Novos [Chevrolet],1141449996287746,43.95,4012,2676,35,125.571.429,Conversas por mensagem iniciadas,4,10.9875,2026-07-17,2026-07-17,
[JUL]_[N]_Vídeo_Oferta,2026-07-17,not_delivering,campaign,AutoShow Campos Novos [Chevrolet],1141449996287746,34.34,2123,1543,19,180.736.842,Conversas por mensagem iniciadas,1,34.34,2026-07-17,2026-07-17,
[JUL]_[N]_Card_Consórcio Day [Permanente],2026-07-17,active,campaign,AutoShow Campos Novos [Chevrolet],1141449996287746,21.14,1408,1136,4,5.285,,,,2026-07-17,2026-07-17,
[JUL]_[N]_Card_Oferta,2026-07-16,recently_completed,campaign,AutoShow Campos Novos [Chevrolet],1141449996287746,57.26,6257,4181,38,150.684.211,Conversas por mensagem iniciadas,2,28.63,2026-07-16,2026-07-16,
[JUL]_[N]_Vídeo_Oferta,2026-07-16,not_delivering,campaign,AutoShow Campos Novos [Chevrolet],1141449996287746,42.41,2275,1664,19,223.210.526,,,,2026-07-16,2026-07-16,
[JUN]_[SN]_Carrossel_Oferta,2026-07-16,active,campaign,AutoShow Campos Novos [Chevrolet],1141449996287746,17.47,1567,1105,12,145.583.333,,,,2026-07-16,2026-07-16,
[JUL]_[N]_Card_Consórcio Day [Permanente],2026-07-16,active,campaign,AutoShow Campos Novos [Chevrolet],1141449996287746,25.83,1768,1388,9,2.87,Conversas por mensagem iniciadas,3,8.61,2026-07-16,2026-07-16,
[JUL]_[N]_Card_Oferta,2026-07-15,recently_completed,campaign,AutoShow Campos Novos [Chevrolet],1141449996287746,73.55,7575,4591,66,111.439.394,Conversas por mensagem iniciadas,6,1.225.833.333,2026-07-15,2026-07-15,
[JUL]_[N]_Vídeo_Oferta,2026-07-15,not_delivering,campaign,AutoShow Campos Novos [Chevrolet],1141449996287746,43.71,2288,1707,10,4.371,,,,2026-07-15,2026-07-15,
[JUN]_[SN]_Carrossel_Oferta,2026-07-15,active,campaign,AutoShow Campos Novos [Chevrolet],1141449996287746,27.95,2639,1857,17,164.411.765,Conversas por mensagem iniciadas,1,27.95,2026-07-15,2026-07-15,
[JUL]_[N]_Card_Consórcio Day [Permanente],2026-07-15,active,campaign,AutoShow Campos Novos [Chevrolet],1141449996287746,37.51,2625,1928,5,7.502,,,,2026-07-15,2026-07-15,
[JUL]_[N]_Card_Oferta,2026-07-14,recently_completed,campaign,AutoShow Campos Novos [Chevrolet],1141449996287746,74.92,4388,2689,25,2.9968,Conversas por mensagem iniciadas,1,74.92,2026-07-14,2026-07-14,
[JUL]_[N]_Vídeo_Oferta,2026-07-14,not_delivering,campaign,AutoShow Campos Novos [Chevrolet],1141449996287746,22.05,952,710,3,7.35,,,,2026-07-14,2026-07-14,
[JUN]_[SN]_Carrossel_Oferta,2026-07-14,active,campaign,AutoShow Campos Novos [Chevrolet],1141449996287746,29.96,1727,1290,16,1.8725,Conversas por mensagem iniciadas,3,998.666.667,2026-07-14,2026-07-14,
[JUL]_[N]_Card_Consórcio Day [Permanente],2026-07-14,active,campaign,AutoShow Campos Novos [Chevrolet],1141449996287746,43.85,2160,1673,8,548.125,,,,2026-07-14,2026-07-14,
[JUL]_[N]_Card_Oferta [Chance única] [E: 13.07],2026-07-13,inactive,campaign,AutoShow Campos Novos [Chevrolet],1141449996287746,9.92,526,412,,,,,,2026-07-13,2026-07-13,
[JUL]_[N]_Card_Consórcio Day [Permanente],2026-07-13,active,campaign,AutoShow Campos Novos [Chevrolet],1141449996287746,37.52,1297,980,3,1.250.666.667,Conversas por mensagem iniciadas,1,37.52,2026-07-13,2026-07-13,
[JUN]_[SN]_Carrossel_Oferta,2026-07-13,active,campaign,AutoShow Campos Novos [Chevrolet],1141449996287746,22.35,1113,719,15,1.49,Conversas por mensagem iniciadas,1,22.35,2026-07-13,2026-07-13,
[JUL]_[N]_Card_Oferta,2026-07-13,recently_completed,campaign,AutoShow Campos Novos [Chevrolet],1141449996287746,55.49,2298,1351,10,5.549,Conversas por mensagem iniciadas,3,1.849.666.667,2026-07-13,2026-07-13,
[JUL]_[N]_Vídeo_Oferta,2026-07-13,not_delivering,campaign,AutoShow Campos Novos [Chevrolet],1141449996287746,14.11,840,628,,,,,,2026-07-13,2026-07-13,
[JUL]_[N]_Vídeo_Oferta,2026-07-12,not_delivering,campaign,AutoShow Campos Novos [Chevrolet],1141449996287746,16.14,1482,1021,4,4.035,,,,2026-07-12,2026-07-12,
[JUL]_[N]_Card_Oferta [Chance única] [E: 13.07],2026-07-12,inactive,campaign,AutoShow Campos Novos [Chevrolet],1141449996287746,51.04,5747,3474,23,221.913.043,Conversas por mensagem iniciadas,2,25.52,2026-07-12,2026-07-12,
[JUN]_[SN]_Carrossel_Oferta,2026-07-12,active,campaign,AutoShow Campos Novos [Chevrolet],1141449996287746,20.92,1698,1150,12,174.333.333,Conversas por mensagem iniciadas,2,10.46,2026-07-12,2026-07-12,
[JUL]_[N]_Card_Consórcio Day [Permanente],2026-07-12,active,campaign,AutoShow Campos Novos [Chevrolet],1141449996287746,29.07,1666,1343,4,7.2675,Conversas por mensagem iniciadas,2,14.535,2026-07-12,2026-07-12,
[JUL]_[N]_Vídeo_Oferta,2026-07-11,not_delivering,campaign,AutoShow Campos Novos [Chevrolet],1141449996287746,17.48,1365,988,5,3.496,Conversas por mensagem iniciadas,1,17.48,2026-07-11,2026-07-11,
[JUL]_[N]_Card_Oferta [Chance única] [E: 13.07],2026-07-11,inactive,campaign,AutoShow Campos Novos [Chevrolet],1141449996287746,38.18,6204,4005,41,93.121.951,Conversas por mensagem iniciadas,1,38.18,2026-07-11,2026-07-11,
[JUN]_[SN]_Carrossel_Oferta,2026-07-11,active,campaign,AutoShow Campos Novos [Chevrolet],1141449996287746,9.49,1042,764,14,67.785.714,,,,2026-07-11,2026-07-11,
[JUL]_[N]_Card_Consórcio Day [Permanente],2026-07-11,active,campaign,AutoShow Campos Novos [Chevrolet],1141449996287746,18.7,1223,948,2,9.35,,,,2026-07-11,2026-07-11,
[JUL]_[N]_Card_Oferta [Chance única] [E: 13.07],2026-07-10,inactive,campaign,AutoShow Campos Novos [Chevrolet],1141449996287746,55.9,5279,3194,31,180.322.581,Conversas por mensagem iniciadas,1,55.9,2026-07-10,2026-07-10,
[JUN]_[SN]_Carrossel_Oferta,2026-07-10,active,campaign,AutoShow Campos Novos [Chevrolet],1141449996287746,14.3,1069,741,11,1.3,,,,2026-07-10,2026-07-10,
[JUL]_[N]_Card_Consórcio Day [Permanente],2026-07-10,active,campaign,AutoShow Campos Novos [Chevrolet],1141449996287746,24.78,1068,832,2,12.39,Conversas por mensagem iniciadas,1,24.78,2026-07-10,2026-07-10,
[JUL]_[N]_Card_Consórcio Day [Copa do Mundo],2026-07-10,inactive,campaign,AutoShow Campos Novos [Chevrolet],1141449996287746,0,0,0,,,Conversas por mensagem iniciadas,1,0,2026-07-10,2026-07-10,
[JUL]_[N]_Vídeo_Oferta,2026-07-10,not_delivering,campaign,AutoShow Campos Novos [Chevrolet],1141449996287746,4.12,354,293,1,4.12,,,,2026-07-10,2026-07-10,
[JUL]_[N]_Card_Consórcio Day [Permanente],2026-07-09,active,campaign,AutoShow Campos Novos [Chevrolet],1141449996287746,29.06,1148,929,2,14.53,Conversas por mensagem iniciadas,2,14.53,2026-07-09,2026-07-09,
[JUN]_[SN]_Carrossel_Oferta,2026-07-09,active,campaign,AutoShow Campos Novos [Chevrolet],1141449996287746,20.2,1421,931,10,02.02,,,,2026-07-09,2026-07-09,
[JUL]_[N]_Card_Oferta [Chance única] [E: 13.07],2026-07-09,inactive,campaign,AutoShow Campos Novos [Chevrolet],1141449996287746,65.79,7681,4605,50,1.3158,Conversas por mensagem iniciadas,2,32.895,2026-07-09,2026-07-09,
[JUL]_[N]_Card_Consórcio Day [Copa do Mundo],2026-07-08,inactive,campaign,AutoShow Campos Novos [Chevrolet],1141449996287746,20.33,2150,1782,8,254.125,Conversas por mensagem iniciadas,1,20.33,2026-07-08,2026-07-08,
[JUL]_[N]_Card_Oferta [Chance única] [E: 13.07],2026-07-08,inactive,campaign,AutoShow Campos Novos [Chevrolet],1141449996287746,74.24,6873,4513,44,168.727.273,Conversas por mensagem iniciadas,4,18.56,2026-07-08,2026-07-08,
[JUN]_[SN]_Carrossel_Oferta,2026-07-08,active,campaign,AutoShow Campos Novos [Chevrolet],1141449996287746,26.54,1845,1284,20,1.327,Conversas por mensagem iniciadas,1,26.54,2026-07-08,2026-07-08,
[JUL]_[N]_Card_Consórcio Day [Permanente],2026-07-08,active,campaign,AutoShow Campos Novos [Chevrolet],1141449996287746,34.23,1481,1221,,,,,,2026-07-08,2026-07-08,
[JUL]_[N]_Card_Consórcio Day [Copa do Mundo],2026-07-07,inactive,campaign,AutoShow Campos Novos [Chevrolet],1141449996287746,32.24,3296,2692,15,214.933.333,Conversas por mensagem iniciadas,2,16.12,2026-07-07,2026-07-07,
[JUL]_[N]_Card_Oferta [Chance única] [E: 13.07],2026-07-07,inactive,campaign,AutoShow Campos Novos [Chevrolet],1141449996287746,82.68,8449,5333,43,19.227.907,Conversas por mensagem iniciadas,2,41.34,2026-07-07,2026-07-07,
[JUN]_[SN]_Carrossel_Oferta,2026-07-07,active,campaign,AutoShow Campos Novos [Chevrolet],1141449996287746,29.16,2251,1480,24,1.215,Conversas por mensagem iniciadas,2,14.58,2026-07-07,2026-07-07,
[JUL]_[N]_Card_Consórcio Day [Permanente],2026-07-07,active,campaign,AutoShow Campos Novos [Chevrolet],1141449996287746,42.36,2146,1723,3,14.12,Conversas por mensagem iniciadas,1,42.36,2026-07-07,2026-07-07,
[JUL]_[N]_Card_Consórcio Day [Copa do Mundo],2026-07-06,inactive,campaign,AutoShow Campos Novos [Chevrolet],1141449996287746,24.35,2409,1860,8,304.375,Conversas por mensagem iniciadas,1,24.35,2026-07-06,2026-07-06,
[JUL]_[N]_Card_Oferta [Chance única] [E: 13.07],2026-07-06,inactive,campaign,AutoShow Campos Novos [Chevrolet],1141449996287746,54.69,4237,2483,24,227.875,,,,2026-07-06,2026-07-06,
[JUN]_[SN]_Carrossel_Oferta,2026-07-06,active,campaign,AutoShow Campos Novos [Chevrolet],1141449996287746,24.22,1196,770,16,151.375,,,,2026-07-06,2026-07-06,
[JUL]_[N]_Card_Consórcio Day [Permanente],2026-07-06,active,campaign,AutoShow Campos Novos [Chevrolet],1141449996287746,32.89,1632,1232,5,6.578,Conversas por mensagem iniciadas,1,32.89,2026-07-06,2026-07-06,
[JUN]_[SN]_Carrossel_Oferta,2026-07-05,active,campaign,AutoShow Campos Novos [Chevrolet],1141449996287746,15.94,1361,936,12,132.833.333,Conversas por mensagem iniciadas,2,7.97,2026-07-05,2026-07-05,
[JUL]_[N]_Card_Consórcio Day [Permanente],2026-07-05,active,campaign,AutoShow Campos Novos [Chevrolet],1141449996287746,27.57,1679,1279,6,4.595,Conversas por mensagem iniciadas,1,27.57,2026-07-05,2026-07-05,
[JUL]_[N]_Card_Consórcio Day [Copa do Mundo],2026-07-05,inactive,campaign,AutoShow Campos Novos [Chevrolet],1141449996287746,23.07,2655,2102,11,209.727.273,Conversas por mensagem iniciadas,1,23.07,2026-07-05,2026-07-05,
[JUL]_[N]_Card_Oferta [Chance única] [E: 13.07],2026-07-05,inactive,campaign,AutoShow Campos Novos [Chevrolet],1141449996287746,48.5,5361,3292,18,269.444.444,,,,2026-07-05,2026-07-05,
[JUL]_[N]_Card_Consórcio Day [Copa do Mundo],2026-07-04,inactive,campaign,AutoShow Campos Novos [Chevrolet],1141449996287746,24.05,2574,2045,17,141.470.588,,,,2026-07-04,2026-07-04,
[JUL]_[N]_Card_Oferta [Chance única] [E: 13.07],2026-07-04,inactive,campaign,AutoShow Campos Novos [Chevrolet],1141449996287746,52.48,6044,3898,40,1.312,Conversas por mensagem iniciadas,2,26.24,2026-07-04,2026-07-04,
[JUN]_[SN]_Carrossel_Oferta,2026-07-04,active,campaign,AutoShow Campos Novos [Chevrolet],1141449996287746,11.28,987,683,14,80.571.429,Conversas por mensagem iniciadas,2,5.64,2026-07-04,2026-07-04,
[JUL]_[N]_Card_Consórcio Day [Permanente],2026-07-04,active,campaign,AutoShow Campos Novos [Chevrolet],1141449996287746,31.43,2225,1837,4,7.8575,Conversas por mensagem iniciadas,2,15.715,2026-07-04,2026-07-04,
[JUL]_[N]_Card_Consórcio Day [Copa do Mundo],2026-07-03,inactive,campaign,AutoShow Campos Novos [Chevrolet],1141449996287746,6.7,691,616,2,3.35,,,,2026-07-03,2026-07-03,
[JUL]_[N]_Card_Oferta [Chance única] [E: 13.07],2026-07-03,inactive,campaign,AutoShow Campos Novos [Chevrolet],1141449996287746,50.99,3224,1857,15,339.933.333,,,,2026-07-03,2026-07-03,
[JUN]_[SN]_Carrossel_Oferta,2026-07-03,active,campaign,AutoShow Campos Novos [Chevrolet],1141449996287746,13.51,854,525,12,112.583.333,Conversas por mensagem iniciadas,2,6.755,2026-07-03,2026-07-03,
[JUL]_[N]_Card_Consórcio Day [Permanente],2026-07-03,active,campaign,AutoShow Campos Novos [Chevrolet],1141449996287746,33.24,1783,1400,5,6.648,Conversas por mensagem iniciadas,2,16.62,2026-07-03,2026-07-03,
[JUL]_[N]_Card_Oferta [Chance única] [E: 13.07],2026-07-02,inactive,campaign,AutoShow Campos Novos [Chevrolet],1141449996287746,69.26,4751,2781,19,364.526.316,Conversas por mensagem iniciadas,1,69.26,2026-07-02,2026-07-02,
[JUN]_[SN]_Carrossel_Oferta,2026-07-02,active,campaign,AutoShow Campos Novos [Chevrolet],1141449996287746,18.65,1174,769,15,124.333.333,Conversas por mensagem iniciadas,1,18.65,2026-07-02,2026-07-02,
[JUL]_[N]_Card_Consórcio Day [Permanente],2026-07-02,active,campaign,AutoShow Campos Novos [Chevrolet],1141449996287746,19.2,1425,1220,10,1.92,Conversas por mensagem iniciadas,4,4.8,2026-07-02,2026-07-02,
[JUN]_[SN]_Carrossel_Oferta,2026-07-01,active,campaign,AutoShow Campos Novos [Chevrolet],1141449996287746,25.14,1822,1155,18,139.666.667,Conversas por mensagem iniciadas,1,25.14,2026-07-01,2026-07-01,
[JUN]_[N]_Card_Chance Única - 06/2026,2026-07-01,inactive,campaign,AutoShow Campos Novos [Chevrolet],1141449996287746,23.61,2317,1932,9,262.333.333,,,,2026-07-01,2026-07-01,
[JUL]_[N]_Card_Oferta [Chance única] [E: 13.07],2026-07-01,inactive,campaign,AutoShow Campos Novos [Chevrolet],1141449996287746,23.4,2035,1434,9,2.6,Conversas por mensagem iniciadas,2,11.7,2026-07-01,2026-07-01,
[JUL]_[N]_Card_Consórcio Day [Permanente],2026-07-01,active,campaign,AutoShow Campos Novos [Chevrolet],1141449996287746,23.19,1500,1234,,,,,,2026-07-01,2026-07-01,
[JUL]_[N]_Card_Oferta — Feirão Prorrogado,2026-07-31,inactive,campaign,AutoShow Concórdia [Chevrolet],3293033177418228,21.65,1398,896,8,270.625,Conversas por mensagem iniciadas,1,21.65,2026-07-31,2026-07-31,
[JUL]_[N]_Card_Oferta_FeirãoTurbo,2026-07-31,inactive,campaign,AutoShow Concórdia [Chevrolet],3293033177418228,0,0,0,,,Conversas por mensagem iniciadas,1,0,2026-07-31,2026-07-31,
[JUL]_[N]_Card_Oferta — Feirão Prorrogado,2026-07-30,inactive,campaign,AutoShow Concórdia [Chevrolet],3293033177418228,15.46,1169,950,11,140.545.455,Conversas por mensagem iniciadas,1,15.46,2026-07-30,2026-07-30,
[JUL]_[N]_Card_Oferta — Feirão Prorrogado,2026-07-29,inactive,campaign,AutoShow Concórdia [Chevrolet],3293033177418228,37.97,12189,11919,62,61.241.935,Conversas por mensagem iniciadas,3,1.265.666.667,2026-07-29,2026-07-29,
[JUL]_[N]_Card_Oferta — Feirão Prorrogado,2026-07-28,inactive,campaign,AutoShow Concórdia [Chevrolet],3293033177418228,37.68,2471,1382,19,198.315.789,Conversas por mensagem iniciadas,2,18.84,2026-07-28,2026-07-28,
[JUL]_[N]_Card_Oferta — Feirão Prorrogado,2026-07-27,inactive,campaign,AutoShow Concórdia [Chevrolet],3293033177418228,13.34,877,624,8,1.6675,Conversas por mensagem iniciadas,1,13.34,2026-07-27,2026-07-27,
[JUL]_[N]_Card_Oferta_FeirãoTurbo,2026-07-27,inactive,campaign,AutoShow Concórdia [Chevrolet],3293033177418228,5.45,625,516,4,1.3625,Conversas por mensagem iniciadas,1,5.45,2026-07-27,2026-07-27,
[JUL]_[N]_Card_Oferta,2026-07-27,inactive,campaign,AutoShow Concórdia [Chevrolet],3293033177418228,3.79,252,226,,,,,,2026-07-27,2026-07-27,
[JUL]_[SN]_Carrossel_Oferta,2026-07-27,active,campaign,AutoShow Concórdia [Chevrolet],3293033177418228,3.42,234,200,4,855,Conversas por mensagem iniciadas,1,3.42,2026-07-27,2026-07-27,
[AGO]_[N]_Card_Consórcio Day [Permanente],2026-07-27,active,campaign,AutoShow Concórdia [Chevrolet],3293033177418228,2.44,127,120,2,1.22,,,,2026-07-27,2026-07-27,
[AGO]_[N]_Card_Consórcio Day [Permanente],2026-07-26,active,campaign,AutoShow Concórdia [Chevrolet],3293033177418228,52.19,2362,1954,12,434.916.667,Conversas por mensagem iniciadas,8,652.375,2026-07-26,2026-07-26,
[JUL]_[SN]_Carrossel_Oferta,2026-07-26,active,campaign,AutoShow Concórdia [Chevrolet],3293033177418228,25.31,2118,1380,43,58.860.465,Conversas por mensagem iniciadas,5,5.062,2026-07-26,2026-07-26,
[JUL]_[N]_Card_Oferta,2026-07-26,inactive,campaign,AutoShow Concórdia [Chevrolet],3293033177418228,48.83,4635,3278,44,110.977.273,Conversas por mensagem iniciadas,3,1.627.666.667,2026-07-26,2026-07-26,
[JUL]_[N]_Card_Oferta_FeirãoTurbo,2026-07-26,inactive,campaign,AutoShow Concórdia [Chevrolet],3293033177418228,21.41,3491,2427,32,6.690.625,,,,2026-07-26,2026-07-26,
[JUL]_[N]_Card_Oferta_FeirãoTurbo,2026-07-25,inactive,campaign,AutoShow Concórdia [Chevrolet],3293033177418228,24.25,2567,1833,26,93.269.231,Conversas por mensagem iniciadas,2,12.125,2026-07-25,2026-07-25,
[JUL]_[N]_Card_Oferta,2026-07-25,inactive,campaign,AutoShow Concórdia [Chevrolet],3293033177418228,50.25,3684,2687,22,228.409.091,Conversas por mensagem iniciadas,4,12.5625,2026-07-25,2026-07-25,
[JUL]_[N]_Vídeo_Oferta,2026-07-25,inactive,campaign,AutoShow Concórdia [Chevrolet],3293033177418228,8.78,401,356,1,8.78,,,,2026-07-25,2026-07-25,
[JUL]_[SN]_Carrossel_Oferta,2026-07-25,active,campaign,AutoShow Concórdia [Chevrolet],3293033177418228,24.66,1899,1196,17,145.058.824,Conversas por mensagem iniciadas,2,12.33,2026-07-25,2026-07-25,
[AGO]_[N]_Card_Consórcio Day [Permanente],2026-07-25,active,campaign,AutoShow Concórdia [Chevrolet],3293033177418228,59.58,2891,2295,10,5.958,Conversas por mensagem iniciadas,6,9.93,2026-07-25,2026-07-25,
[JUL]_[N]_Card_Oferta_FeirãoTurbo,2026-07-24,inactive,campaign,AutoShow Concórdia [Chevrolet],3293033177418228,23.37,3361,2190,30,779,Conversas por mensagem iniciadas,3,7.79,2026-07-24,2026-07-24,
[JUL]_[N]_Card_Oferta,2026-07-24,inactive,campaign,AutoShow Concórdia [Chevrolet],3293033177418228,56.18,4031,2840,34,165.235.294,Conversas por mensagem iniciadas,4,14.045,2026-07-24,2026-07-24,
[JUL]_[N]_Vídeo_Oferta,2026-07-24,inactive,campaign,AutoShow Concórdia [Chevrolet],3293033177418228,17.47,879,737,6,291.166.667,Conversas por mensagem iniciadas,1,17.47,2026-07-24,2026-07-24,
[JUL]_[SN]_Carrossel_Oferta,2026-07-24,active,campaign,AutoShow Concórdia [Chevrolet],3293033177418228,27.92,1929,1221,28,99.714.286,Conversas por mensagem iniciadas,2,13.96,2026-07-24,2026-07-24,
[AGO]_[N]_Card_Consórcio Day [Permanente],2026-07-24,active,campaign,AutoShow Concórdia [Chevrolet],3293033177418228,58.8,3252,2493,13,452.307.692,Conversas por mensagem iniciadas,4,14.7,2026-07-24,2026-07-24,
[JUL]_[SN]_Carrossel_Oferta,2026-07-23,active,campaign,AutoShow Concórdia [Chevrolet],3293033177418228,25.87,1741,1074,23,112.478.261,Conversas por mensagem iniciadas,4,6.4675,2026-07-23,2026-07-23,
[AGO]_[N]_Card_Consórcio Day [Permanente],2026-07-23,active,campaign,AutoShow Concórdia [Chevrolet],3293033177418228,47.48,2457,1872,10,4.748,Conversas por mensagem iniciadas,4,11.87,2026-07-23,2026-07-23,
[JUL]_[N]_Vídeo_Oferta,2026-07-23,inactive,campaign,AutoShow Concórdia [Chevrolet],3293033177418228,18.67,789,623,6,311.166.667,Conversas por mensagem iniciadas,1,18.67,2026-07-23,2026-07-23,
[JUL]_[N]_Card_Oferta,2026-07-23,inactive,campaign,AutoShow Concórdia [Chevrolet],3293033177418228,57.07,3910,2647,35,163.057.143,Conversas por mensagem iniciadas,5,11.414,2026-07-23,2026-07-23,
[JUL]_[N]_Card_Oferta_FeirãoTurbo,2026-07-23,inactive,campaign,AutoShow Concórdia [Chevrolet],3293033177418228,23.37,3228,2023,20,1.1685,Conversas por mensagem iniciadas,2,11.685,2026-07-23,2026-07-23,
[JUL]_[N]_Card_Oferta_FeirãoTurbo,2026-07-22,inactive,campaign,AutoShow Concórdia [Chevrolet],3293033177418228,15.85,1256,831,8,198.125,Conversas por mensagem iniciadas,2,7.925,2026-07-22,2026-07-22,
[JUL]_[N]_Card_Oferta,2026-07-22,inactive,campaign,AutoShow Concórdia [Chevrolet],3293033177418228,62.58,5417,3889,38,164.684.211,Conversas por mensagem iniciadas,6,10.43,2026-07-22,2026-07-22,
[JUL]_[N]_Vídeo_Oferta,2026-07-22,inactive,campaign,AutoShow Concórdia [Chevrolet],3293033177418228,19.71,880,726,5,3.942,Conversas por mensagem iniciadas,1,19.71,2026-07-22,2026-07-22,
[JUL]_[SN]_Carrossel_Oferta,2026-07-22,active,campaign,AutoShow Concórdia [Chevrolet],3293033177418228,28.16,2036,1191,28,100.571.429,Conversas por mensagem iniciadas,2,14.08,2026-07-22,2026-07-22,
[AGO]_[N]_Card_Consórcio Day [Permanente],2026-07-22,active,campaign,AutoShow Concórdia [Chevrolet],3293033177418228,59.91,2911,2204,10,5.991,Conversas por mensagem iniciadas,2,29.955,2026-07-22,2026-07-22,
[JUL]_[N]_Card_Oferta,2026-07-21,inactive,campaign,AutoShow Concórdia [Chevrolet],3293033177418228,72.98,6735,4748,54,135.148.148,Conversas por mensagem iniciadas,5,14.596,2026-07-21,2026-07-21,
[JUL]_[N]_Vídeo_Oferta,2026-07-21,inactive,campaign,AutoShow Concórdia [Chevrolet],3293033177418228,24.78,1312,1046,6,4.13,,,,2026-07-21,2026-07-21,
[JUL]_[SN]_Carrossel_Oferta,2026-07-21,active,campaign,AutoShow Concórdia [Chevrolet],3293033177418228,38.25,3026,1695,45,0.85,Conversas por mensagem iniciadas,6,6.375,2026-07-21,2026-07-21,
[AGO]_[N]_Card_Consórcio Day [Permanente],2026-07-21,active,campaign,AutoShow Concórdia [Chevrolet],3293033177418228,77.49,3135,2466,18,4.305,Conversas por mensagem iniciadas,8,968.625,2026-07-21,2026-07-21,
[JUL]_[SN]_Carrossel_Oferta,2026-07-20,active,campaign,AutoShow Concórdia [Chevrolet],3293033177418228,34.78,3253,2174,25,1.3912,Conversas por mensagem iniciadas,2,17.39,2026-07-20,2026-07-20,
[AGO]_[N]_Card_Consórcio Day [Permanente],2026-07-20,active,campaign,AutoShow Concórdia [Chevrolet],3293033177418228,58.92,3620,2826,12,4.91,Conversas por mensagem iniciadas,3,19.64,2026-07-20,2026-07-20,
[JUL]_[N]_Card_Oferta,2026-07-20,inactive,campaign,AutoShow Concórdia [Chevrolet],3293033177418228,62.29,6465,4272,50,1.2458,Conversas por mensagem iniciadas,6,1.038.166.667,2026-07-20,2026-07-20,
[JUL]_[N]_Vídeo_Oferta,2026-07-20,inactive,campaign,AutoShow Concórdia [Chevrolet],3293033177418228,38.78,1973,1438,13,298.307.692,Conversas por mensagem iniciadas,2,19.39,2026-07-20,2026-07-20,
[JUL]_[N]_Card_Oferta,2026-07-19,inactive,campaign,AutoShow Concórdia [Chevrolet],3293033177418228,58.38,6581,4420,55,106.145.455,Conversas por mensagem iniciadas,3,19.46,2026-07-19,2026-07-19,
[JUL]_[N]_Vídeo_Oferta,2026-07-19,inactive,campaign,AutoShow Concórdia [Chevrolet],3293033177418228,43.32,2915,2251,18,240.666.667,Conversas por mensagem iniciadas,1,43.32,2026-07-19,2026-07-19,
[JUL]_[SN]_Carrossel_Oferta,2026-07-19,active,campaign,AutoShow Concórdia [Chevrolet],3293033177418228,29.94,3258,2143,44,68.045.455,,,,2026-07-19,2026-07-19,
[AGO]_[N]_Card_Consórcio Day [Permanente],2026-07-19,active,campaign,AutoShow Concórdia [Chevrolet],3293033177418228,57.56,4191,3175,20,2.878,Conversas por mensagem iniciadas,4,14.39,2026-07-19,2026-07-19,
[JUL]_[N]_Card_Oferta,2026-07-18,inactive,campaign,AutoShow Concórdia [Chevrolet],3293033177418228,37.49,3230,2268,33,113.606.061,Conversas por mensagem iniciadas,2,18.745,2026-07-18,2026-07-18,
[JUL]_[N]_Vídeo_Oferta,2026-07-18,inactive,campaign,AutoShow Concórdia [Chevrolet],3293033177418228,26.82,1754,1322,10,2.682,Conversas por mensagem iniciadas,3,8.94,2026-07-18,2026-07-18,
[JUL]_[SN]_Carrossel_Oferta,2026-07-18,active,campaign,AutoShow Concórdia [Chevrolet],3293033177418228,19.27,1603,1138,26,74.115.385,Conversas por mensagem iniciadas,4,4.8175,2026-07-18,2026-07-18,
[AGO]_[N]_Card_Consórcio Day [Permanente],2026-07-18,active,campaign,AutoShow Concórdia [Chevrolet],3293033177418228,42.22,2561,2065,13,324.769.231,Conversas por mensagem iniciadas,4,10.555,2026-07-18,2026-07-18,
[JUL]_[SN]_Carrossel_Oferta,2026-07-17,active,campaign,AutoShow Concórdia [Chevrolet],3293033177418228,23.07,1710,1148,19,121.421.053,Conversas por mensagem iniciadas,1,23.07,2026-07-17,2026-07-17,
[AGO]_[N]_Card_Consórcio Day [Permanente],2026-07-17,active,campaign,AutoShow Concórdia [Chevrolet],3293033177418228,43.65,2287,1976,7,623.571.429,,,,2026-07-17,2026-07-17,
[JUL]_[N]_Vídeo_Oferta,2026-07-17,inactive,campaign,AutoShow Concórdia [Chevrolet],3293033177418228,32.91,1899,1408,13,253.153.846,Conversas por mensagem iniciadas,3,10.97,2026-07-17,2026-07-17,
[JUL]_[N]_Card_Oferta,2026-07-17,inactive,campaign,AutoShow Concórdia [Chevrolet],3293033177418228,43.23,4318,3033,39,110.846.154,,,,2026-07-17,2026-07-17,
[JUL]_[N]_Card_Oferta,2026-07-16,inactive,campaign,AutoShow Concórdia [Chevrolet],3293033177418228,49.86,5331,3603,32,1.558.125,,,,2026-07-16,2026-07-16,
[JUL]_[N]_Vídeo_Oferta,2026-07-16,inactive,campaign,AutoShow Concórdia [Chevrolet],3293033177418228,37.75,2583,1840,15,251.666.667,Conversas por mensagem iniciadas,1,37.75,2026-07-16,2026-07-16,
[JUL]_[SN]_Carrossel_Oferta,2026-07-16,active,campaign,AutoShow Concórdia [Chevrolet],3293033177418228,25.34,2387,1545,29,8.737.931,Conversas por mensagem iniciadas,2,12.67,2026-07-16,2026-07-16,
[AGO]_[N]_Card_Consórcio Day [Permanente],2026-07-16,active,campaign,AutoShow Concórdia [Chevrolet],3293033177418228,48.88,2973,2318,10,4.888,Conversas por mensagem iniciadas,3,1.629.333.333,2026-07-16,2026-07-16,
[JUL]_[N]_Card_Oferta,2026-07-15,inactive,campaign,AutoShow Concórdia [Chevrolet],3293033177418228,68.98,5871,3876,43,160.418.605,Conversas por mensagem iniciadas,2,34.49,2026-07-15,2026-07-15,
[JUL]_[N]_Vídeo_Oferta,2026-07-15,inactive,campaign,AutoShow Concórdia [Chevrolet],3293033177418228,44.09,2262,1588,21,209.952.381,Conversas por mensagem iniciadas,4,11.0225,2026-07-15,2026-07-15,
[JUL]_[SN]_Carrossel_Oferta,2026-07-15,active,campaign,AutoShow Concórdia [Chevrolet],3293033177418228,41.31,3219,2151,50,8.262,Conversas por mensagem iniciadas,2,20.655,2026-07-15,2026-07-15,
[AGO]_[N]_Card_Consórcio Day [Permanente],2026-07-15,active,campaign,AutoShow Concórdia [Chevrolet],3293033177418228,70.89,3409,2629,11,644.454.545,Conversas por mensagem iniciadas,4,177.225,2026-07-15,2026-07-15,
[AGO]_[N]_Card_Consórcio Day [Permanente],2026-07-14,active,campaign,AutoShow Concórdia [Chevrolet],3293033177418228,91.1,4344,3408,13,700.769.231,Conversas por mensagem iniciadas,3,3.036.666.667,2026-07-14,2026-07-14,
[JUL]_[N]_Card_Oferta,2026-07-14,inactive,campaign,AutoShow Concórdia [Chevrolet],3293033177418228,77.87,5338,3445,49,158.918.367,Conversas por mensagem iniciadas,4,194.675,2026-07-14,2026-07-14,
[JUL]_[N]_Vídeo_Oferta,2026-07-14,inactive,campaign,AutoShow Concórdia [Chevrolet],3293033177418228,27.93,1477,1091,7,3.99,Conversas por mensagem iniciadas,1,27.93,2026-07-14,2026-07-14,
[JUL]_[SN]_Carrossel_Oferta,2026-07-14,active,campaign,AutoShow Concórdia [Chevrolet],3293033177418228,44.39,3561,2409,39,113.820.513,Conversas por mensagem iniciadas,2,22.195,2026-07-14,2026-07-14,
[AGO]_[N]_Card_Consórcio Day [Permanente],2026-07-13,active,campaign,AutoShow Concórdia [Chevrolet],3293033177418228,71.25,2854,2151,9,791.666.667,,,,2026-07-13,2026-07-13,
[JUL]_[SN]_Carrossel_Oferta,2026-07-13,active,campaign,AutoShow Concórdia [Chevrolet],3293033177418228,31.01,2294,1485,18,172.277.778,Conversas por mensagem iniciadas,1,31.01,2026-07-13,2026-07-13,
[JUL]_[N]_Vídeo_Oferta,2026-07-13,inactive,campaign,AutoShow Concórdia [Chevrolet],3293033177418228,20.09,997,720,5,4.018,,,,2026-07-13,2026-07-13,
[JUL]_[N]_Card_Oferta [Chance única] [E:13.07],2026-07-13,inactive,campaign,AutoShow Concórdia [Chevrolet],3293033177418228,6.43,849,696,5,1.286,,,,2026-07-13,2026-07-13,
[JUL]_[N]_Card_Oferta,2026-07-13,inactive,campaign,AutoShow Concórdia [Chevrolet],3293033177418228,56.52,3056,1782,35,161.485.714,Conversas por mensagem iniciadas,4,14.13,2026-07-13,2026-07-13,
[JUL]_[N]_Vídeo_Oferta,2026-07-12,inactive,campaign,AutoShow Concórdia [Chevrolet],3293033177418228,19.66,939,615,6,327.666.667,Conversas por mensagem iniciadas,2,9.83,2026-07-12,2026-07-12,
[JUL]_[N]_Card_Oferta [Chance única] [E:13.07],2026-07-12,inactive,campaign,AutoShow Concórdia [Chevrolet],3293033177418228,51.47,5698,3795,37,139.108.108,Conversas por mensagem iniciadas,1,51.47,2026-07-12,2026-07-12,
[JUL]_[SN]_Carrossel_Oferta,2026-07-12,active,campaign,AutoShow Concórdia [Chevrolet],3293033177418228,25.6,2506,1664,29,88.275.862,,,,2026-07-12,2026-07-12,
[AGO]_[N]_Card_Consórcio Day [Permanente],2026-07-12,active,campaign,AutoShow Concórdia [Chevrolet],3293033177418228,51.98,2466,1955,8,6.4975,Conversas por mensagem iniciadas,5,10.396,2026-07-12,2026-07-12,
[JUL]_[SN]_Carrossel_Oferta,2026-07-11,active,campaign,AutoShow Concórdia [Chevrolet],3293033177418228,20.5,1931,1292,24,85.416.667,Conversas por mensagem iniciadas,2,10.25,2026-07-11,2026-07-11,
[AGO]_[N]_Card_Consórcio Day [Permanente],2026-07-11,active,campaign,AutoShow Concórdia [Chevrolet],3293033177418228,48.77,2906,2266,15,325.133.333,Conversas por mensagem iniciadas,3,1.625.666.667,2026-07-11,2026-07-11,
[JUL]_[N]_Card_Oferta [Chance única] [E:13.07],2026-07-11,inactive,campaign,AutoShow Concórdia [Chevrolet],3293033177418228,45.14,7732,5388,49,92.122.449,Conversas por mensagem iniciadas,3,1.504.666.667,2026-07-11,2026-07-11,
[JUL]_[N]_Vídeo_Oferta,2026-07-11,inactive,campaign,AutoShow Concórdia [Chevrolet],3293033177418228,17.35,1041,643,9,192.777.778,Conversas por mensagem iniciadas,3,578.333.333,2026-07-11,2026-07-11,
[AGO]_[N]_Card_Consórcio Day [Permanente],2026-07-10,active,campaign,AutoShow Concórdia [Chevrolet],3293033177418228,52.43,1926,1543,7,7.49,Conversas por mensagem iniciadas,5,10.486,2026-07-10,2026-07-10,
[JUL]_[SN]_Carrossel_Oferta,2026-07-10,active,campaign,AutoShow Concórdia [Chevrolet],3293033177418228,23.08,1884,1189,39,59.179.487,Conversas por mensagem iniciadas,3,769.333.333,2026-07-10,2026-07-10,
[JUL]_[N]_Card_Oferta [Chance única] [E:13.07],2026-07-10,inactive,campaign,AutoShow Concórdia [Chevrolet],3293033177418228,48.13,5191,3388,26,185.115.385,Conversas por mensagem iniciadas,2,24.065,2026-07-10,2026-07-10,
[JUL]_[N]_Vídeo_Oferta,2026-07-10,inactive,campaign,AutoShow Concórdia [Chevrolet],3293033177418228,6.8,515,361,2,3.4,,,,2026-07-10,2026-07-10,
[JUL]_[N]_Card_Oferta [Chance única] [E:13.07],2026-07-09,inactive,campaign,AutoShow Concórdia [Chevrolet],3293033177418228,52.02,7751,5506,44,118.227.273,Conversas por mensagem iniciadas,2,26.01,2026-07-09,2026-07-09,
[JUL]_[SN]_Carrossel_Oferta,2026-07-09,active,campaign,AutoShow Concórdia [Chevrolet],3293033177418228,22.81,1775,1221,25,9.124,Conversas por mensagem iniciadas,1,22.81,2026-07-09,2026-07-09,
[AGO]_[N]_Card_Consórcio Day [Permanente],2026-07-09,active,campaign,AutoShow Concórdia [Chevrolet],3293033177418228,38.05,1695,1384,5,7.61,Conversas por mensagem iniciadas,3,1.268.333.333,2026-07-09,2026-07-09,
[JUL]_[N]_Card_Oferta [Chance única] [E:13.07],2026-07-08,inactive,campaign,AutoShow Concórdia [Chevrolet],3293033177418228,62.58,7309,5143,35,1.788,Conversas por mensagem iniciadas,2,31.29,2026-07-08,2026-07-08,
[JUL]_[SN]_Carrossel_Oferta,2026-07-08,active,campaign,AutoShow Concórdia [Chevrolet],3293033177418228,31.07,2304,1489,38,81.763.158,Conversas por mensagem iniciadas,3,1.035.666.667,2026-07-08,2026-07-08,
[AGO]_[N]_Card_Consórcio Day [Permanente],2026-07-08,active,campaign,AutoShow Concórdia [Chevrolet],3293033177418228,60.65,1981,1541,11,551.363.636,Conversas por mensagem iniciadas,2,30.325,2026-07-08,2026-07-08,
[JUL]_[N]_Card_Oferta [Chance única] [E:13.07],2026-07-07,inactive,campaign,AutoShow Concórdia [Chevrolet],3293033177418228,82.51,7669,5356,44,187.522.727,Conversas por mensagem iniciadas,3,2.750.333.333,2026-07-07,2026-07-07,
[JUL]_[SN]_Carrossel_Oferta,2026-07-07,active,campaign,AutoShow Concórdia [Chevrolet],3293033177418228,43.98,3214,2036,40,1.0995,Conversas por mensagem iniciadas,3,14.66,2026-07-07,2026-07-07,
[AGO]_[N]_Card_Consórcio Day [Permanente],2026-07-07,active,campaign,AutoShow Concórdia [Chevrolet],3293033177418228,82.45,2873,2210,12,687.083.333,Conversas por mensagem iniciadas,5,16.49,2026-07-07,2026-07-07,
[AGO]_[N]_Card_Consórcio Day [Permanente],2026-07-06,active,campaign,AutoShow Concórdia [Chevrolet],3293033177418228,81.06,3682,2706,7,11.58,Conversas por mensagem iniciadas,1,81.06,2026-07-06,2026-07-06,
[JUL]_[SN]_Carrossel_Oferta,2026-07-06,active,campaign,AutoShow Concórdia [Chevrolet],3293033177418228,42.87,2727,1652,36,119.083.333,Conversas por mensagem iniciadas,2,21.435,2026-07-06,2026-07-06,
[JUL]_[N]_Card_Oferta [Chance única] [E:13.07],2026-07-06,inactive,campaign,AutoShow Concórdia [Chevrolet],3293033177418228,76.37,8505,5350,50,1.5274,Conversas por mensagem iniciadas,1,76.37,2026-07-06,2026-07-06,
[JUL]_[N]_Card_Oferta [Chance única] [E:13.07],2026-07-05,inactive,campaign,AutoShow Concórdia [Chevrolet],3293033177418228,53.22,5934,3903,36,147.833.333,Conversas por mensagem iniciadas,3,17.74,2026-07-05,2026-07-05,
[JUL]_[SN]_Carrossel_Oferta,2026-07-05,active,campaign,AutoShow Concórdia [Chevrolet],3293033177418228,25.3,2420,1670,29,87.241.379,Conversas por mensagem iniciadas,1,25.3,2026-07-05,2026-07-05,
[AGO]_[N]_Card_Consórcio Day [Permanente],2026-07-05,active,campaign,AutoShow Concórdia [Chevrolet],3293033177418228,55.85,3055,2387,15,372.333.333,Conversas por mensagem iniciadas,6,930.833.333,2026-07-05,2026-07-05,
[JUL]_[N]_Card_Oferta [Chance única] [E:13.07],2026-07-04,inactive,campaign,AutoShow Concórdia [Chevrolet],3293033177418228,71.73,9354,6188,39,183.923.077,Conversas por mensagem iniciadas,2,35.865,2026-07-04,2026-07-04,
[JUL]_[SN]_Carrossel_Oferta,2026-07-04,active,campaign,AutoShow Concórdia [Chevrolet],3293033177418228,26.29,2672,1756,31,84.806.452,Conversas por mensagem iniciadas,3,876.333.333,2026-07-04,2026-07-04,
[AGO]_[N]_Card_Consórcio Day [Permanente],2026-07-04,active,campaign,AutoShow Concórdia [Chevrolet],3293033177418228,78.89,4688,3467,23,3.43,Conversas por mensagem iniciadas,8,986.125,2026-07-04,2026-07-04,
[JUL]_[N]_Card_Oferta [Chance única] [E:13.07],2026-07-03,inactive,campaign,AutoShow Concórdia [Chevrolet],3293033177418228,54.44,5925,3828,36,151.222.222,Conversas por mensagem iniciadas,1,54.44,2026-07-03,2026-07-03,
[JUL]_[SN]_Carrossel_Oferta,2026-07-03,active,campaign,AutoShow Concórdia [Chevrolet],3293033177418228,22.37,1785,1071,23,9.726.087,Conversas por mensagem iniciadas,1,22.37,2026-07-03,2026-07-03,
[AGO]_[N]_Card_Consórcio Day [Permanente],2026-07-03,active,campaign,AutoShow Concórdia [Chevrolet],3293033177418228,64.58,3224,2469,7,922.571.429,Conversas por mensagem iniciadas,3,2.152.666.667,2026-07-03,2026-07-03,
[JUL]_[N]_Card_Oferta [Chance única] [E:13.07],2026-07-02,inactive,campaign,AutoShow Concórdia [Chevrolet],3293033177418228,48.76,5348,3793,19,256.631.579,,,,2026-07-02,2026-07-02,
[JUL]_[SN]_Carrossel_Oferta,2026-07-02,active,campaign,AutoShow Concórdia [Chevrolet],3293033177418228,31.11,2800,1693,31,100.354.839,Conversas por mensagem iniciadas,3,10.37,2026-07-02,2026-07-02,
[AGO]_[N]_Card_Consórcio Day [Permanente],2026-07-02,active,campaign,AutoShow Concórdia [Chevrolet],3293033177418228,39.1,2683,2326,14,279.285.714,Conversas por mensagem iniciadas,7,558.571.429,2026-07-02,2026-07-02,
[JUL]_[SN]_Carrossel_Oferta,2026-07-01,active,campaign,AutoShow Concórdia [Chevrolet],3293033177418228,24.18,1888,1242,31,0.78,Conversas por mensagem iniciadas,3,08.06,2026-07-01,2026-07-01,
[JUN]_[N]_Card_Chance Única - 06/2026,2026-07-01,inactive,campaign,AutoShow Concórdia [Chevrolet],3293033177418228,29.4,3396,2830,15,1.96,Conversas por mensagem iniciadas,1,29.4,2026-07-01,2026-07-01,
[JUL]_[N]_Card_Oferta [Chance única] [E:13.07],2026-07-01,inactive,campaign,AutoShow Concórdia [Chevrolet],3293033177418228,22.86,1790,1221,13,175.846.154,Conversas por mensagem iniciadas,2,11.43,2026-07-01,2026-07-01,
[AGO]_[N]_Card_Consórcio Day [Permanente],2026-07-01,active,campaign,AutoShow Concórdia [Chevrolet],3293033177418228,37.53,3633,3174,11,341.181.818,Conversas por mensagem iniciadas,4,9.3825,2026-07-01,2026-07-01,
[JUL]_[N]_Card_Oferta — Feirão Prorrogado,2026-07-31,inactive,campaign,AutoShow Lages [Chevrolet],444965579796662,41.82,1500,1054,11,380.181.818,Conversas por mensagem iniciadas,1,41.82,2026-07-31,2026-07-31,
[JUL]_[N]_Card_Oferta,2026-07-31,inactive,campaign,AutoShow Lages [Chevrolet],444965579796662,61.32,4302,3243,45,136.266.667,Conversas por mensagem iniciadas,7,8.76,2026-07-31,2026-07-31,
[AGO]_[N]_Card_Consórcio Day [Permanente],2026-07-31,active,campaign,AutoShow Lages [Chevrolet],444965579796662,39.2,1163,966,11,356.363.636,Conversas por mensagem iniciadas,7,5.6,2026-07-31,2026-07-31,
[JUN]_[SN]_Carrossel_Ofertas,2026-07-31,active,campaign,AutoShow Lages [Chevrolet],444965579796662,43.38,3027,1796,69,62.869.565,Conversas por mensagem iniciadas,9,4.82,2026-07-31,2026-07-31,
[JUL]_[N]_Card_Oferta — Feirão Prorrogado,2026-07-30,inactive,campaign,AutoShow Lages [Chevrolet],444965579796662,37.43,1490,1110,11,340.272.727,Conversas por mensagem iniciadas,1,37.43,2026-07-30,2026-07-30,
[JUL]_[N]_Card_Oferta,2026-07-30,inactive,campaign,AutoShow Lages [Chevrolet],444965579796662,76.53,4929,3527,50,1.5306,Conversas por mensagem iniciadas,7,1.093.285.714,2026-07-30,2026-07-30,
[AGO]_[N]_Card_Consórcio Day [Permanente],2026-07-30,active,campaign,AutoShow Lages [Chevrolet],444965579796662,48.95,1126,1001,6,815.833.333,Conversas por mensagem iniciadas,4,12.2375,2026-07-30,2026-07-30,
[JUN]_[SN]_Carrossel_Ofertas,2026-07-30,active,campaign,AutoShow Lages [Chevrolet],444965579796662,49.2,3480,2011,125,3.936,Conversas por mensagem iniciadas,14,351.428.571,2026-07-30,2026-07-30,
[JUL]_[N]_Card_Oferta — Feirão Prorrogado,2026-07-29,inactive,campaign,AutoShow Lages [Chevrolet],444965579796662,68.58,2889,2192,25,2.7432,Conversas por mensagem iniciadas,2,34.29,2026-07-29,2026-07-29,
[JUL]_[N]_Card_Oferta,2026-07-29,inactive,campaign,AutoShow Lages [Chevrolet],444965579796662,103.88,6777,4842,81,128.246.914,Conversas por mensagem iniciadas,17,611.058.824,2026-07-29,2026-07-29,
[AGO]_[N]_Card_Consórcio Day [Permanente],2026-07-29,active,campaign,AutoShow Lages [Chevrolet],444965579796662,51.86,1721,1539,18,288.111.111,Conversas por mensagem iniciadas,9,576.222.222,2026-07-29,2026-07-29,
[JUN]_[SN]_Carrossel_Ofertas,2026-07-29,active,campaign,AutoShow Lages [Chevrolet],444965579796662,61.44,4324,2596,102,60.235.294,Conversas por mensagem iniciadas,7,877.714.286,2026-07-29,2026-07-29,
[JUN]_[SN]_Carrossel_Ofertas,2026-07-28,active,campaign,AutoShow Lages [Chevrolet],444965579796662,83.89,5351,3129,143,58.664.336,Conversas por mensagem iniciadas,11,762.636.364,2026-07-28,2026-07-28,
[AGO]_[N]_Card_Consórcio Day [Permanente],2026-07-28,active,campaign,AutoShow Lages [Chevrolet],444965579796662,85.54,2556,2103,24,356.416.667,Conversas por mensagem iniciadas,19,450.210.526,2026-07-28,2026-07-28,
[JUL]_[N]_Card_Oferta,2026-07-28,inactive,campaign,AutoShow Lages [Chevrolet],444965579796662,127.9,9765,6790,99,129.191.919,Conversas por mensagem iniciadas,11,1.162.727.273,2026-07-28,2026-07-28,
[JUL]_[N]_Card_Oferta — Feirão Prorrogado,2026-07-28,inactive,campaign,AutoShow Lages [Chevrolet],444965579796662,85.01,3401,2015,33,257.606.061,Conversas por mensagem iniciadas,1,85.01,2026-07-28,2026-07-28,
[JUL]_[N]_Card_Oferta — Feirão Prorrogado,2026-07-27,inactive,campaign,AutoShow Lages [Chevrolet],444965579796662,17.19,737,513,3,5.73,,,,2026-07-27,2026-07-27,
[JUL]_[N]_Card_Oferta,2026-07-27,inactive,campaign,AutoShow Lages [Chevrolet],444965579796662,120.13,6773,4929,74,162.337.838,Conversas por mensagem iniciadas,7,1.716.142.857,2026-07-27,2026-07-27,
[AGO]_[N]_Card_Consórcio Day [Permanente],2026-07-27,active,campaign,AutoShow Lages [Chevrolet],444965579796662,71.08,2624,2234,23,309.043.478,Conversas por mensagem iniciadas,19,374.105.263,2026-07-27,2026-07-27,
[JUN]_[SN]_Carrossel_Ofertas,2026-07-27,active,campaign,AutoShow Lages [Chevrolet],444965579796662,65.02,3379,1987,85,76.494.118,Conversas por mensagem iniciadas,12,541.833.333,2026-07-27,2026-07-27,
[AGO]_[N]_Card_Consórcio Day [Permanente],2026-07-26,active,campaign,AutoShow Lages [Chevrolet],444965579796662,20.08,640,544,7,286.857.143,Conversas por mensagem iniciadas,4,05.02,2026-07-26,2026-07-26,
[JUN]_[SN]_Carrossel_Ofertas,2026-07-26,active,campaign,AutoShow Lages [Chevrolet],444965579796662,25.69,2186,1410,49,52.428.571,Conversas por mensagem iniciadas,4,6.4225,2026-07-26,2026-07-26,
[JUL]_[N]_Card_Oferta,2026-07-26,inactive,campaign,AutoShow Lages [Chevrolet],444965579796662,51.35,3705,2661,32,16.046.875,Conversas por mensagem iniciadas,4,12.8375,2026-07-26,2026-07-26,
[JUL]_[N]_Card_Oferta_FeirãoTurbo,2026-07-26,completed,campaign,AutoShow Lages [Chevrolet],444965579796662,16.31,1509,1028,7,2.33,Conversas por mensagem iniciadas,1,16.31,2026-07-26,2026-07-26,
[JUL]_[N]_Card_Oferta_FeirãoTurbo,2026-07-25,completed,campaign,AutoShow Lages [Chevrolet],444965579796662,20.69,1623,1066,11,188.090.909,Conversas por mensagem iniciadas,4,5.1725,2026-07-25,2026-07-25,
[JUL]_[N]_Card_Oferta,2026-07-25,inactive,campaign,AutoShow Lages [Chevrolet],444965579796662,52.82,3535,2535,31,170.387.097,Conversas por mensagem iniciadas,1,52.82,2026-07-25,2026-07-25,
[JUL]_[N]_Vídeo_Oferta S10,2026-07-25,inactive,campaign,AutoShow Lages [Chevrolet],444965579796662,6.44,275,240,,,,,,2026-07-25,2026-07-25,
[AGO]_[N]_Card_Consórcio Day [Permanente],2026-07-25,active,campaign,AutoShow Lages [Chevrolet],444965579796662,15.87,500,450,7,226.714.286,Conversas por mensagem iniciadas,5,3.174,2026-07-25,2026-07-25,
[JUN]_[SN]_Carrossel_Ofertas,2026-07-25,active,campaign,AutoShow Lages [Chevrolet],444965579796662,22.01,1811,1169,55,40.018.182,Conversas por mensagem iniciadas,4,5.5025,2026-07-25,2026-07-25,
[AGO]_[N]_Card_Consórcio Day [Permanente],2026-07-24,active,campaign,AutoShow Lages [Chevrolet],444965579796662,17.98,613,530,7,256.857.143,Conversas por mensagem iniciadas,3,599.333.333,2026-07-24,2026-07-24,
[JUN]_[SN]_Carrossel_Ofertas,2026-07-24,active,campaign,AutoShow Lages [Chevrolet],444965579796662,22.2,1871,1169,52,42.692.308,Conversas por mensagem iniciadas,3,7.4,2026-07-24,2026-07-24,
[JUL]_[N]_Vídeo_Oferta S10,2026-07-24,inactive,campaign,AutoShow Lages [Chevrolet],444965579796662,18.75,723,603,6,3.125,,,,2026-07-24,2026-07-24,
[JUL]_[N]_Card_Oferta_FeirãoTurbo,2026-07-24,completed,campaign,AutoShow Lages [Chevrolet],444965579796662,26.15,2127,1297,15,174.333.333,Conversas por mensagem iniciadas,2,13.075,2026-07-24,2026-07-24,
[JUL]_[N]_Card_Oferta,2026-07-24,inactive,campaign,AutoShow Lages [Chevrolet],444965579796662,61.76,3708,2605,24,257.333.333,Conversas por mensagem iniciadas,4,15.44,2026-07-24,2026-07-24,
[JUL]_[N]_Card_Oferta_FeirãoTurbo,2026-07-23,completed,campaign,AutoShow Lages [Chevrolet],444965579796662,26.25,2113,1171,12,2.1875,Conversas por mensagem iniciadas,2,13.125,2026-07-23,2026-07-23,
[JUL]_[N]_Card_Oferta,2026-07-23,inactive,campaign,AutoShow Lages [Chevrolet],444965579796662,56.27,3536,2526,32,17.584.375,Conversas por mensagem iniciadas,2,28.135,2026-07-23,2026-07-23,
[JUL]_[N]_Vídeo_Oferta S10,2026-07-23,inactive,campaign,AutoShow Lages [Chevrolet],444965579796662,21.65,597,486,2,10.825,Conversas por mensagem iniciadas,2,10.825,2026-07-23,2026-07-23,
[AGO]_[N]_Card_Consórcio Day [Permanente],2026-07-23,active,campaign,AutoShow Lages [Chevrolet],444965579796662,20.72,731,612,14,1.48,Conversas por mensagem iniciadas,5,4.144,2026-07-23,2026-07-23,
[JUN]_[SN]_Carrossel_Ofertas,2026-07-23,active,campaign,AutoShow Lages [Chevrolet],444965579796662,27.53,1982,1168,56,49.160.714,Conversas por mensagem iniciadas,11,250.272.727,2026-07-23,2026-07-23,
[JUL]_[N]_Card_Oferta_FeirãoTurbo,2026-07-22,completed,campaign,AutoShow Lages [Chevrolet],444965579796662,11.96,1057,669,10,1.196,,,,2026-07-22,2026-07-22,
[JUL]_[N]_Card_Oferta,2026-07-22,inactive,campaign,AutoShow Lages [Chevrolet],444965579796662,59.56,3873,2685,39,152.717.949,Conversas por mensagem iniciadas,5,11.912,2026-07-22,2026-07-22,
[JUL]_[N]_Vídeo_Oferta S10,2026-07-22,inactive,campaign,AutoShow Lages [Chevrolet],444965579796662,22.43,957,754,6,373.833.333,Conversas por mensagem iniciadas,1,22.43,2026-07-22,2026-07-22,
[AGO]_[N]_Card_Consórcio Day [Permanente],2026-07-22,active,campaign,AutoShow Lages [Chevrolet],444965579796662,21.32,1192,951,9,236.888.889,Conversas por mensagem iniciadas,6,355.333.333,2026-07-22,2026-07-22,
[JUN]_[SN]_Carrossel_Ofertas,2026-07-22,active,campaign,AutoShow Lages [Chevrolet],444965579796662,30.95,2570,1466,55,56.272.727,Conversas por mensagem iniciadas,9,343.888.889,2026-07-22,2026-07-22,
[JUN]_[SN]_Carrossel_Ofertas,2026-07-21,active,campaign,AutoShow Lages [Chevrolet],444965579796662,40.25,2699,1626,79,50.949.367,Conversas por mensagem iniciadas,10,4.025,2026-07-21,2026-07-21,
[AGO]_[N]_Card_Consórcio Day [Permanente],2026-07-21,active,campaign,AutoShow Lages [Chevrolet],444965579796662,23.49,1284,1034,5,4.698,Conversas por mensagem iniciadas,4,5.8725,2026-07-21,2026-07-21,
[JUL]_[N]_Vídeo_Oferta S10,2026-07-21,inactive,campaign,AutoShow Lages [Chevrolet],444965579796662,23.97,917,713,3,7.99,,,,2026-07-21,2026-07-21,
[JUL]_[N]_Card_Oferta,2026-07-21,inactive,campaign,AutoShow Lages [Chevrolet],444965579796662,69.89,5331,3523,42,166.404.762,Conversas por mensagem iniciadas,2,34.945,2026-07-21,2026-07-21,
[JUL]_[N]_Card_Oferta,2026-07-20,inactive,campaign,AutoShow Lages [Chevrolet],444965579796662,65.29,5474,3720,66,98.924.242,Conversas por mensagem iniciadas,4,163.225,2026-07-20,2026-07-20,
[JUL]_[N]_Vídeo_Oferta S10,2026-07-20,inactive,campaign,AutoShow Lages [Chevrolet],444965579796662,34.91,1625,1231,11,317.363.636,Conversas por mensagem iniciadas,4,8.7275,2026-07-20,2026-07-20,
[AGO]_[N]_Card_Consórcio Day [Permanente],2026-07-20,active,campaign,AutoShow Lages [Chevrolet],444965579796662,20.49,1197,969,10,2.049,Conversas por mensagem iniciadas,4,5.1225,2026-07-20,2026-07-20,
[JUN]_[SN]_Carrossel_Ofertas,2026-07-20,active,campaign,AutoShow Lages [Chevrolet],444965579796662,35.03,2616,1732,53,6.609.434,Conversas por mensagem iniciadas,2,17.515,2026-07-20,2026-07-20,
[JUL]_[N]_Card_Oferta,2026-07-19,inactive,campaign,AutoShow Lages [Chevrolet],444965579796662,54.08,4551,3190,58,93.241.379,Conversas por mensagem iniciadas,6,901.333.333,2026-07-19,2026-07-19,
[JUL]_[N]_Vídeo_Oferta S10,2026-07-19,inactive,campaign,AutoShow Lages [Chevrolet],444965579796662,37.5,1828,1343,14,267.857.143,Conversas por mensagem iniciadas,3,12.5,2026-07-19,2026-07-19,
[AGO]_[N]_Card_Consórcio Day [Permanente],2026-07-19,active,campaign,AutoShow Lages [Chevrolet],444965579796662,19.88,1293,1073,7,2.84,Conversas por mensagem iniciadas,3,662.666.667,2026-07-19,2026-07-19,
[JUN]_[SN]_Carrossel_Ofertas,2026-07-19,active,campaign,AutoShow Lages [Chevrolet],444965579796662,31.27,2416,1537,47,66.531.915,Conversas por mensagem iniciadas,3,1.042.333.333,2026-07-19,2026-07-19,
[JUN]_[SN]_Carrossel_Ofertas,2026-07-18,active,campaign,AutoShow Lages [Chevrolet],444965579796662,19.75,1624,1091,26,75.961.538,Conversas por mensagem iniciadas,4,4.9375,2026-07-18,2026-07-18,
[JUL]_[N]_Card_Oferta,2026-07-18,inactive,campaign,AutoShow Lages [Chevrolet],444965579796662,39.48,3129,2226,42,0.94,Conversas por mensagem iniciadas,3,13.16,2026-07-18,2026-07-18,
[JUL]_[N]_Vídeo_Oferta S10,2026-07-18,inactive,campaign,AutoShow Lages [Chevrolet],444965579796662,28.92,1152,846,9,321.333.333,Conversas por mensagem iniciadas,3,9.64,2026-07-18,2026-07-18,
[JUL]_[N]_Card_Oferta [Chance única][E: 13.07],2026-07-18,inactive,campaign,AutoShow Lages [Chevrolet],444965579796662,0,0,0,,,Conversas por mensagem iniciadas,1,0,2026-07-18,2026-07-18,
[AGO]_[N]_Card_Consórcio Day [Permanente],2026-07-18,active,campaign,AutoShow Lages [Chevrolet],444965579796662,14.78,804,645,8,1.8475,Conversas por mensagem iniciadas,2,7.39,2026-07-18,2026-07-18,
[AGO]_[N]_Card_Consórcio Day [Permanente],2026-07-17,active,campaign,AutoShow Lages [Chevrolet],444965579796662,14.3,737,643,3,476.666.667,Conversas por mensagem iniciadas,2,7.15,2026-07-17,2026-07-17,
[JUL]_[N]_Card_Oferta,2026-07-17,inactive,campaign,AutoShow Lages [Chevrolet],444965579796662,45.41,3367,2297,46,98.717.391,Conversas por mensagem iniciadas,3,1.513.666.667,2026-07-17,2026-07-17,
[JUL]_[N]_Vídeo_Oferta S10,2026-07-17,inactive,campaign,AutoShow Lages [Chevrolet],444965579796662,34.25,1415,1018,8,428.125,Conversas por mensagem iniciadas,2,17.125,2026-07-17,2026-07-17,
[JUN]_[SN]_Carrossel_Ofertas,2026-07-17,active,campaign,AutoShow Lages [Chevrolet],444965579796662,20.4,1853,1240,27,75.555.556,Conversas por mensagem iniciadas,1,20.4,2026-07-17,2026-07-17,
[JUL]_[N]_Card_Oferta,2026-07-16,inactive,campaign,AutoShow Lages [Chevrolet],444965579796662,53.1,3896,2597,46,115.434.783,Conversas por mensagem iniciadas,6,8.85,2026-07-16,2026-07-16,
[JUL]_[N]_Vídeo_Oferta S10,2026-07-16,inactive,campaign,AutoShow Lages [Chevrolet],444965579796662,41.07,1663,1169,8,513.375,Conversas por mensagem iniciadas,4,10.2675,2026-07-16,2026-07-16,
[AGO]_[N]_Card_Consórcio Day [Permanente],2026-07-16,active,campaign,AutoShow Lages [Chevrolet],444965579796662,15.92,920,760,6,265.333.333,Conversas por mensagem iniciadas,3,530.666.667,2026-07-16,2026-07-16,
[JUN]_[SN]_Carrossel_Ofertas,2026-07-16,active,campaign,AutoShow Lages [Chevrolet],444965579796662,25.59,2021,1258,33,77.545.455,Conversas por mensagem iniciadas,6,4.265,2026-07-16,2026-07-16,
[JUL]_[N]_Card_Oferta,2026-07-15,inactive,campaign,AutoShow Lages [Chevrolet],444965579796662,73.81,5341,3601,60,123.016.667,Conversas por mensagem iniciadas,7,1.054.428.571,2026-07-15,2026-07-15,
[JUL]_[N]_Vídeo_Oferta S10,2026-07-15,inactive,campaign,AutoShow Lages [Chevrolet],444965579796662,40.12,1609,1238,10,4.012,Conversas por mensagem iniciadas,3,1.337.333.333,2026-07-15,2026-07-15,
[AGO]_[N]_Card_Consórcio Day [Permanente],2026-07-15,active,campaign,AutoShow Lages [Chevrolet],444965579796662,24.5,1060,901,10,2.45,Conversas por mensagem iniciadas,6,408.333.333,2026-07-15,2026-07-15,
[JUN]_[SN]_Carrossel_Ofertas,2026-07-15,active,campaign,AutoShow Lages [Chevrolet],444965579796662,37.06,2721,1765,61,60.754.098,Conversas por mensagem iniciadas,7,529.428.571,2026-07-15,2026-07-15,
[JUL]_[N]_Card_Oferta,2026-07-14,inactive,campaign,AutoShow Lages [Chevrolet],444965579796662,77.24,3855,2438,41,188.390.244,Conversas por mensagem iniciadas,5,15.448,2026-07-14,2026-07-14,
[JUL]_[N]_Vídeo_Oferta S10,2026-07-14,inactive,campaign,AutoShow Lages [Chevrolet],444965579796662,27.27,1148,840,10,2.727,Conversas por mensagem iniciadas,1,27.27,2026-07-14,2026-07-14,
[AGO]_[N]_Card_Consórcio Day [Permanente],2026-07-14,active,campaign,AutoShow Lages [Chevrolet],444965579796662,29.98,1320,1119,6,499.666.667,Conversas por mensagem iniciadas,3,999.333.333,2026-07-14,2026-07-14,
[JUN]_[SN]_Carrossel_Ofertas,2026-07-14,active,campaign,AutoShow Lages [Chevrolet],444965579796662,42.28,2428,1382,57,74.175.439,Conversas por mensagem iniciadas,3,1.409.333.333,2026-07-14,2026-07-14,
[JUL]_[N]_Card_Oferta [Chance única][E: 13.07],2026-07-13,inactive,campaign,AutoShow Lages [Chevrolet],444965579796662,14.18,1016,823,10,1.418,,,,2026-07-13,2026-07-13,
[JUN]_[SN]_Carrossel_Ofertas,2026-07-13,active,campaign,AutoShow Lages [Chevrolet],444965579796662,33.93,1413,838,24,141.375,Conversas por mensagem iniciadas,4,8.4825,2026-07-13,2026-07-13,
[AGO]_[N]_Card_Consórcio Day [Permanente],2026-07-13,active,campaign,AutoShow Lages [Chevrolet],444965579796662,21.18,795,628,5,4.236,Conversas por mensagem iniciadas,2,10.59,2026-07-13,2026-07-13,
[JUL]_[N]_Card_Oferta,2026-07-13,inactive,campaign,AutoShow Lages [Chevrolet],444965579796662,43.37,1718,1046,17,255.117.647,Conversas por mensagem iniciadas,6,722.833.333,2026-07-13,2026-07-13,
[JUL]_[N]_Vídeo_Oferta S10,2026-07-13,inactive,campaign,AutoShow Lages [Chevrolet],444965579796662,17.15,818,607,4,4.2875,,,,2026-07-13,2026-07-13,
[JUL]_[N]_Vídeo_Oferta S10,2026-07-12,inactive,campaign,AutoShow Lages [Chevrolet],444965579796662,20.71,1022,749,12,172.583.333,Conversas por mensagem iniciadas,2,10.355,2026-07-12,2026-07-12,
[JUL]_[N]_Card_Oferta [Chance única][E: 13.07],2026-07-12,inactive,campaign,AutoShow Lages [Chevrolet],444965579796662,93,6230,4316,37,251.351.351,Conversas por mensagem iniciadas,3,31,2026-07-12,2026-07-12,
[AGO]_[N]_Card_Consórcio Day [Permanente],2026-07-12,active,campaign,AutoShow Lages [Chevrolet],444965579796662,19.18,979,801,5,3.836,Conversas por mensagem iniciadas,2,9.59,2026-07-12,2026-07-12,
[JUN]_[SN]_Carrossel_Ofertas,2026-07-12,active,campaign,AutoShow Lages [Chevrolet],444965579796662,30.61,2126,1416,42,72.880.952,Conversas por mensagem iniciadas,2,15.305,2026-07-12,2026-07-12,
[JUL]_[N]_Vídeo_Oferta S10,2026-07-11,inactive,campaign,AutoShow Lages [Chevrolet],444965579796662,15.23,754,569,8,190.375,Conversas por mensagem iniciadas,2,7.615,2026-07-11,2026-07-11,
[JUL]_[N]_Card_Oferta [Chance única][E: 13.07],2026-07-11,inactive,campaign,AutoShow Lages [Chevrolet],444965579796662,91.29,7739,5566,49,186.306.122,Conversas por mensagem iniciadas,5,18.258,2026-07-11,2026-07-11,
[AGO]_[N]_Card_Consórcio Day [Permanente],2026-07-11,active,campaign,AutoShow Lages [Chevrolet],444965579796662,18.31,865,706,11,166.454.545,Conversas por mensagem iniciadas,8,228.875,2026-07-11,2026-07-11,
[JUN]_[SN]_Carrossel_Ofertas,2026-07-11,active,campaign,AutoShow Lages [Chevrolet],444965579796662,20.04,1880,1245,35,57.257.143,Conversas por mensagem iniciadas,2,10.02,2026-07-11,2026-07-11,
[AGO]_[N]_Card_Consórcio Day [Permanente],2026-07-10,active,campaign,AutoShow Lages [Chevrolet],444965579796662,15.51,646,580,5,3.102,Conversas por mensagem iniciadas,3,5.17,2026-07-10,2026-07-10,
[JUN]_[SN]_Carrossel_Ofertas,2026-07-10,active,campaign,AutoShow Lages [Chevrolet],444965579796662,25.96,1664,1046,41,63.317.073,Conversas por mensagem iniciadas,2,12.98,2026-07-10,2026-07-10,
[JUL]_[N]_Card_Oferta [Chance única][E: 13.07],2026-07-10,inactive,campaign,AutoShow Lages [Chevrolet],444965579796662,73.88,5349,3464,27,27.362.963,Conversas por mensagem iniciadas,1,73.88,2026-07-10,2026-07-10,
[JUL]_[N]_Vídeo_Oferta S10,2026-07-10,inactive,campaign,AutoShow Lages [Chevrolet],444965579796662,9.75,446,321,7,139.285.714,Conversas por mensagem iniciadas,5,1.95,2026-07-10,2026-07-10,
[JUN]_[SN]_Carrossel_Ofertas,2026-07-09,active,campaign,AutoShow Lages [Chevrolet],444965579796662,27.27,1790,1196,38,71.763.158,Conversas por mensagem iniciadas,4,6.8175,2026-07-09,2026-07-09,
[JUL]_[N]_Card_Oferta [Chance única][E: 13.07],2026-07-09,inactive,campaign,AutoShow Lages [Chevrolet],444965579796662,56.06,4435,3172,36,155.722.222,Conversas por mensagem iniciadas,4,14.015,2026-07-09,2026-07-09,
[AGO]_[N]_Card_Consórcio Day [Permanente],2026-07-09,active,campaign,AutoShow Lages [Chevrolet],444965579796662,8.43,341,284,5,1.686,Conversas por mensagem iniciadas,1,8.43,2026-07-09,2026-07-09,
[JUL]_[N]_Card_Consórcio Day [Edição Copa],2026-07-08,completed,campaign,AutoShow Lages [Chevrolet],444965579796662,14.7,1399,1220,15,0.98,,,,2026-07-08,2026-07-08,
[JUL]_[N]_Card_Oferta [Chance única][E: 13.07],2026-07-08,inactive,campaign,AutoShow Lages [Chevrolet],444965579796662,66.63,4476,3159,35,190.371.429,Conversas por mensagem iniciadas,4,166.575,2026-07-08,2026-07-08,
[AGO]_[N]_Card_Consórcio Day [Permanente],2026-07-08,active,campaign,AutoShow Lages [Chevrolet],444965579796662,13.46,546,473,4,3.365,Conversas por mensagem iniciadas,2,6.73,2026-07-08,2026-07-08,
[JUN]_[SN]_Carrossel_Ofertas,2026-07-08,active,campaign,AutoShow Lages [Chevrolet],444965579796662,31.64,1816,1155,32,98.875,Conversas por mensagem iniciadas,2,15.82,2026-07-08,2026-07-08,
[JUL]_[N]_Card_Consórcio Day [Edição Copa],2026-07-07,completed,campaign,AutoShow Lages [Chevrolet],444965579796662,26.78,2942,2353,15,178.533.333,Conversas por mensagem iniciadas,2,13.39,2026-07-07,2026-07-07,
[JUL]_[N]_Card_Oferta [Chance única][E: 13.07],2026-07-07,inactive,campaign,AutoShow Lages [Chevrolet],444965579796662,78.34,5078,3612,26,301.307.692,Conversas por mensagem iniciadas,2,39.17,2026-07-07,2026-07-07,
[AGO]_[N]_Card_Consórcio Day [Permanente],2026-07-07,active,campaign,AutoShow Lages [Chevrolet],444965579796662,17.97,733,604,5,3.594,Conversas por mensagem iniciadas,2,8.985,2026-07-07,2026-07-07,
[JUN]_[SN]_Carrossel_Ofertas,2026-07-07,active,campaign,AutoShow Lages [Chevrolet],444965579796662,40.28,2504,1610,53,0.76,Conversas por mensagem iniciadas,5,8.056,2026-07-07,2026-07-07,
[JUL]_[N]_Card_Consórcio Day [Edição Copa],2026-07-06,completed,campaign,AutoShow Lages [Chevrolet],444965579796662,28.03,2251,1652,16,1.751.875,Conversas por mensagem iniciadas,1,28.03,2026-07-06,2026-07-06,
[JUL]_[N]_Card_Oferta [Chance única][E: 13.07],2026-07-06,inactive,campaign,AutoShow Lages [Chevrolet],444965579796662,72.28,4173,2705,23,31.426.087,Conversas por mensagem iniciadas,1,72.28,2026-07-06,2026-07-06,
[AGO]_[N]_Card_Consórcio Day [Permanente],2026-07-06,active,campaign,AutoShow Lages [Chevrolet],444965579796662,15.19,501,428,6,253.166.667,Conversas por mensagem iniciadas,6,253.166.667,2026-07-06,2026-07-06,
[JUN]_[SN]_Carrossel_Ofertas,2026-07-06,active,campaign,AutoShow Lages [Chevrolet],444965579796662,34.83,1646,955,25,1.3932,Conversas por mensagem iniciadas,5,6.966,2026-07-06,2026-07-06,
[AGO]_[N]_Card_Consórcio Day [Permanente],2026-07-05,active,campaign,AutoShow Lages [Chevrolet],444965579796662,11.41,473,407,4,2.8525,Conversas por mensagem iniciadas,3,380.333.333,2026-07-05,2026-07-05,
[JUN]_[SN]_Carrossel_Ofertas,2026-07-05,active,campaign,AutoShow Lages [Chevrolet],444965579796662,29.54,2601,1535,39,7.574.359,,,,2026-07-05,2026-07-05,
[JUL]_[N]_Card_Consórcio Day [Edição Copa],2026-07-05,completed,campaign,AutoShow Lages [Chevrolet],444965579796662,30.49,2332,1815,12,254.083.333,Conversas por mensagem iniciadas,1,30.49,2026-07-05,2026-07-05,
[JUL]_[N]_Card_Oferta [Chance única][E: 13.07],2026-07-05,inactive,campaign,AutoShow Lages [Chevrolet],444965579796662,46.64,3615,2369,24,194.333.333,,,,2026-07-05,2026-07-05,
[JUL]_[N]_Card_Consórcio Day [Edição Copa],2026-07-04,completed,campaign,AutoShow Lages [Chevrolet],444965579796662,24.78,2520,2004,10,2.478,Conversas por mensagem iniciadas,2,12.39,2026-07-04,2026-07-04,
[JUL]_[N]_Card_Oferta [Chance única][E: 13.07],2026-07-04,inactive,campaign,AutoShow Lages [Chevrolet],444965579796662,56.87,3339,2211,32,17.771.875,Conversas por mensagem iniciadas,2,28.435,2026-07-04,2026-07-04,
[AGO]_[N]_Card_Consórcio Day [Permanente],2026-07-04,active,campaign,AutoShow Lages [Chevrolet],444965579796662,10.73,502,423,2,5.365,Conversas por mensagem iniciadas,2,5.365,2026-07-04,2026-07-04,
[JUN]_[SN]_Carrossel_Ofertas,2026-07-04,active,campaign,AutoShow Lages [Chevrolet],444965579796662,18.18,1538,951,32,568.125,Conversas por mensagem iniciadas,1,18.18,2026-07-04,2026-07-04,
[JUL]_[N]_Card_Consórcio Day [Edição Copa],2026-07-03,completed,campaign,AutoShow Lages [Chevrolet],444965579796662,6.4,647,579,2,3.2,,,,2026-07-03,2026-07-03,
[JUL]_[N]_Card_Oferta [Chance única][E: 13.07],2026-07-03,inactive,campaign,AutoShow Lages [Chevrolet],444965579796662,58.59,3218,1982,23,25.473.913,Conversas por mensagem iniciadas,2,29.295,2026-07-03,2026-07-03,
[AGO]_[N]_Card_Consórcio Day [Permanente],2026-07-03,active,campaign,AutoShow Lages [Chevrolet],444965579796662,14.27,515,413,8,178.375,Conversas por mensagem iniciadas,5,2.854,2026-07-03,2026-07-03,
[JUN]_[SN]_Carrossel_Ofertas,2026-07-03,active,campaign,AutoShow Lages [Chevrolet],444965579796662,20.78,1742,1043,44,47.227.273,Conversas por mensagem iniciadas,5,4.156,2026-07-03,2026-07-03,
[JUL]_[N]_Card_Oferta [Chance única][E: 13.07],2026-07-02,inactive,campaign,AutoShow Lages [Chevrolet],444965579796662,62.45,5062,3678,28,223.035.714,Conversas por mensagem iniciadas,7,892.142.857,2026-07-02,2026-07-02,
[AGO]_[N]_Card_Consórcio Day [Permanente],2026-07-02,active,campaign,AutoShow Lages [Chevrolet],444965579796662,6.69,357,315,3,2.23,Conversas por mensagem iniciadas,2,3.345,2026-07-02,2026-07-02,
[JUN]_[SN]_Carrossel_Ofertas,2026-07-02,active,campaign,AutoShow Lages [Chevrolet],444965579796662,28.36,1860,1168,26,109.076.923,Conversas por mensagem iniciadas,4,07.09,2026-07-02,2026-07-02,
[JUN]_[N]_Card_Oferta[Onix-é-Hexa],2026-07-01,inactive,campaign,AutoShow Lages [Chevrolet],444965579796662,9.51,549,350,5,1.902,,,,2026-07-01,2026-07-01,
[AGO]_[N]_Card_Consórcio Day [Permanente],2026-07-01,active,campaign,AutoShow Lages [Chevrolet],444965579796662,08.05,355,300,2,4.025,,,,2026-07-01,2026-07-01,
[JUN]_[N]_Card_Oferta_Sonic,2026-07-01,inactive,campaign,AutoShow Lages [Chevrolet],444965579796662,6.85,591,575,3,228.333.333,,,,2026-07-01,2026-07-01,
[JUL]_[N]_Card_Oferta [Chance única][E: 13.07],2026-07-01,inactive,campaign,AutoShow Lages [Chevrolet],444965579796662,18.99,1412,910,7,271.285.714,Conversas por mensagem iniciadas,1,18.99,2026-07-01,2026-07-01,
[JUN]_[SN]_Carrossel_Ofertas,2026-07-01,active,campaign,AutoShow Lages [Chevrolet],444965579796662,35.91,2058,1236,32,11.221.875,Conversas por mensagem iniciadas,2,17.955,2026-07-01,2026-07-01,
[JUL]_[N]_Card_Oferta — Feirão Prorrogado,2026-07-31,inactive,campaign,Autoshow Canoinhas [Chevrolet],4400096113365243,23.47,1148,660,4,5.8675,Conversas por mensagem iniciadas,2,11.735,2026-07-31,2026-07-31,
[JUN]_[SN]_Carrossel_Oferta retomar,2026-07-31,active,campaign,Autoshow Canoinhas [Chevrolet],4400096113365243,35.59,2081,1394,60,59.316.667,Conversas por mensagem iniciadas,4,8.8975,2026-07-31,2026-07-31,
[JUL]_[N]_Card_Oferta — Feirão Prorrogado,2026-07-30,inactive,campaign,Autoshow Canoinhas [Chevrolet],4400096113365243,21.91,984,584,6,365.166.667,,,,2026-07-30,2026-07-30,
[JUN]_[SN]_Carrossel_Oferta retomar,2026-07-30,active,campaign,Autoshow Canoinhas [Chevrolet],4400096113365243,37.68,2555,1652,58,64.965.517,Conversas por mensagem iniciadas,2,18.84,2026-07-30,2026-07-30,
[JUL]_[N]_Card_Oferta — Feirão Prorrogado,2026-07-29,inactive,campaign,Autoshow Canoinhas [Chevrolet],4400096113365243,26.18,1284,724,7,3.74,Conversas por mensagem iniciadas,1,26.18,2026-07-29,2026-07-29,
[JUN]_[SN]_Carrossel_Oferta retomar,2026-07-29,active,campaign,Autoshow Canoinhas [Chevrolet],4400096113365243,45.69,3391,2396,72,63.458.333,Conversas por mensagem iniciadas,4,11.4225,2026-07-29,2026-07-29,
[JUL]_[N]_Card_Oferta — Feirão Prorrogado,2026-07-28,inactive,campaign,Autoshow Canoinhas [Chevrolet],4400096113365243,42.18,1729,953,11,383.454.545,Conversas por mensagem iniciadas,2,21.09,2026-07-28,2026-07-28,
[JUL]_[N]_Card_Oferta_FeirãoTurbo_Canoinhas,2026-07-28,completed,campaign,Autoshow Canoinhas [Chevrolet],4400096113365243,0,0,0,,,Conversas por mensagem iniciadas,1,0,2026-07-28,2026-07-28,
[JUN]_[SN]_Carrossel_Oferta retomar,2026-07-28,active,campaign,Autoshow Canoinhas [Chevrolet],4400096113365243,51.47,3554,2318,87,5.916.092,Conversas por mensagem iniciadas,9,571.888.889,2026-07-28,2026-07-28,
[JUL]_[N]_Card_Oferta — Feirão Prorrogado,2026-07-27,inactive,campaign,Autoshow Canoinhas [Chevrolet],4400096113365243,12.15,427,326,6,2.025,Conversas por mensagem iniciadas,1,12.15,2026-07-27,2026-07-27,
[JUL]_[N]_Card_Oferta,2026-07-27,inactive,campaign,Autoshow Canoinhas [Chevrolet],4400096113365243,5.57,346,271,7,79.571.429,Conversas por mensagem iniciadas,2,2.785,2026-07-27,2026-07-27,
[AGO]_[N]_Card_Consórcio Day [Permanente],2026-07-27,active,campaign,Autoshow Canoinhas [Chevrolet],4400096113365243,1.49,89,73,2,745,,,,2026-07-27,2026-07-27,
[JUN]_[SN]_Carrossel_Oferta retomar,2026-07-27,active,campaign,Autoshow Canoinhas [Chevrolet],4400096113365243,36.38,2362,1813,66,55.121.212,Conversas por mensagem iniciadas,1,36.38,2026-07-27,2026-07-27,
[AGO]_[N]_Card_Consórcio Day [Permanente],2026-07-26,active,campaign,Autoshow Canoinhas [Chevrolet],4400096113365243,18.28,1050,840,4,4.57,Conversas por mensagem iniciadas,1,18.28,2026-07-26,2026-07-26,
[JUN]_[SN]_Carrossel_Oferta retomar,2026-07-26,active,campaign,Autoshow Canoinhas [Chevrolet],4400096113365243,51.32,4055,2873,74,69.351.351,Conversas por mensagem iniciadas,3,1.710.666.667,2026-07-26,2026-07-26,
[JUL]_[N]_Card_Oferta_FeirãoTurbo_Canoinhas,2026-07-26,completed,campaign,Autoshow Canoinhas [Chevrolet],4400096113365243,38.76,2410,1779,9,430.666.667,,,,2026-07-26,2026-07-26,
[JUL]_[N]_Card_Oferta,2026-07-26,inactive,campaign,Autoshow Canoinhas [Chevrolet],4400096113365243,50.24,4119,2859,28,179.428.571,Conversas por mensagem iniciadas,5,10.048,2026-07-26,2026-07-26,
[JUL]_[N]_Card_Oferta_FeirãoTurbo_Canoinhas,2026-07-25,completed,campaign,Autoshow Canoinhas [Chevrolet],4400096113365243,55.36,3197,2033,14,395.428.571,Conversas por mensagem iniciadas,2,27.68,2026-07-25,2026-07-25,
[JUL]_[N]_Card_Oferta,2026-07-25,inactive,campaign,Autoshow Canoinhas [Chevrolet],4400096113365243,50.06,3895,2615,19,263.473.684,Conversas por mensagem iniciadas,1,50.06,2026-07-25,2026-07-25,
[JUL]_[N]_Vídeo_Oferta,2026-07-25,inactive,campaign,Autoshow Canoinhas [Chevrolet],4400096113365243,8.81,363,326,15,58.733.333,,,,2026-07-25,2026-07-25,
[AGO]_[N]_Card_Consórcio Day [Permanente],2026-07-25,active,campaign,Autoshow Canoinhas [Chevrolet],4400096113365243,17.34,1124,903,6,2.89,,,,2026-07-25,2026-07-25,
[JUN]_[SN]_Carrossel_Oferta retomar,2026-07-25,active,campaign,Autoshow Canoinhas [Chevrolet],4400096113365243,22.98,1829,1360,33,69.636.364,Conversas por mensagem iniciadas,3,7.66,2026-07-25,2026-07-25,
[JUL]_[N]_Card_Oferta_FeirãoTurbo_Canoinhas,2026-07-24,completed,campaign,Autoshow Canoinhas [Chevrolet],4400096113365243,58.37,3220,2058,12,486.416.667,Conversas por mensagem iniciadas,2,29.185,2026-07-24,2026-07-24,
[JUL]_[N]_Card_Oferta,2026-07-24,inactive,campaign,Autoshow Canoinhas [Chevrolet],4400096113365243,60.83,4674,2975,28,2.1725,Conversas por mensagem iniciadas,3,2.027.666.667,2026-07-24,2026-07-24,
[JUL]_[N]_Vídeo_Oferta,2026-07-24,inactive,campaign,Autoshow Canoinhas [Chevrolet],4400096113365243,17.24,536,419,19,90.736.842,,,,2026-07-24,2026-07-24,
[AGO]_[N]_Card_Consórcio Day [Permanente],2026-07-24,active,campaign,Autoshow Canoinhas [Chevrolet],4400096113365243,16.31,1455,1157,9,181.222.222,Conversas por mensagem iniciadas,1,16.31,2026-07-24,2026-07-24,
[JUN]_[SN]_Carrossel_Oferta retomar,2026-07-24,active,campaign,Autoshow Canoinhas [Chevrolet],4400096113365243,32.62,1798,1240,49,66.571.429,Conversas por mensagem iniciadas,4,8.155,2026-07-24,2026-07-24,
[AGO]_[N]_Card_Consórcio Day [Permanente],2026-07-23,active,campaign,Autoshow Canoinhas [Chevrolet],4400096113365243,14.91,1068,867,2,7.455,Conversas por mensagem iniciadas,1,14.91,2026-07-23,2026-07-23,
[JUN]_[SN]_Carrossel_Oferta retomar,2026-07-23,active,campaign,Autoshow Canoinhas [Chevrolet],4400096113365243,37.7,2195,1610,57,66.140.351,Conversas por mensagem iniciadas,3,1.256.666.667,2026-07-23,2026-07-23,
[JUL]_[N]_Card_Oferta,2026-07-23,inactive,campaign,Autoshow Canoinhas [Chevrolet],4400096113365243,51.83,3580,2387,20,2.5915,Conversas por mensagem iniciadas,3,1.727.666.667,2026-07-23,2026-07-23,
[JUL]_[N]_Vídeo_Oferta,2026-07-23,inactive,campaign,Autoshow Canoinhas [Chevrolet],4400096113365243,17.3,473,371,20,865,,,,2026-07-23,2026-07-23,
[JUL]_[N]_Card_Oferta_FeirãoTurbo_Canoinhas,2026-07-23,completed,campaign,Autoshow Canoinhas [Chevrolet],4400096113365243,56,2721,1702,20,2.8,Conversas por mensagem iniciadas,2,28,2026-07-23,2026-07-23,
[JUL]_[N]_Card_Oferta_FeirãoTurbo_Canoinhas,2026-07-22,completed,campaign,Autoshow Canoinhas [Chevrolet],4400096113365243,41.64,2080,1324,20,2.082,Conversas por mensagem iniciadas,3,13.88,2026-07-22,2026-07-22,
[JUL]_[N]_Card_Oferta,2026-07-22,inactive,campaign,Autoshow Canoinhas [Chevrolet],4400096113365243,61.86,4708,2939,29,213.310.345,Conversas por mensagem iniciadas,4,15.465,2026-07-22,2026-07-22,
[JUL]_[N]_Vídeo_Oferta,2026-07-22,inactive,campaign,Autoshow Canoinhas [Chevrolet],4400096113365243,20.11,484,340,19,105.842.105,,,,2026-07-22,2026-07-22,
[AGO]_[N]_Card_Consórcio Day [Permanente],2026-07-22,active,campaign,Autoshow Canoinhas [Chevrolet],4400096113365243,21.03,1135,835,8,262.875,Conversas por mensagem iniciadas,1,21.03,2026-07-22,2026-07-22,
[JUN]_[SN]_Carrossel_Oferta retomar,2026-07-22,active,campaign,Autoshow Canoinhas [Chevrolet],4400096113365243,40.14,2576,1887,54,74.333.333,Conversas por mensagem iniciadas,5,8.028,2026-07-22,2026-07-22,
[JUL]_[N]_Card_Oferta,2026-07-21,inactive,campaign,Autoshow Canoinhas [Chevrolet],4400096113365243,70.41,5810,3603,36,195.583.333,Conversas por mensagem iniciadas,2,35.205,2026-07-21,2026-07-21,
[JUL]_[N]_Vídeo_Oferta,2026-07-21,inactive,campaign,Autoshow Canoinhas [Chevrolet],4400096113365243,30.03,856,639,47,63.893.617,,,,2026-07-21,2026-07-21,
[AGO]_[N]_Card_Consórcio Day [Permanente],2026-07-21,active,campaign,Autoshow Canoinhas [Chevrolet],4400096113365243,26.6,1405,1121,9,295.555.556,Conversas por mensagem iniciadas,3,886.666.667,2026-07-21,2026-07-21,
[JUN]_[SN]_Carrossel_Oferta retomar,2026-07-21,active,campaign,Autoshow Canoinhas [Chevrolet],4400096113365243,51.79,3432,2440,85,60.929.412,Conversas por mensagem iniciadas,1,51.79,2026-07-21,2026-07-21,
[JUN]_[SN]_Carrossel_Oferta retomar,2026-07-20,active,campaign,Autoshow Canoinhas [Chevrolet],4400096113365243,52.34,2510,1820,93,5.627.957,Conversas por mensagem iniciadas,6,872.333.333,2026-07-20,2026-07-20,
[AGO]_[N]_Card_Consórcio Day [Permanente],2026-07-20,active,campaign,Autoshow Canoinhas [Chevrolet],4400096113365243,23.18,1988,1541,4,5.795,Conversas por mensagem iniciadas,1,23.18,2026-07-20,2026-07-20,
[JUL]_[N]_Vídeo_Oferta,2026-07-20,inactive,campaign,Autoshow Canoinhas [Chevrolet],4400096113365243,29.71,1102,792,31,9.583.871,,,,2026-07-20,2026-07-20,
[JUL]_[N]_Card_Oferta,2026-07-20,inactive,campaign,Autoshow Canoinhas [Chevrolet],4400096113365243,65.35,5702,3540,34,192.205.882,Conversas por mensagem iniciadas,1,65.35,2026-07-20,2026-07-20,
[JUL]_[N]_Card_Oferta,2026-07-19,inactive,campaign,Autoshow Canoinhas [Chevrolet],4400096113365243,59.36,6112,3857,34,174.588.235,Conversas por mensagem iniciadas,2,29.68,2026-07-19,2026-07-19,
[JUL]_[N]_Vídeo_Oferta,2026-07-19,inactive,campaign,Autoshow Canoinhas [Chevrolet],4400096113365243,35.97,1666,1108,35,102.771.429,,,,2026-07-19,2026-07-19,
[AGO]_[N]_Card_Consórcio Day [Permanente],2026-07-19,active,campaign,Autoshow Canoinhas [Chevrolet],4400096113365243,20.5,2169,1552,7,292.857.143,Conversas por mensagem iniciadas,2,10.25,2026-07-19,2026-07-19,
[JUN]_[SN]_Carrossel_Oferta retomar,2026-07-19,active,campaign,Autoshow Canoinhas [Chevrolet],4400096113365243,42.43,2656,1888,72,58.930.556,Conversas por mensagem iniciadas,3,1.414.333.333,2026-07-19,2026-07-19,
[JUL]_[N]_Card_Oferta,2026-07-18,inactive,campaign,Autoshow Canoinhas [Chevrolet],4400096113365243,38.89,3037,2073,17,228.764.706,Conversas por mensagem iniciadas,4,9.7225,2026-07-18,2026-07-18,
[JUL]_[N]_Vídeo_Oferta,2026-07-18,inactive,campaign,Autoshow Canoinhas [Chevrolet],4400096113365243,25.07,947,690,33,75.969.697,,,,2026-07-18,2026-07-18,
[AGO]_[N]_Card_Consórcio Day [Permanente],2026-07-18,active,campaign,Autoshow Canoinhas [Chevrolet],4400096113365243,13.66,1189,925,4,3.415,Conversas por mensagem iniciadas,3,455.333.333,2026-07-18,2026-07-18,
[JUN]_[SN]_Carrossel_Oferta retomar,2026-07-18,active,campaign,Autoshow Canoinhas [Chevrolet],4400096113365243,21.52,1532,1232,41,52.487.805,Conversas por mensagem iniciadas,1,21.52,2026-07-18,2026-07-18,
[JUN]_[SN]_Carrossel_Oferta retomar,2026-07-17,active,campaign,Autoshow Canoinhas [Chevrolet],4400096113365243,30.04,1848,1420,47,63.914.894,Conversas por mensagem iniciadas,2,15.02,2026-07-17,2026-07-17,
[JUL]_[N]_Card_Oferta,2026-07-17,inactive,campaign,Autoshow Canoinhas [Chevrolet],4400096113365243,54.55,5629,3520,41,13.304.878,Conversas por mensagem iniciadas,2,27.275,2026-07-17,2026-07-17,
[JUL]_[N]_Vídeo_Oferta,2026-07-17,inactive,campaign,Autoshow Canoinhas [Chevrolet],4400096113365243,26.61,849,625,42,63.357.143,,,,2026-07-17,2026-07-17,
[JUL]_[N]_Card_Oferta [Chance única] [E:1307],2026-07-17,inactive,campaign,Autoshow Canoinhas [Chevrolet],4400096113365243,0,0,0,,,Conversas por mensagem iniciadas,1,0,2026-07-17,2026-07-17,
[AGO]_[N]_Card_Consórcio Day [Permanente],2026-07-17,active,campaign,Autoshow Canoinhas [Chevrolet],4400096113365243,14.36,1231,1013,3,478.666.667,Conversas por mensagem iniciadas,1,14.36,2026-07-17,2026-07-17,
[JUL]_[N]_Card_Oferta,2026-07-16,inactive,campaign,Autoshow Canoinhas [Chevrolet],4400096113365243,58.46,7122,4064,35,167.028.571,Conversas por mensagem iniciadas,1,58.46,2026-07-16,2026-07-16,
[JUL]_[N]_Vídeo_Oferta,2026-07-16,inactive,campaign,Autoshow Canoinhas [Chevrolet],4400096113365243,35.8,1132,789,70,51.142.857,,,,2026-07-16,2026-07-16,
[JUL]_[N]_Card_Oferta [Chance única] [E:1307],2026-07-16,inactive,campaign,Autoshow Canoinhas [Chevrolet],4400096113365243,0,0,0,,,Conversas por mensagem iniciadas,1,0,2026-07-16,2026-07-16,
[AGO]_[N]_Card_Consórcio Day [Permanente],2026-07-16,active,campaign,Autoshow Canoinhas [Chevrolet],4400096113365243,16.09,1248,974,2,8.045,,,,2026-07-16,2026-07-16,
[JUN]_[SN]_Carrossel_Oferta retomar,2026-07-16,active,campaign,Autoshow Canoinhas [Chevrolet],4400096113365243,36.31,2617,1994,75,48.413.333,Conversas por mensagem iniciadas,4,9.0775,2026-07-16,2026-07-16,
[JUL]_[N]_Card_Oferta,2026-07-15,inactive,campaign,Autoshow Canoinhas [Chevrolet],4400096113365243,70.26,9322,5180,66,106.454.545,Conversas por mensagem iniciadas,3,23.42,2026-07-15,2026-07-15,
[JUL]_[N]_Vídeo_Oferta,2026-07-15,inactive,campaign,Autoshow Canoinhas [Chevrolet],4400096113365243,43.48,1285,914,61,71.278.689,,,,2026-07-15,2026-07-15,
[AGO]_[N]_Card_Consórcio Day [Permanente],2026-07-15,active,campaign,Autoshow Canoinhas [Chevrolet],4400096113365243,23.18,1378,1086,4,5.795,,,,2026-07-15,2026-07-15,
[JUN]_[SN]_Carrossel_Oferta retomar,2026-07-15,active,campaign,Autoshow Canoinhas [Chevrolet],4400096113365243,42.66,3060,2287,67,63.671.642,Conversas por mensagem iniciadas,3,14.22,2026-07-15,2026-07-15,
[JUL]_[N]_Card_Oferta,2026-07-14,inactive,campaign,Autoshow Canoinhas [Chevrolet],4400096113365243,69.99,6024,3460,33,212.090.909,Conversas por mensagem iniciadas,2,34.995,2026-07-14,2026-07-14,
[JUL]_[N]_Vídeo_Oferta,2026-07-14,inactive,campaign,Autoshow Canoinhas [Chevrolet],4400096113365243,33.14,969,707,38,87.210.526,,,,2026-07-14,2026-07-14,
[AGO]_[N]_Card_Consórcio Day [Permanente],2026-07-14,active,campaign,Autoshow Canoinhas [Chevrolet],4400096113365243,28.05,1780,1516,2,14.025,Conversas por mensagem iniciadas,1,28.05,2026-07-14,2026-07-14,
[JUN]_[SN]_Carrossel_Oferta retomar,2026-07-14,active,campaign,Autoshow Canoinhas [Chevrolet],4400096113365243,53.2,4937,3511,114,46.666.667,Conversas por mensagem iniciadas,6,886.666.667,2026-07-14,2026-07-14,
[AGO]_[N]_Card_Consórcio Day [Permanente],2026-07-13,active,campaign,Autoshow Canoinhas [Chevrolet],4400096113365243,24.04,1187,825,4,06.01,Conversas por mensagem iniciadas,1,24.04,2026-07-13,2026-07-13,
[JUN]_[SN]_Carrossel_Oferta retomar,2026-07-13,active,campaign,Autoshow Canoinhas [Chevrolet],4400096113365243,54.11,3545,2607,85,63.658.824,Conversas por mensagem iniciadas,6,901.833.333,2026-07-13,2026-07-13,
[JUL]_[N]_Card_Oferta,2026-07-13,inactive,campaign,Autoshow Canoinhas [Chevrolet],4400096113365243,39.38,3007,1586,14,281.285.714,Conversas por mensagem iniciadas,1,39.38,2026-07-13,2026-07-13,
[JUL]_[N]_Card_Oferta [Chance única] [E:1307],2026-07-13,inactive,campaign,Autoshow Canoinhas [Chevrolet],4400096113365243,8.72,744,557,7,124.571.429,Conversas por mensagem iniciadas,1,8.72,2026-07-13,2026-07-13,
[JUL]_[N]_Vídeo_Oferta,2026-07-13,inactive,campaign,Autoshow Canoinhas [Chevrolet],4400096113365243,34.89,1647,1212,52,67.096.154,,,,2026-07-13,2026-07-13,
[JUL]_[N]_Vídeo_Oferta,2026-07-12,inactive,campaign,Autoshow Canoinhas [Chevrolet],4400096113365243,10.69,496,402,17,62.882.353,,,,2026-07-12,2026-07-12,
[JUL]_[N]_Card_Oferta [Chance única] [E:1307],2026-07-12,inactive,campaign,Autoshow Canoinhas [Chevrolet],4400096113365243,61.46,4857,3296,27,22.762.963,Conversas por mensagem iniciadas,3,2.048.666.667,2026-07-12,2026-07-12,
[AGO]_[N]_Card_Consórcio Day [Permanente],2026-07-12,active,campaign,Autoshow Canoinhas [Chevrolet],4400096113365243,20.61,1400,1083,2,10.305,Conversas por mensagem iniciadas,1,20.61,2026-07-12,2026-07-12,
[JUN]_[SN]_Carrossel_Oferta retomar,2026-07-12,active,campaign,Autoshow Canoinhas [Chevrolet],4400096113365243,42.14,3264,2360,87,48.436.782,Conversas por mensagem iniciadas,6,702.333.333,2026-07-12,2026-07-12,
[JUL]_[N]_Vídeo_Oferta,2026-07-11,inactive,campaign,Autoshow Canoinhas [Chevrolet],4400096113365243,16.99,995,709,21,80.904.762,,,,2026-07-11,2026-07-11,
[JUL]_[N]_Card_Oferta [Chance única] [E:1307],2026-07-11,inactive,campaign,Autoshow Canoinhas [Chevrolet],4400096113365243,42.26,5316,3662,23,18.373.913,Conversas por mensagem iniciadas,1,42.26,2026-07-11,2026-07-11,
[AGO]_[N]_Card_Consórcio Day [Permanente],2026-07-11,active,campaign,Autoshow Canoinhas [Chevrolet],4400096113365243,12.32,1427,1078,4,03.08,,,,2026-07-11,2026-07-11,
[JUN]_[SN]_Carrossel_Oferta retomar,2026-07-11,active,campaign,Autoshow Canoinhas [Chevrolet],4400096113365243,21.36,1417,1100,39,54.769.231,Conversas por mensagem iniciadas,1,21.36,2026-07-11,2026-07-11,
[AGO]_[N]_Card_Consórcio Day [Permanente],2026-07-10,active,campaign,Autoshow Canoinhas [Chevrolet],4400096113365243,14.57,720,544,3,485.666.667,Conversas por mensagem iniciadas,2,7.285,2026-07-10,2026-07-10,
[JUN]_[SN]_Carrossel_Oferta retomar,2026-07-10,active,campaign,Autoshow Canoinhas [Chevrolet],4400096113365243,34.69,2366,1637,55,63.072.727,Conversas por mensagem iniciadas,4,8.6725,2026-07-10,2026-07-10,
[JUL]_[N]_Card_Oferta [Chance única] [E:1307],2026-07-10,inactive,campaign,Autoshow Canoinhas [Chevrolet],4400096113365243,44.83,3884,2457,27,166.037.037,Conversas por mensagem iniciadas,2,22.415,2026-07-10,2026-07-10,
[JUL]_[N]_Vídeo_Oferta,2026-07-10,inactive,campaign,Autoshow Canoinhas [Chevrolet],4400096113365243,7.64,437,347,6,127.333.333,,,,2026-07-10,2026-07-10,
[JUL]_[N]_Card_Oferta [Chance única] [E:1307],2026-07-09,inactive,campaign,Autoshow Canoinhas [Chevrolet],4400096113365243,53.66,6142,4161,30,178.866.667,Conversas por mensagem iniciadas,1,53.66,2026-07-09,2026-07-09,
[AGO]_[N]_Card_Consórcio Day [Permanente],2026-07-09,active,campaign,Autoshow Canoinhas [Chevrolet],4400096113365243,19.43,1285,988,3,647.666.667,Conversas por mensagem iniciadas,1,19.43,2026-07-09,2026-07-09,
[JUN]_[SN]_Carrossel_Oferta retomar,2026-07-09,active,campaign,Autoshow Canoinhas [Chevrolet],4400096113365243,40.05,2890,2200,61,65.655.738,Conversas por mensagem iniciadas,6,6.675,2026-07-09,2026-07-09,
[JUL]_[N]_Card_Oferta [Chance única] [E:1307],2026-07-08,inactive,campaign,Autoshow Canoinhas [Chevrolet],4400096113365243,67.91,6963,4673,36,188.638.889,Conversas por mensagem iniciadas,1,67.91,2026-07-08,2026-07-08,
[AGO]_[N]_Card_Consórcio Day [Permanente],2026-07-08,active,campaign,Autoshow Canoinhas [Chevrolet],4400096113365243,21.89,1186,904,2,10.945,Conversas por mensagem iniciadas,1,21.89,2026-07-08,2026-07-08,
[JUN]_[SN]_Carrossel_Oferta retomar,2026-07-08,active,campaign,Autoshow Canoinhas [Chevrolet],4400096113365243,47.35,3143,2254,68,69.632.353,Conversas por mensagem iniciadas,2,23.675,2026-07-08,2026-07-08,
[JUL]_[N]_Card_Oferta [Chance única] [E:1307],2026-07-07,inactive,campaign,Autoshow Canoinhas [Chevrolet],4400096113365243,82.42,5608,3569,29,284.206.897,Conversas por mensagem iniciadas,2,41.21,2026-07-07,2026-07-07,
[AGO]_[N]_Card_Consórcio Day [Permanente],2026-07-07,active,campaign,Autoshow Canoinhas [Chevrolet],4400096113365243,28.2,1555,1122,10,2.82,Conversas por mensagem iniciadas,3,9.4,2026-07-07,2026-07-07,
[JUN]_[SN]_Carrossel_Oferta retomar,2026-07-07,active,campaign,Autoshow Canoinhas [Chevrolet],4400096113365243,49.29,2950,2066,76,64.855.263,Conversas por mensagem iniciadas,7,704.142.857,2026-07-07,2026-07-07,
[JUN]_[SN]_Carrossel_Oferta retomar,2026-07-06,active,campaign,Autoshow Canoinhas [Chevrolet],4400096113365243,44.17,2711,1825,64,69.015.625,Conversas por mensagem iniciadas,1,44.17,2026-07-06,2026-07-06,
[AGO]_[N]_Card_Consórcio Day [Permanente],2026-07-06,active,campaign,Autoshow Canoinhas [Chevrolet],4400096113365243,25.14,1758,1157,2,12.57,,,,2026-07-06,2026-07-06,
[JUL]_[N]_Card_Oferta [Chance única] [E:1307],2026-07-06,inactive,campaign,Autoshow Canoinhas [Chevrolet],4400096113365243,80.88,6570,4103,30,2.696,Conversas por mensagem iniciadas,4,20.22,2026-07-06,2026-07-06,
[JUL]_[N]_Card_Oferta [Chance única] [E:1307],2026-07-05,inactive,campaign,Autoshow Canoinhas [Chevrolet],4400096113365243,47.82,6291,4393,36,132.833.333,Conversas por mensagem iniciadas,3,15.94,2026-07-05,2026-07-05,
[JUN]_[N]_Card_Chance Única - 06/2026,2026-07-05,inactive,campaign,Autoshow Canoinhas [Chevrolet],4400096113365243,0,0,0,,,Conversas por mensagem iniciadas,1,0,2026-07-05,2026-07-05,
[AGO]_[N]_Card_Consórcio Day [Permanente],2026-07-05,active,campaign,Autoshow Canoinhas [Chevrolet],4400096113365243,18.34,1418,1018,3,611.333.333,,,,2026-07-05,2026-07-05,
[JUN]_[SN]_Carrossel_Oferta retomar,2026-07-05,active,campaign,Autoshow Canoinhas [Chevrolet],4400096113365243,43.03,3390,2320,49,87.816.327,Conversas por mensagem iniciadas,2,21.515,2026-07-05,2026-07-05,
[JUL]_[N]_Card_Oferta [Chance única] [E:1307],2026-07-04,inactive,campaign,Autoshow Canoinhas [Chevrolet],4400096113365243,65.35,5989,4051,37,176.621.622,Conversas por mensagem iniciadas,5,13.07,2026-07-04,2026-07-04,
[AGO]_[N]_Card_Consórcio Day [Permanente],2026-07-04,active,campaign,Autoshow Canoinhas [Chevrolet],4400096113365243,23.42,1679,1159,8,2.9275,,,,2026-07-04,2026-07-04,
[JUN]_[SN]_Carrossel_Oferta retomar,2026-07-04,active,campaign,Autoshow Canoinhas [Chevrolet],4400096113365243,19.24,1449,1114,39,49.333.333,Conversas por mensagem iniciadas,1,19.24,2026-07-04,2026-07-04,
[JUL]_[N]_Card_Oferta [Chance única] [E:1307],2026-07-03,inactive,campaign,Autoshow Canoinhas [Chevrolet],4400096113365243,52.05,4098,2577,14,371.785.714,Conversas por mensagem iniciadas,2,26.025,2026-07-03,2026-07-03,
[AGO]_[N]_Card_Consórcio Day [Permanente],2026-07-03,active,campaign,Autoshow Canoinhas [Chevrolet],4400096113365243,21.01,1163,831,3,700.333.333,Conversas por mensagem iniciadas,1,21.01,2026-07-03,2026-07-03,
[JUN]_[SN]_Carrossel_Oferta retomar,2026-07-03,active,campaign,Autoshow Canoinhas [Chevrolet],4400096113365243,32.25,2542,1753,55,58.636.364,Conversas por mensagem iniciadas,3,10.75,2026-07-03,2026-07-03,
[AGO]_[N]_Card_Consórcio Day [Permanente],2026-07-02,active,campaign,Autoshow Canoinhas [Chevrolet],4400096113365243,12.18,732,581,2,06.09,Conversas por mensagem iniciadas,2,06.09,2026-07-02,2026-07-02,
[JUN]_[SN]_Carrossel_Oferta retomar,2026-07-02,active,campaign,Autoshow Canoinhas [Chevrolet],4400096113365243,38.52,3635,2604,70,55.028.571,Conversas por mensagem iniciadas,5,7.704,2026-07-02,2026-07-02,
[JUL]_[N]_Card_Oferta [Chance única] [E:1307],2026-07-02,inactive,campaign,Autoshow Canoinhas [Chevrolet],4400096113365243,57.45,4226,2547,22,261.136.364,Conversas por mensagem iniciadas,2,28.725,2026-07-02,2026-07-02,
[JUN]_[N]_Card_Chance Única - 06/2026,2026-07-01,inactive,campaign,Autoshow Canoinhas [Chevrolet],4400096113365243,7.17,901,843,6,1.195,,,,2026-07-01,2026-07-01,
[AGO]_[N]_Card_Consórcio Day [Permanente],2026-07-01,active,campaign,Autoshow Canoinhas [Chevrolet],4400096113365243,12.58,760,571,2,6.29,,,,2026-07-01,2026-07-01,
[JUL]_[N]_Card_Oferta [Chance única] [E:1307],2026-07-01,inactive,campaign,Autoshow Canoinhas [Chevrolet],4400096113365243,21.27,1464,1021,6,3.545,Conversas por mensagem iniciadas,2,10.635,2026-07-01,2026-07-01,
[JUN]_[SN]_Carrossel_Oferta retomar,2026-07-01,active,campaign,Autoshow Canoinhas [Chevrolet],4400096113365243,43.46,4869,3315,86,50.534.884,Conversas por mensagem iniciadas,3,1.448.666.667,2026-07-01,2026-07-01,
[JUL]_[N]_Card_Oferta — Feirão Prorrogado,2026-07-31,inactive,campaign,Autoshow Joaçaba [Chevrolet],686916755253210,19.43,1290,861,8,242.875,,,,2026-07-31,2026-07-31,
[JUN]_[SN]_Carrossel_Oferta,2026-07-31,active,campaign,Autoshow Joaçaba [Chevrolet],686916755253210,17.04,1124,763,15,1.136,Conversas por mensagem iniciadas,2,8.52,2026-07-31,2026-07-31,
[JUL]_[N]_Card_Oferta — Feirão Prorrogado,2026-07-30,inactive,campaign,Autoshow Joaçaba [Chevrolet],686916755253210,20.17,1053,764,8,252.125,,,,2026-07-30,2026-07-30,
[JUN]_[SN]_Carrossel_Oferta,2026-07-30,active,campaign,Autoshow Joaçaba [Chevrolet],686916755253210,17.27,1668,1063,16,1.079.375,Conversas por mensagem iniciadas,2,8.635,2026-07-30,2026-07-30,
[JUL]_[N]_Card_Oferta — Feirão Prorrogado,2026-07-29,inactive,campaign,Autoshow Joaçaba [Chevrolet],686916755253210,31.65,4243,3749,20,1.5825,Conversas por mensagem iniciadas,3,10.55,2026-07-29,2026-07-29,
[JUN]_[SN]_Carrossel_Oferta,2026-07-29,active,campaign,Autoshow Joaçaba [Chevrolet],686916755253210,25.94,2544,1543,29,89.448.276,,,,2026-07-29,2026-07-29,
[JUL]_[N]_Card_Oferta — Feirão Prorrogado,2026-07-28,inactive,campaign,Autoshow Joaçaba [Chevrolet],686916755253210,44.39,2325,1320,11,403.545.455,Conversas por mensagem iniciadas,3,1.479.666.667,2026-07-28,2026-07-28,
[JUN]_[SN]_Carrossel_Oferta,2026-07-28,active,campaign,Autoshow Joaçaba [Chevrolet],686916755253210,29.43,2774,1634,34,86.558.824,Conversas por mensagem iniciadas,1,29.43,2026-07-28,2026-07-28,
[JUL]_[N]_Card_Oferta — Feirão Prorrogado,2026-07-27,inactive,campaign,Autoshow Joaçaba [Chevrolet],686916755253210,10.16,552,415,4,2.54,Conversas por mensagem iniciadas,2,05.08,2026-07-27,2026-07-27,
[JUN]_[SN]_Carrossel_Oferta,2026-07-27,active,campaign,Autoshow Joaçaba [Chevrolet],686916755253210,15.06,1640,1073,20,753,Conversas por mensagem iniciadas,2,7.53,2026-07-27,2026-07-27,
[JUL]_[N]_Card_Oferta,2026-07-27,inactive,campaign,Autoshow Joaçaba [Chevrolet],686916755253210,06.05,249,218,3,201.666.667,,,,2026-07-27,2026-07-27,
[AGO]_[N]_Card_Consórcio Day [Permanente],2026-07-27,active,campaign,Autoshow Joaçaba [Chevrolet],686916755253210,04.05,142,134,,,,,,2026-07-27,2026-07-27,
[JUL]_[N]_Card_Oferta,2026-07-26,inactive,campaign,Autoshow Joaçaba [Chevrolet],686916755253210,52.4,4889,3512,29,180.689.655,Conversas por mensagem iniciadas,1,52.4,2026-07-26,2026-07-26,
[AGO]_[N]_Card_Consórcio Day [Permanente],2026-07-26,active,campaign,Autoshow Joaçaba [Chevrolet],686916755253210,53.98,2619,2082,5,10.796,Conversas por mensagem iniciadas,2,26.99,2026-07-26,2026-07-26,
[JUN]_[SN]_Carrossel_Oferta,2026-07-26,active,campaign,Autoshow Joaçaba [Chevrolet],686916755253210,17.12,2511,1578,30,57.066.667,,,,2026-07-26,2026-07-26,
[JUL]_[N]_Card_Oferta_FeirãoTurbo,2026-07-26,inactive,campaign,Autoshow Joaçaba [Chevrolet],686916755253210,16.52,2092,1558,11,150.181.818,Conversas por mensagem iniciadas,1,16.52,2026-07-26,2026-07-26,
[JUL]_[N]_Card_Oferta_FeirãoTurbo,2026-07-25,inactive,campaign,Autoshow Joaçaba [Chevrolet],686916755253210,20.97,2047,1444,14,149.785.714,,,,2026-07-25,2026-07-25,
[JUN]_[SN]_Carrossel_Oferta,2026-07-25,active,campaign,Autoshow Joaçaba [Chevrolet],686916755253210,13.16,1258,814,16,8.225,Conversas por mensagem iniciadas,2,6.58,2026-07-25,2026-07-25,
[JUL]_[N]_Card_Oferta,2026-07-25,inactive,campaign,Autoshow Joaçaba [Chevrolet],686916755253210,49.64,4280,3057,31,160.129.032,Conversas por mensagem iniciadas,4,12.41,2026-07-25,2026-07-25,
[JUL]_[N]_Vídeo_Oferta,2026-07-25,inactive,campaign,Autoshow Joaçaba [Chevrolet],686916755253210,10.47,603,508,2,5.235,,,,2026-07-25,2026-07-25,
[AGO]_[N]_Card_Consórcio Day [Permanente],2026-07-25,active,campaign,Autoshow Joaçaba [Chevrolet],686916755253210,52.85,3113,2546,6,880.833.333,Conversas por mensagem iniciadas,3,1.761.666.667,2026-07-25,2026-07-25,
[JUL]_[N]_Card_Oferta_FeirãoTurbo,2026-07-24,inactive,campaign,Autoshow Joaçaba [Chevrolet],686916755253210,25.03,2380,1541,25,1.2012,Conversas por mensagem iniciadas,1,25.03,2026-07-24,2026-07-24,
[JUN]_[SN]_Carrossel_Oferta,2026-07-24,active,campaign,Autoshow Joaçaba [Chevrolet],686916755253210,18.96,1793,1069,27,70.222.222,Conversas por mensagem iniciadas,2,9.48,2026-07-24,2026-07-24,
[JUL]_[N]_Card_Oferta,2026-07-24,inactive,campaign,Autoshow Joaçaba [Chevrolet],686916755253210,57.36,4924,3401,33,173.818.182,Conversas por mensagem iniciadas,2,28.68,2026-07-24,2026-07-24,
[JUL]_[N]_Vídeo_Oferta,2026-07-24,inactive,campaign,Autoshow Joaçaba [Chevrolet],686916755253210,19.68,1077,884,1,19.68,,,,2026-07-24,2026-07-24,
[AGO]_[N]_Card_Consórcio Day [Permanente],2026-07-24,active,campaign,Autoshow Joaçaba [Chevrolet],686916755253210,56.95,3572,2738,11,517.727.273,Conversas por mensagem iniciadas,5,11.39,2026-07-24,2026-07-24,
[JUL]_[N]_Vídeo_Oferta,2026-07-23,inactive,campaign,Autoshow Joaçaba [Chevrolet],686916755253210,17.03,869,678,4,4.2575,Conversas por mensagem iniciadas,1,17.03,2026-07-23,2026-07-23,
[AGO]_[N]_Card_Consórcio Day [Permanente],2026-07-23,active,campaign,Autoshow Joaçaba [Chevrolet],686916755253210,55.43,3212,2514,11,503.909.091,Conversas por mensagem iniciadas,6,923.833.333,2026-07-23,2026-07-23,
[JUL]_[N]_Card_Oferta_FeirãoTurbo,2026-07-23,inactive,campaign,Autoshow Joaçaba [Chevrolet],686916755253210,28.31,2306,1357,13,217.769.231,Conversas por mensagem iniciadas,2,14.155,2026-07-23,2026-07-23,
[JUL]_[N]_Card_Oferta,2026-07-23,inactive,campaign,Autoshow Joaçaba [Chevrolet],686916755253210,56.13,4929,3352,36,155.916.667,Conversas por mensagem iniciadas,2,28.065,2026-07-23,2026-07-23,
[JUN]_[SN]_Carrossel_Oferta,2026-07-23,active,campaign,Autoshow Joaçaba [Chevrolet],686916755253210,17.59,2163,1345,24,73.291.667,Conversas por mensagem iniciadas,3,586.333.333,2026-07-23,2026-07-23,
[JUL]_[N]_Card_Oferta_FeirãoTurbo,2026-07-22,inactive,campaign,Autoshow Joaçaba [Chevrolet],686916755253210,9.99,505,360,6,1.665,,,,2026-07-22,2026-07-22,
[JUN]_[SN]_Carrossel_Oferta,2026-07-22,active,campaign,Autoshow Joaçaba [Chevrolet],686916755253210,20.76,2508,1438,39,53.230.769,Conversas por mensagem iniciadas,3,6.92,2026-07-22,2026-07-22,
[JUL]_[N]_Card_Oferta,2026-07-22,inactive,campaign,Autoshow Joaçaba [Chevrolet],686916755253210,63.41,5967,4196,47,134.914.894,Conversas por mensagem iniciadas,3,2.113.666.667,2026-07-22,2026-07-22,
[JUL]_[N]_Vídeo_Oferta,2026-07-22,inactive,campaign,Autoshow Joaçaba [Chevrolet],686916755253210,21.98,1233,963,2,10.99,,,,2026-07-22,2026-07-22,
[AGO]_[N]_Card_Consórcio Day [Permanente],2026-07-22,active,campaign,Autoshow Joaçaba [Chevrolet],686916755253210,59.61,3318,2533,11,541.909.091,Conversas por mensagem iniciadas,10,5.961,2026-07-22,2026-07-22,
[JUN]_[SN]_Carrossel_Oferta,2026-07-21,active,campaign,Autoshow Joaçaba [Chevrolet],686916755253210,27.45,2298,1345,39,70.384.615,Conversas por mensagem iniciadas,3,9.15,2026-07-21,2026-07-21,
[JUL]_[N]_Card_Oferta,2026-07-21,inactive,campaign,Autoshow Joaçaba [Chevrolet],686916755253210,75.09,6471,4379,36,208.583.333,Conversas por mensagem iniciadas,3,25.03,2026-07-21,2026-07-21,
[JUL]_[N]_Vídeo_Oferta,2026-07-21,inactive,campaign,Autoshow Joaçaba [Chevrolet],686916755253210,23.81,1249,926,1,23.81,,,,2026-07-21,2026-07-21,
[AGO]_[N]_Card_Consórcio Day [Permanente],2026-07-21,active,campaign,Autoshow Joaçaba [Chevrolet],686916755253210,66.38,3141,2448,12,553.166.667,Conversas por mensagem iniciadas,7,948.285.714,2026-07-21,2026-07-21,
[JUL]_[N]_Vídeo_Oferta,2026-07-20,inactive,campaign,Autoshow Joaçaba [Chevrolet],686916755253210,33.51,1876,1444,3,11.17,Conversas por mensagem iniciadas,1,33.51,2026-07-20,2026-07-20,
[AGO]_[N]_Card_Consórcio Day [Permanente],2026-07-20,active,campaign,Autoshow Joaçaba [Chevrolet],686916755253210,63.19,3619,2861,6,1.053.166.667,Conversas por mensagem iniciadas,1,63.19,2026-07-20,2026-07-20,
[JUN]_[SN]_Carrossel_Oferta,2026-07-20,active,campaign,Autoshow Joaçaba [Chevrolet],686916755253210,6.68,556,418,8,835,Conversas por mensagem iniciadas,1,6.68,2026-07-20,2026-07-20,
[JUL]_[N]_Card_Oferta,2026-07-20,inactive,campaign,Autoshow Joaçaba [Chevrolet],686916755253210,61.77,6163,4409,40,154.425,Conversas por mensagem iniciadas,5,12.354,2026-07-20,2026-07-20,
[JUL]_[N]_Card_Oferta,2026-07-19,inactive,campaign,Autoshow Joaçaba [Chevrolet],686916755253210,56.49,6714,4741,39,144.846.154,Conversas por mensagem iniciadas,1,56.49,2026-07-19,2026-07-19,
[JUL]_[N]_Vídeo_Oferta,2026-07-19,inactive,campaign,Autoshow Joaçaba [Chevrolet],686916755253210,38.74,3052,2181,12,322.833.333,,,,2026-07-19,2026-07-19,
[AGO]_[N]_Card_Consórcio Day [Permanente],2026-07-19,active,campaign,Autoshow Joaçaba [Chevrolet],686916755253210,65.49,5778,4429,19,344.684.211,Conversas por mensagem iniciadas,3,21.83,2026-07-19,2026-07-19,
[JUL]_[N]_Card_Oferta,2026-07-18,inactive,campaign,Autoshow Joaçaba [Chevrolet],686916755253210,32.31,2820,1929,22,146.863.636,Conversas por mensagem iniciadas,3,10.77,2026-07-18,2026-07-18,
[JUL]_[N]_Vídeo_Oferta,2026-07-18,inactive,campaign,Autoshow Joaçaba [Chevrolet],686916755253210,30.05,1933,1366,10,3.005,Conversas por mensagem iniciadas,3,1.001.666.667,2026-07-18,2026-07-18,
[AGO]_[N]_Card_Consórcio Day [Permanente],2026-07-18,active,campaign,Autoshow Joaçaba [Chevrolet],686916755253210,39.64,2921,2322,7,566.285.714,Conversas por mensagem iniciadas,3,1.321.333.333,2026-07-18,2026-07-18,
[JUL]_[N]_Card_Oferta,2026-07-17,inactive,campaign,Autoshow Joaçaba [Chevrolet],686916755253210,47.59,5428,3653,24,198.291.667,Conversas por mensagem iniciadas,1,47.59,2026-07-17,2026-07-17,
[JUL]_[N]_Vídeo_Oferta,2026-07-17,inactive,campaign,Autoshow Joaçaba [Chevrolet],686916755253210,32.99,1954,1434,15,219.933.333,Conversas por mensagem iniciadas,4,8.2475,2026-07-17,2026-07-17,
[AGO]_[N]_Card_Consórcio Day [Permanente],2026-07-17,active,campaign,Autoshow Joaçaba [Chevrolet],686916755253210,47.77,3285,2674,17,2.81,Conversas por mensagem iniciadas,5,9.554,2026-07-17,2026-07-17,
[JUL]_[N]_Card_Oferta,2026-07-16,inactive,campaign,Autoshow Joaçaba [Chevrolet],686916755253210,50.79,7269,4657,45,112.866.667,Conversas por mensagem iniciadas,2,25.395,2026-07-16,2026-07-16,
[JUL]_[N]_Vídeo_Oferta,2026-07-16,inactive,campaign,Autoshow Joaçaba [Chevrolet],686916755253210,38.56,2550,1784,13,296.615.385,,,,2026-07-16,2026-07-16,
[JUL]_[N]_Card_Oferta [Chance única][E:1307],2026-07-16,inactive,campaign,Autoshow Joaçaba [Chevrolet],686916755253210,0,0,0,,,Conversas por mensagem iniciadas,1,0,2026-07-16,2026-07-16,
[AGO]_[N]_Card_Consórcio Day [Permanente],2026-07-16,active,campaign,Autoshow Joaçaba [Chevrolet],686916755253210,54.3,4367,3442,14,387.857.143,Conversas por mensagem iniciadas,2,27.15,2026-07-16,2026-07-16,
[JUL]_[N]_Card_Oferta,2026-07-15,inactive,campaign,Autoshow Joaçaba [Chevrolet],686916755253210,72.33,8625,5385,48,1.506.875,Conversas por mensagem iniciadas,5,14.466,2026-07-15,2026-07-15,
[JUL]_[N]_Vídeo_Oferta,2026-07-15,inactive,campaign,Autoshow Joaçaba [Chevrolet],686916755253210,47.88,2962,2081,20,2.394,Conversas por mensagem iniciadas,3,15.96,2026-07-15,2026-07-15,
[AGO]_[N]_Card_Consórcio Day [Permanente],2026-07-15,active,campaign,Autoshow Joaçaba [Chevrolet],686916755253210,76.82,5649,4394,16,480.125,Conversas por mensagem iniciadas,6,1.280.333.333,2026-07-15,2026-07-15,
[JUL]_[N]_Card_Oferta,2026-07-14,inactive,campaign,Autoshow Joaçaba [Chevrolet],686916755253210,80.71,7383,4655,46,175.456.522,Conversas por mensagem iniciadas,5,16.142,2026-07-14,2026-07-14,
[JUL]_[N]_Vídeo_Oferta,2026-07-14,inactive,campaign,Autoshow Joaçaba [Chevrolet],686916755253210,28.76,1689,1238,5,5.752,,,,2026-07-14,2026-07-14,
[AGO]_[N]_Card_Consórcio Day [Permanente],2026-07-14,active,campaign,Autoshow Joaçaba [Chevrolet],686916755253210,87.39,5589,4366,14,624.214.286,Conversas por mensagem iniciadas,5,17.478,2026-07-14,2026-07-14,
[JUL]_[N]_Card_Oferta [Chance única][E:1307],2026-07-13,inactive,campaign,Autoshow Joaçaba [Chevrolet],686916755253210,7.63,822,587,4,1.9075,,,,2026-07-13,2026-07-13,
[AGO]_[N]_Card_Consórcio Day [Permanente],2026-07-13,active,campaign,Autoshow Joaçaba [Chevrolet],686916755253210,64.8,2882,2236,10,6.48,Conversas por mensagem iniciadas,4,16.2,2026-07-13,2026-07-13,
[JUL]_[N]_Vídeo_Oferta,2026-07-13,inactive,campaign,Autoshow Joaçaba [Chevrolet],686916755253210,16.33,919,751,7,233.285.714,Conversas por mensagem iniciadas,1,16.33,2026-07-13,2026-07-13,
[JUL]_[N]_Card_Oferta,2026-07-13,inactive,campaign,Autoshow Joaçaba [Chevrolet],686916755253210,46.83,3609,2180,31,151.064.516,,,,2026-07-13,2026-07-13,
[JUL]_[N]_Vídeo_Oferta,2026-07-12,inactive,campaign,Autoshow Joaçaba [Chevrolet],686916755253210,14.99,828,596,2,7.495,,,,2026-07-12,2026-07-12,
[JUL]_[N]_Card_Oferta [Chance única][E:1307],2026-07-12,inactive,campaign,Autoshow Joaçaba [Chevrolet],686916755253210,45.79,5047,3096,30,152.633.333,Conversas por mensagem iniciadas,4,11.4475,2026-07-12,2026-07-12,
[AGO]_[N]_Card_Consórcio Day [Permanente],2026-07-12,active,campaign,Autoshow Joaçaba [Chevrolet],686916755253210,49.28,2663,2084,6,821.333.333,Conversas por mensagem iniciadas,1,49.28,2026-07-12,2026-07-12,
[JUL]_[N]_Vídeo_Oferta,2026-07-11,inactive,campaign,Autoshow Joaçaba [Chevrolet],686916755253210,16.79,1430,983,6,279.833.333,Conversas por mensagem iniciadas,2,8.395,2026-07-11,2026-07-11,
[JUL]_[N]_Card_Oferta [Chance única][E:1307],2026-07-11,inactive,campaign,Autoshow Joaçaba [Chevrolet],686916755253210,37.1,4939,3138,32,1.159.375,Conversas por mensagem iniciadas,2,18.55,2026-07-11,2026-07-11,
[AGO]_[N]_Card_Consórcio Day [Permanente],2026-07-11,active,campaign,Autoshow Joaçaba [Chevrolet],686916755253210,38.12,2793,2304,9,423.555.556,Conversas por mensagem iniciadas,3,1.270.666.667,2026-07-11,2026-07-11,
[JUL]_[N]_Vídeo_Oferta,2026-07-10,inactive,campaign,Autoshow Joaçaba [Chevrolet],686916755253210,6.86,602,438,2,3.43,Conversas por mensagem iniciadas,1,6.86,2026-07-10,2026-07-10,
[JUL]_[N]_Card_Oferta [Chance única][E:1307],2026-07-10,inactive,campaign,Autoshow Joaçaba [Chevrolet],686916755253210,49.02,3929,2622,24,2.0425,,,,2026-07-10,2026-07-10,
[AGO]_[N]_Card_Consórcio Day [Permanente],2026-07-10,active,campaign,Autoshow Joaçaba [Chevrolet],686916755253210,49.94,2628,2031,7,713.428.571,Conversas por mensagem iniciadas,4,12.485,2026-07-10,2026-07-10,
[JUL]_[N]_Card_Oferta [Chance única][E:1307],2026-07-09,inactive,campaign,Autoshow Joaçaba [Chevrolet],686916755253210,58.11,8029,5493,35,166.028.571,Conversas por mensagem iniciadas,5,11.622,2026-07-09,2026-07-09,
[AGO]_[N]_Card_Consórcio Day [Permanente],2026-07-09,active,campaign,Autoshow Joaçaba [Chevrolet],686916755253210,50.05,2980,2431,1,50.05,,,,2026-07-09,2026-07-09,
[JUN]_[SN]_Carrossel_Oferta,2026-07-08,inactive,campaign,Autoshow Joaçaba [Chevrolet],686916755253210,11.93,987,762,6,198.833.333,,,,2026-07-08,2026-07-08,
[AGO]_[N]_Card_Consórcio Day [Permanente],2026-07-08,active,campaign,Autoshow Joaçaba [Chevrolet],686916755253210,72.72,3789,2998,12,06.06,Conversas por mensagem iniciadas,5,14.544,2026-07-08,2026-07-08,
[JUL]_[N]_Card_Oferta [Chance única][E:1307],2026-07-08,inactive,campaign,Autoshow Joaçaba [Chevrolet],686916755253210,69.07,6761,4603,25,2.7628,Conversas por mensagem iniciadas,1,69.07,2026-07-08,2026-07-08,
[JUL]_[N]_Card_Consórcio Day [Edição Copa],2026-07-08,inactive,campaign,Autoshow Joaçaba [Chevrolet],686916755253210,18.95,1657,1277,17,111.470.588,Conversas por mensagem iniciadas,3,631.666.667,2026-07-08,2026-07-08,
[JUL]_[N]_Card_Consórcio Day [Edição Copa],2026-07-07,inactive,campaign,Autoshow Joaçaba [Chevrolet],686916755253210,33.18,3232,2417,21,1.58,,,,2026-07-07,2026-07-07,
[JUL]_[N]_Card_Oferta [Chance única][E:1307],2026-07-07,inactive,campaign,Autoshow Joaçaba [Chevrolet],686916755253210,85.23,8122,5307,37,230.351.351,,,,2026-07-07,2026-07-07,
[JUN]_[SN]_Carrossel_Oferta,2026-07-07,inactive,campaign,Autoshow Joaçaba [Chevrolet],686916755253210,30.75,2184,1491,25,1.23,Conversas por mensagem iniciadas,4,7.6875,2026-07-07,2026-07-07,
[AGO]_[N]_Card_Consórcio Day [Permanente],2026-07-07,active,campaign,Autoshow Joaçaba [Chevrolet],686916755253210,86.19,4872,3836,14,615.642.857,Conversas por mensagem iniciadas,4,215.475,2026-07-07,2026-07-07,
[JUL]_[N]_Card_Consórcio Day [Edição Copa],2026-07-06,inactive,campaign,Autoshow Joaçaba [Chevrolet],686916755253210,24.96,2811,2057,22,113.454.545,Conversas por mensagem iniciadas,1,24.96,2026-07-06,2026-07-06,
[JUL]_[N]_Card_Oferta [Chance única][E:1307],2026-07-06,inactive,campaign,Autoshow Joaçaba [Chevrolet],686916755253210,64.37,6504,3851,37,173.972.973,Conversas por mensagem iniciadas,3,2.145.666.667,2026-07-06,2026-07-06,
[JUN]_[SN]_Carrossel_Oferta,2026-07-06,inactive,campaign,Autoshow Joaçaba [Chevrolet],686916755253210,20.07,1220,759,10,2.007,,,,2026-07-06,2026-07-06,
[AGO]_[N]_Card_Consórcio Day [Permanente],2026-07-06,active,campaign,Autoshow Joaçaba [Chevrolet],686916755253210,67.96,3903,2807,16,4.2475,Conversas por mensagem iniciadas,2,33.98,2026-07-06,2026-07-06,
[JUN]_[SN]_Carrossel_Oferta,2026-07-05,inactive,campaign,Autoshow Joaçaba [Chevrolet],686916755253210,16.26,1407,1001,26,62.538.462,Conversas por mensagem iniciadas,2,8.13,2026-07-05,2026-07-05,
[AGO]_[N]_Card_Consórcio Day [Permanente],2026-07-05,active,campaign,Autoshow Joaçaba [Chevrolet],686916755253210,54.68,3489,2605,6,911.333.333,Conversas por mensagem iniciadas,2,27.34,2026-07-05,2026-07-05,
[JUL]_[N]_Card_Oferta [Chance única][E:1307],2026-07-05,inactive,campaign,Autoshow Joaçaba [Chevrolet],686916755253210,57.01,6080,3797,25,2.2804,,,,2026-07-05,2026-07-05,
[JUL]_[N]_Card_Consórcio Day [Edição Copa],2026-07-05,inactive,campaign,Autoshow Joaçaba [Chevrolet],686916755253210,22.86,2582,1897,15,1.524,Conversas por mensagem iniciadas,2,11.43,2026-07-05,2026-07-05,
[JUL]_[N]_Card_Consórcio Day [Edição Copa],2026-07-04,inactive,campaign,Autoshow Joaçaba [Chevrolet],686916755253210,23.85,2692,1972,9,2.65,,,,2026-07-04,2026-07-04,
[JUL]_[N]_Card_Oferta [Chance única][E:1307],2026-07-04,inactive,campaign,Autoshow Joaçaba [Chevrolet],686916755253210,67.47,8047,4890,55,122.672.727,Conversas por mensagem iniciadas,4,168.675,2026-07-04,2026-07-04,
[JUN]_[SN]_Carrossel_Oferta,2026-07-04,inactive,campaign,Autoshow Joaçaba [Chevrolet],686916755253210,10.09,1050,711,10,1.009,,,,2026-07-04,2026-07-04,
[AGO]_[N]_Card_Consórcio Day [Permanente],2026-07-04,active,campaign,Autoshow Joaçaba [Chevrolet],686916755253210,82.28,5973,4564,17,4.84,Conversas por mensagem iniciadas,2,41.14,2026-07-04,2026-07-04,
[JUL]_[N]_Card_Consórcio Day [Edição Copa],2026-07-03,inactive,campaign,Autoshow Joaçaba [Chevrolet],686916755253210,6.35,550,431,1,6.35,Conversas por mensagem iniciadas,1,6.35,2026-07-03,2026-07-03,
[JUL]_[N]_Card_Oferta [Chance única][E:1307],2026-07-03,inactive,campaign,Autoshow Joaçaba [Chevrolet],686916755253210,45.55,4184,2604,27,168.703.704,Conversas por mensagem iniciadas,1,45.55,2026-07-03,2026-07-03,
[JUN]_[SN]_Carrossel_Oferta,2026-07-03,inactive,campaign,Autoshow Joaçaba [Chevrolet],686916755253210,15.82,954,679,21,75.333.333,Conversas por mensagem iniciadas,3,527.333.333,2026-07-03,2026-07-03,
[AGO]_[N]_Card_Consórcio Day [Permanente],2026-07-03,active,campaign,Autoshow Joaçaba [Chevrolet],686916755253210,68.99,4685,3417,7,985.571.429,Conversas por mensagem iniciadas,2,34.495,2026-07-03,2026-07-03,
[JUN]_[SN]_Carrossel_Oferta,2026-07-02,inactive,campaign,Autoshow Joaçaba [Chevrolet],686916755253210,18.43,1571,1124,13,141.769.231,Conversas por mensagem iniciadas,1,18.43,2026-07-02,2026-07-02,
[AGO]_[N]_Card_Consórcio Day [Permanente],2026-07-02,active,campaign,Autoshow Joaçaba [Chevrolet],686916755253210,34.91,3007,2509,8,436.375,Conversas por mensagem iniciadas,2,17.455,2026-07-02,2026-07-02,
[JUL]_[N]_Card_Oferta [Chance única][E:1307],2026-07-02,inactive,campaign,Autoshow Joaçaba [Chevrolet],686916755253210,60.8,4399,2573,22,276.363.636,,,,2026-07-02,2026-07-02,
[JUN]_[SN]_Carrossel_Oferta,2026-07-01,inactive,campaign,Autoshow Joaçaba [Chevrolet],686916755253210,24.56,2570,1760,46,53.391.304,Conversas por mensagem iniciadas,2,12.28,2026-07-01,2026-07-01,
[AGO]_[N]_Card_Consórcio Day [Permanente],2026-07-01,active,campaign,Autoshow Joaçaba [Chevrolet],686916755253210,41.69,3028,2462,5,8.338,Conversas por mensagem iniciadas,2,20.845,2026-07-01,2026-07-01,
[JUL]_[N]_Card_Oferta [Chance única][E:1307],2026-07-01,inactive,campaign,Autoshow Joaçaba [Chevrolet],686916755253210,22.68,1788,1264,7,3.24,,,,2026-07-01,2026-07-01,
[JUN]_[N]_Card_Chance Única - 06/2026,2026-07-01,inactive,campaign,Autoshow Joaçaba [Chevrolet],686916755253210,24.15,2140,1730,12,2.0125,Conversas por mensagem iniciadas,1,24.15,2026-07-01,2026-07-01,
[JUL]_[N]_Card_Oferta — Feirão Prorrogado,2026-07-31,inactive,campaign,Autoshow Mafra [Chevrolet],321216505838340,37.23,1396,928,7,531.857.143,Conversas por mensagem iniciadas,2,18.615,2026-07-31,2026-07-31,
[JUL]_[N/SN]_VídeoCard_AceleraRioMafra,2026-07-31,inactive,campaign,Autoshow Mafra [Chevrolet],321216505838340,08.02,368,329,,,,,,2026-07-31,2026-07-31,
[JUL]_[N]_Card_Oferta,2026-07-31,inactive,campaign,Autoshow Mafra [Chevrolet],321216505838340,40.12,3013,1900,22,182.363.636,Conversas por mensagem iniciadas,4,10.03,2026-07-31,2026-07-31,
[AGO]_[SN]_Carrossel_Oferta,2026-07-31,active,campaign,Autoshow Mafra [Chevrolet],321216505838340,28.46,2240,1535,42,67.761.905,Conversas por mensagem iniciadas,4,7.115,2026-07-31,2026-07-31,
[JUL]_[N]_Card_Consórcio Day [Permanente],2026-07-31,active,campaign,Autoshow Mafra [Chevrolet],321216505838340,15.11,760,624,4,3.7775,Conversas por mensagem iniciadas,1,15.11,2026-07-31,2026-07-31,
[AGO]_[SN]_Carrossel_Oferta,2026-07-30,active,campaign,Autoshow Mafra [Chevrolet],321216505838340,21.62,1984,1267,32,675.625,Conversas por mensagem iniciadas,2,10.81,2026-07-30,2026-07-30,
[JUL]_[N]_Card_Consórcio Day [Permanente],2026-07-30,active,campaign,Autoshow Mafra [Chevrolet],321216505838340,16.64,641,524,7,237.714.286,Conversas por mensagem iniciadas,6,277.333.333,2026-07-30,2026-07-30,
[JUL]_[N]_Card_Oferta,2026-07-30,inactive,campaign,Autoshow Mafra [Chevrolet],321216505838340,45.72,3764,2355,17,268.941.176,Conversas por mensagem iniciadas,4,11.43,2026-07-30,2026-07-30,
[JUL]_[N/SN]_VídeoCard_AceleraRioMafra,2026-07-30,inactive,campaign,Autoshow Mafra [Chevrolet],321216505838340,6.88,370,313,2,3.44,Conversas por mensagem iniciadas,2,3.44,2026-07-30,2026-07-30,
[JUL]_[N]_Card_Oferta — Feirão Prorrogado,2026-07-30,inactive,campaign,Autoshow Mafra [Chevrolet],321216505838340,30.5,1447,1071,10,03.05,Conversas por mensagem iniciadas,4,7.625,2026-07-30,2026-07-30,
[JUL]_[N]_Card_Oferta — Feirão Prorrogado,2026-07-29,inactive,campaign,Autoshow Mafra [Chevrolet],321216505838340,53.02,3877,2679,31,171.032.258,Conversas por mensagem iniciadas,3,1.767.333.333,2026-07-29,2026-07-29,
[JUL]_[N/SN]_VídeoCard_AceleraRioMafra,2026-07-29,inactive,campaign,Autoshow Mafra [Chevrolet],321216505838340,8.71,403,342,5,1.742,Conversas por mensagem iniciadas,4,2.1775,2026-07-29,2026-07-29,
[JUL]_[N]_Card_Oferta,2026-07-29,inactive,campaign,Autoshow Mafra [Chevrolet],321216505838340,66.17,5762,3501,29,228.172.414,Conversas por mensagem iniciadas,3,2.205.666.667,2026-07-29,2026-07-29,
[AGO]_[SN]_Carrossel_Oferta,2026-07-29,active,campaign,Autoshow Mafra [Chevrolet],321216505838340,37.44,2796,1921,51,73.411.765,Conversas por mensagem iniciadas,5,7.488,2026-07-29,2026-07-29,
[JUL]_[N]_Card_Consórcio Day [Permanente],2026-07-29,active,campaign,Autoshow Mafra [Chevrolet],321216505838340,22.9,903,736,6,381.666.667,Conversas por mensagem iniciadas,6,381.666.667,2026-07-29,2026-07-29,
[AGO]_[SN]_Carrossel_Oferta,2026-07-28,active,campaign,Autoshow Mafra [Chevrolet],321216505838340,48.56,2972,1963,47,103.319.149,Conversas por mensagem iniciadas,6,809.333.333,2026-07-28,2026-07-28,
[JUL]_[N]_Card_Consórcio Day [Permanente],2026-07-28,active,campaign,Autoshow Mafra [Chevrolet],321216505838340,28.93,1094,923,9,321.444.444,Conversas por mensagem iniciadas,3,964.333.333,2026-07-28,2026-07-28,
[JUL]_[N]_Card_Oferta — Feirão Prorrogado,2026-07-28,inactive,campaign,Autoshow Mafra [Chevrolet],321216505838340,68.69,3609,2471,29,236.862.069,Conversas por mensagem iniciadas,3,2.289.666.667,2026-07-28,2026-07-28,
[JUL]_[N]_Card_Oferta,2026-07-28,inactive,campaign,Autoshow Mafra [Chevrolet],321216505838340,81.9,7377,4384,39,2.1,Conversas por mensagem iniciadas,3,27.3,2026-07-28,2026-07-28,
[JUL]_[N/SN]_VídeoCard_AceleraRioMafra,2026-07-28,inactive,campaign,Autoshow Mafra [Chevrolet],321216505838340,09.03,478,407,,,,,,2026-07-28,2026-07-28,
[JUL]_[N]_Card_Oferta — Feirão Prorrogado,2026-07-27,inactive,campaign,Autoshow Mafra [Chevrolet],321216505838340,19.87,682,544,6,331.166.667,,,,2026-07-27,2026-07-27,
[JUL]_[N/SN]_VídeoCard_AceleraRioMafra,2026-07-27,inactive,campaign,Autoshow Mafra [Chevrolet],321216505838340,9.6,442,395,1,9.6,Conversas por mensagem iniciadas,1,9.6,2026-07-27,2026-07-27,
[JUL]_[N]_Card_Oferta,2026-07-27,inactive,campaign,Autoshow Mafra [Chevrolet],321216505838340,70.12,4936,2940,36,194.777.778,Conversas por mensagem iniciadas,1,70.12,2026-07-27,2026-07-27,
[AGO]_[SN]_Carrossel_Oferta,2026-07-27,active,campaign,Autoshow Mafra [Chevrolet],321216505838340,34.52,1865,1240,35,98.628.571,Conversas por mensagem iniciadas,2,17.26,2026-07-27,2026-07-27,
[JUL]_[N]_Card_Consórcio Day [Permanente],2026-07-27,active,campaign,Autoshow Mafra [Chevrolet],321216505838340,13.42,494,393,7,191.714.286,Conversas por mensagem iniciadas,6,223.666.667,2026-07-27,2026-07-27,
[JUL]_[N/SN]_VídeoCard_AceleraRioMafra,2026-07-26,inactive,campaign,Autoshow Mafra [Chevrolet],321216505838340,6.89,379,328,2,3.445,,,,2026-07-26,2026-07-26,
[JUL]_[N]_Card_Oferta,2026-07-26,inactive,campaign,Autoshow Mafra [Chevrolet],321216505838340,53.21,5791,3572,33,161.242.424,Conversas por mensagem iniciadas,6,886.833.333,2026-07-26,2026-07-26,
[JUL]_[N]_Vídeo_Oferta,2026-07-26,inactive,campaign,Autoshow Mafra [Chevrolet],321216505838340,0,0,0,,,Conversas por mensagem iniciadas,1,0,2026-07-26,2026-07-26,
[AGO]_[SN]_Carrossel_Oferta,2026-07-26,active,campaign,Autoshow Mafra [Chevrolet],321216505838340,28.09,2524,1684,51,55.078.431,Conversas por mensagem iniciadas,2,14.045,2026-07-26,2026-07-26,
[JUL]_[N]_Card_Consórcio Day [Permanente],2026-07-26,active,campaign,Autoshow Mafra [Chevrolet],321216505838340,12.01,805,632,4,3.2025,Conversas por mensagem iniciadas,3,400.333.333,2026-07-26,2026-07-26,
[AGO]_[SN]_Carrossel_Oferta,2026-07-25,active,campaign,Autoshow Mafra [Chevrolet],321216505838340,29.54,2773,1815,43,68.697.674,Conversas por mensagem iniciadas,1,29.54,2026-07-25,2026-07-25,
[JUL]_[N]_Card_Consórcio Day [Permanente],2026-07-25,active,campaign,Autoshow Mafra [Chevrolet],321216505838340,7.69,524,459,2,3.845,,,,2026-07-25,2026-07-25,
[JUL]_[N/SN]_VídeoCard_AceleraRioMafra,2026-07-25,inactive,campaign,Autoshow Mafra [Chevrolet],321216505838340,8.57,474,402,6,142.833.333,Conversas por mensagem iniciadas,5,1.714,2026-07-25,2026-07-25,
[JUL]_[N]_Vídeo_Oferta,2026-07-25,inactive,campaign,Autoshow Mafra [Chevrolet],321216505838340,7.4,557,453,3,246.666.667,Conversas por mensagem iniciadas,4,1.85,2026-07-25,2026-07-25,
[JUL]_[N]_Card_Oferta,2026-07-25,inactive,campaign,Autoshow Mafra [Chevrolet],321216505838340,56.28,5848,3450,25,2.2512,Conversas por mensagem iniciadas,5,11.256,2026-07-25,2026-07-25,
[JUL]_[N/SN]_VídeoCard_AceleraRioMafra,2026-07-24,inactive,campaign,Autoshow Mafra [Chevrolet],321216505838340,7.35,529,456,1,7.35,Conversas por mensagem iniciadas,1,7.35,2026-07-24,2026-07-24,
[JUL]_[N]_Card_Oferta,2026-07-24,inactive,campaign,Autoshow Mafra [Chevrolet],321216505838340,48.51,4437,2830,29,167.275.862,Conversas por mensagem iniciadas,1,48.51,2026-07-24,2026-07-24,
[JUL]_[N]_Vídeo_Oferta,2026-07-24,inactive,campaign,Autoshow Mafra [Chevrolet],321216505838340,18.02,746,550,2,09.01,,,,2026-07-24,2026-07-24,
[AGO]_[SN]_Carrossel_Oferta,2026-07-24,active,campaign,Autoshow Mafra [Chevrolet],321216505838340,29.9,2452,1565,65,0.46,Conversas por mensagem iniciadas,2,14.95,2026-07-24,2026-07-24,
[JUL]_[N]_Card_Consórcio Day [Permanente],2026-07-24,active,campaign,Autoshow Mafra [Chevrolet],321216505838340,10.85,629,513,5,2.17,Conversas por mensagem iniciadas,1,10.85,2026-07-24,2026-07-24,
[JUL]_[N/SN]_VídeoCard_AceleraRioMafra,2026-07-23,inactive,campaign,Autoshow Mafra [Chevrolet],321216505838340,6.74,472,409,2,3.37,,,,2026-07-23,2026-07-23,
[JUL]_[N]_Card_Oferta,2026-07-23,inactive,campaign,Autoshow Mafra [Chevrolet],321216505838340,53.14,3682,2401,35,151.828.571,Conversas por mensagem iniciadas,4,13.285,2026-07-23,2026-07-23,
[JUL]_[N]_Vídeo_Oferta,2026-07-23,inactive,campaign,Autoshow Mafra [Chevrolet],321216505838340,18.59,719,511,4,4.6475,,,,2026-07-23,2026-07-23,
[AGO]_[SN]_Carrossel_Oferta,2026-07-23,active,campaign,Autoshow Mafra [Chevrolet],321216505838340,37.3,2179,1462,40,9.325,Conversas por mensagem iniciadas,4,9.325,2026-07-23,2026-07-23,
[JUL]_[N]_Card_Consórcio Day [Permanente],2026-07-23,active,campaign,Autoshow Mafra [Chevrolet],321216505838340,8.29,440,366,3,276.333.333,Conversas por mensagem iniciadas,3,276.333.333,2026-07-23,2026-07-23,
[JUL]_[N]_Card_Consórcio Day [Permanente],2026-07-22,active,campaign,Autoshow Mafra [Chevrolet],321216505838340,11.31,572,485,3,3.77,,,,2026-07-22,2026-07-22,
[AGO]_[SN]_Carrossel_Oferta,2026-07-22,active,campaign,Autoshow Mafra [Chevrolet],321216505838340,35.99,2868,1893,51,70.568.627,Conversas por mensagem iniciadas,7,514.142.857,2026-07-22,2026-07-22,
[JUL]_[N]_Vídeo_Oferta,2026-07-22,inactive,campaign,Autoshow Mafra [Chevrolet],321216505838340,21.2,1025,740,4,5.3,Conversas por mensagem iniciadas,1,21.2,2026-07-22,2026-07-22,
[JUL]_[N]_Card_Oferta,2026-07-22,inactive,campaign,Autoshow Mafra [Chevrolet],321216505838340,65.13,5789,3715,54,120.611.111,Conversas por mensagem iniciadas,5,13.026,2026-07-22,2026-07-22,
[JUL]_[N/SN]_VídeoCard_AceleraRioMafra,2026-07-22,inactive,campaign,Autoshow Mafra [Chevrolet],321216505838340,8.13,650,516,3,2.71,Conversas por mensagem iniciadas,2,4.065,2026-07-22,2026-07-22,
[JUL]_[N/SN]_VídeoCard_AceleraRioMafra,2026-07-21,inactive,campaign,Autoshow Mafra [Chevrolet],321216505838340,1.63,170,147,,,,,,2026-07-21,2026-07-21,
[JUL]_[N]_Card_Oferta,2026-07-21,inactive,campaign,Autoshow Mafra [Chevrolet],321216505838340,73.63,6490,4373,39,188.794.872,Conversas por mensagem iniciadas,4,184.075,2026-07-21,2026-07-21,
[JUL]_[N]_Vídeo_Oferta,2026-07-21,inactive,campaign,Autoshow Mafra [Chevrolet],321216505838340,25.37,973,710,9,281.888.889,Conversas por mensagem iniciadas,2,12.685,2026-07-21,2026-07-21,
[AGO]_[SN]_Carrossel_Oferta,2026-07-21,active,campaign,Autoshow Mafra [Chevrolet],321216505838340,35.67,2662,1691,42,84.928.571,Conversas por mensagem iniciadas,3,11.89,2026-07-21,2026-07-21,
[JUL]_[N]_Card_Consórcio Day [Permanente],2026-07-21,active,campaign,Autoshow Mafra [Chevrolet],321216505838340,14.74,636,546,1,14.74,,,,2026-07-21,2026-07-21,
[JUL]_[N]_Card_Oferta,2026-07-20,inactive,campaign,Autoshow Mafra [Chevrolet],321216505838340,63.23,6284,4007,42,150.547.619,Conversas por mensagem iniciadas,6,1.053.833.333,2026-07-20,2026-07-20,
[JUL]_[N]_Vídeo_Oferta,2026-07-20,inactive,campaign,Autoshow Mafra [Chevrolet],321216505838340,40.66,1891,1347,10,4.066,Conversas por mensagem iniciadas,1,40.66,2026-07-20,2026-07-20,
[AGO]_[SN]_Carrossel_Oferta,2026-07-20,active,campaign,Autoshow Mafra [Chevrolet],321216505838340,25.93,2771,1898,40,64.825,Conversas por mensagem iniciadas,4,6.4825,2026-07-20,2026-07-20,
[JUL]_[N]_Card_Consórcio Day [Permanente],2026-07-20,active,campaign,Autoshow Mafra [Chevrolet],321216505838340,17.1,1022,869,7,244.285.714,Conversas por mensagem iniciadas,3,5.7,2026-07-20,2026-07-20,
[JUL]_[N]_Card_Consórcio Day [Permanente],2026-07-19,active,campaign,Autoshow Mafra [Chevrolet],321216505838340,13.97,1078,876,4,3.4925,Conversas por mensagem iniciadas,3,465.666.667,2026-07-19,2026-07-19,
[JUL]_[N]_Card_Oferta,2026-07-19,inactive,campaign,Autoshow Mafra [Chevrolet],321216505838340,59.99,6980,4524,44,136.340.909,Conversas por mensagem iniciadas,5,11.998,2026-07-19,2026-07-19,
[JUL]_[N]_Vídeo_Oferta,2026-07-19,inactive,campaign,Autoshow Mafra [Chevrolet],321216505838340,42.97,2510,1784,17,252.764.706,Conversas por mensagem iniciadas,2,21.485,2026-07-19,2026-07-19,
[AGO]_[SN]_Carrossel_Oferta,2026-07-19,active,campaign,Autoshow Mafra [Chevrolet],321216505838340,29.37,3762,2591,51,57.588.235,Conversas por mensagem iniciadas,4,7.3425,2026-07-19,2026-07-19,
[JUL]_[N]_Card_Oferta,2026-07-18,inactive,campaign,Autoshow Mafra [Chevrolet],321216505838340,31.98,2925,2032,26,1.23,Conversas por mensagem iniciadas,3,10.66,2026-07-18,2026-07-18,
[JUL]_[N]_Vídeo_Oferta,2026-07-18,inactive,campaign,Autoshow Mafra [Chevrolet],321216505838340,26.15,1345,898,10,2.615,,,,2026-07-18,2026-07-18,
[AGO]_[SN]_Carrossel_Oferta,2026-07-18,active,campaign,Autoshow Mafra [Chevrolet],321216505838340,20.7,2380,1765,30,0.69,Conversas por mensagem iniciadas,5,4.14,2026-07-18,2026-07-18,
[JUL]_[N]_Card_Consórcio Day [Permanente],2026-07-18,active,campaign,Autoshow Mafra [Chevrolet],321216505838340,4.55,340,307,,,,,,2026-07-18,2026-07-18,
[JUL]_[N]_Card_Oferta,2026-07-17,inactive,campaign,Autoshow Mafra [Chevrolet],321216505838340,53.82,5263,3568,43,125.162.791,Conversas por mensagem iniciadas,7,768.857.143,2026-07-17,2026-07-17,
[JUL]_[N]_Vídeo_Oferta,2026-07-17,inactive,campaign,Autoshow Mafra [Chevrolet],321216505838340,37.78,2098,1454,17,222.235.294,Conversas por mensagem iniciadas,3,1.259.333.333,2026-07-17,2026-07-17,
[AGO]_[SN]_Carrossel_Oferta,2026-07-17,active,campaign,Autoshow Mafra [Chevrolet],321216505838340,21.32,2245,1545,36,59.222.222,Conversas por mensagem iniciadas,5,4.264,2026-07-17,2026-07-17,
[JUL]_[N]_Card_Consórcio Day [Permanente],2026-07-17,active,campaign,Autoshow Mafra [Chevrolet],321216505838340,10.92,527,454,1,10.92,Conversas por mensagem iniciadas,2,5.46,2026-07-17,2026-07-17,
[JUL]_[N]_Card_Oferta,2026-07-16,inactive,campaign,Autoshow Mafra [Chevrolet],321216505838340,52.29,7519,4432,48,1.089.375,Conversas por mensagem iniciadas,2,26.145,2026-07-16,2026-07-16,
[JUL]_[N]_Vídeo_Oferta,2026-07-16,inactive,campaign,Autoshow Mafra [Chevrolet],321216505838340,41.4,2487,1630,22,188.181.818,Conversas por mensagem iniciadas,2,20.7,2026-07-16,2026-07-16,
[AGO]_[SN]_Carrossel_Oferta,2026-07-16,active,campaign,Autoshow Mafra [Chevrolet],321216505838340,24.05,2404,1648,36,66.805.556,Conversas por mensagem iniciadas,4,6.0125,2026-07-16,2026-07-16,
[JUL]_[N]_Card_Consórcio Day [Permanente],2026-07-16,active,campaign,Autoshow Mafra [Chevrolet],321216505838340,11.06,729,611,6,184.333.333,Conversas por mensagem iniciadas,4,2.765,2026-07-16,2026-07-16,
[AGO]_[SN]_Carrossel_Oferta,2026-07-15,active,campaign,Autoshow Mafra [Chevrolet],321216505838340,35.36,3416,2269,52,0.68,Conversas por mensagem iniciadas,10,3.536,2026-07-15,2026-07-15,
[JUL]_[N]_Card_Consórcio Day [Permanente],2026-07-15,active,campaign,Autoshow Mafra [Chevrolet],321216505838340,14.97,944,822,4,3.7425,Conversas por mensagem iniciadas,1,14.97,2026-07-15,2026-07-15,
[JUL]_[N]_Vídeo_Oferta,2026-07-15,inactive,campaign,Autoshow Mafra [Chevrolet],321216505838340,38.28,2437,1668,5,7.656,,,,2026-07-15,2026-07-15,
[JUL]_[N]_Card_Oferta,2026-07-15,inactive,campaign,Autoshow Mafra [Chevrolet],321216505838340,69.27,9364,5461,66,104.954.545,Conversas por mensagem iniciadas,5,13.854,2026-07-15,2026-07-15,
[JUL]_[N]_Card_Oferta,2026-07-14,inactive,campaign,Autoshow Mafra [Chevrolet],321216505838340,76.28,6350,3602,34,224.352.941,Conversas por mensagem iniciadas,3,2.542.666.667,2026-07-14,2026-07-14,
[JUL]_[N]_Vídeo_Oferta,2026-07-14,inactive,campaign,Autoshow Mafra [Chevrolet],321216505838340,30.94,1661,1162,10,3.094,Conversas por mensagem iniciadas,2,15.47,2026-07-14,2026-07-14,
[AGO]_[SN]_Carrossel_Oferta,2026-07-14,active,campaign,Autoshow Mafra [Chevrolet],321216505838340,50.14,4114,2772,60,83.566.667,Conversas por mensagem iniciadas,9,557.111.111,2026-07-14,2026-07-14,
[JUL]_[N]_Card_Consórcio Day [Permanente],2026-07-14,active,campaign,Autoshow Mafra [Chevrolet],321216505838340,18.21,1122,983,6,3.035,Conversas por mensagem iniciadas,6,3.035,2026-07-14,2026-07-14,
[JUL]_[N]_Card_Consórcio Day [Permanente],2026-07-13,active,campaign,Autoshow Mafra [Chevrolet],321216505838340,13.22,704,579,3,440.666.667,Conversas por mensagem iniciadas,2,6.61,2026-07-13,2026-07-13,
[AGO]_[SN]_Carrossel_Oferta,2026-07-13,active,campaign,Autoshow Mafra [Chevrolet],321216505838340,39.2,2316,1582,42,93.333.333,Conversas por mensagem iniciadas,6,653.333.333,2026-07-13,2026-07-13,
[JUL]_[N]_Vídeo_Oferta,2026-07-13,inactive,campaign,Autoshow Mafra [Chevrolet],321216505838340,16.68,1264,936,,,,,,2026-07-13,2026-07-13,
[JUL]_[N]_Card_Oferta [Chance única][E:1307],2026-07-13,inactive,campaign,Autoshow Mafra [Chevrolet],321216505838340,4.75,398,313,3,158.333.333,,,,2026-07-13,2026-07-13,
[JUL]_[N]_Card_Oferta,2026-07-13,inactive,campaign,Autoshow Mafra [Chevrolet],321216505838340,46.02,2812,1556,20,2.301,Conversas por mensagem iniciadas,3,15.34,2026-07-13,2026-07-13,
[JUL]_[N]_Vídeo_Oferta,2026-07-12,inactive,campaign,Autoshow Mafra [Chevrolet],321216505838340,18.3,1304,915,7,261.428.571,Conversas por mensagem iniciadas,1,18.3,2026-07-12,2026-07-12,
[JUL]_[N]_Card_Oferta [Chance única][E:1307],2026-07-12,inactive,campaign,Autoshow Mafra [Chevrolet],321216505838340,57.6,4443,3056,24,2.4,Conversas por mensagem iniciadas,1,57.6,2026-07-12,2026-07-12,
[AGO]_[SN]_Carrossel_Oferta,2026-07-12,active,campaign,Autoshow Mafra [Chevrolet],321216505838340,33.06,3126,2138,53,62.377.358,Conversas por mensagem iniciadas,5,6.612,2026-07-12,2026-07-12,
[JUL]_[N]_Card_Consórcio Day [Permanente],2026-07-12,active,campaign,Autoshow Mafra [Chevrolet],321216505838340,11.05,736,651,2,5.525,Conversas por mensagem iniciadas,1,11.05,2026-07-12,2026-07-12,
[AGO]_[SN]_Carrossel_Oferta,2026-07-11,active,campaign,Autoshow Mafra [Chevrolet],321216505838340,26.45,2521,1737,39,67.820.513,Conversas por mensagem iniciadas,1,26.45,2026-07-11,2026-07-11,
[JUL]_[N]_Card_Consórcio Day [Permanente],2026-07-11,active,campaign,Autoshow Mafra [Chevrolet],321216505838340,05.05,355,303,1,05.05,,,,2026-07-11,2026-07-11,
[JUL]_[N]_Card_Oferta [Chance única][E:1307],2026-07-11,inactive,campaign,Autoshow Mafra [Chevrolet],321216505838340,41.25,3114,2213,13,317.307.692,Conversas por mensagem iniciadas,2,20.625,2026-07-11,2026-07-11,
[JUL]_[N]_Vídeo_Oferta,2026-07-11,inactive,campaign,Autoshow Mafra [Chevrolet],321216505838340,18.24,1583,1033,6,03.04,Conversas por mensagem iniciadas,1,18.24,2026-07-11,2026-07-11,
[JUL]_[N]_Vídeo_Oferta,2026-07-10,inactive,campaign,Autoshow Mafra [Chevrolet],321216505838340,6.36,509,401,2,3.18,,,,2026-07-10,2026-07-10,
[JUL]_[N]_Card_Oferta [Chance única][E:1307],2026-07-10,inactive,campaign,Autoshow Mafra [Chevrolet],321216505838340,49.31,3493,2369,26,189.653.846,Conversas por mensagem iniciadas,4,12.3275,2026-07-10,2026-07-10,
[AGO]_[SN]_Carrossel_Oferta,2026-07-10,active,campaign,Autoshow Mafra [Chevrolet],321216505838340,41.47,2665,1758,49,84.632.653,Conversas por mensagem iniciadas,6,691.166.667,2026-07-10,2026-07-10,
[JUL]_[N]_Card_Consórcio Day [Permanente],2026-07-10,active,campaign,Autoshow Mafra [Chevrolet],321216505838340,8.17,443,386,1,8.17,Conversas por mensagem iniciadas,1,8.17,2026-07-10,2026-07-10,
[JUL]_[N]_Card_Oferta [Chance única][E:1307],2026-07-09,inactive,campaign,Autoshow Mafra [Chevrolet],321216505838340,55.6,3264,2310,19,292.631.579,Conversas por mensagem iniciadas,1,55.6,2026-07-09,2026-07-09,
[AGO]_[SN]_Carrossel_Oferta,2026-07-09,active,campaign,Autoshow Mafra [Chevrolet],321216505838340,53.11,3926,2650,83,63.987.952,Conversas por mensagem iniciadas,4,132.775,2026-07-09,2026-07-09,
[JUL]_[N]_Card_Consórcio Day [Permanente],2026-07-09,active,campaign,Autoshow Mafra [Chevrolet],321216505838340,11.85,541,443,4,2.9625,Conversas por mensagem iniciadas,2,5.925,2026-07-09,2026-07-09,
[JUL]_[N]_Card_Oferta [Chance única][E:1307],2026-07-08,inactive,campaign,Autoshow Mafra [Chevrolet],321216505838340,70.68,4490,3229,30,2.356,Conversas por mensagem iniciadas,2,35.34,2026-07-08,2026-07-08,
[AGO]_[SN]_Carrossel_Oferta,2026-07-08,active,campaign,Autoshow Mafra [Chevrolet],321216505838340,62.1,3907,2574,70,88.714.286,Conversas por mensagem iniciadas,8,7.7625,2026-07-08,2026-07-08,
[JUL]_[N]_Card_Consórcio Day [Permanente],2026-07-08,active,campaign,Autoshow Mafra [Chevrolet],321216505838340,14.54,639,540,2,7.27,Conversas por mensagem iniciadas,2,7.27,2026-07-08,2026-07-08,
[AGO]_[SN]_Carrossel_Oferta,2026-07-07,active,campaign,Autoshow Mafra [Chevrolet],321216505838340,87.12,5600,3581,105,82.971.429,Conversas por mensagem iniciadas,6,14.52,2026-07-07,2026-07-07,
[JUL]_[N]_Card_Oferta [Chance única][E:1307],2026-07-07,inactive,campaign,Autoshow Mafra [Chevrolet],321216505838340,89.54,5538,3659,44,2.035,Conversas por mensagem iniciadas,5,17.908,2026-07-07,2026-07-07,
[JUL]_[N]_Card_Consórcio Day [Permanente],2026-07-07,active,campaign,Autoshow Mafra [Chevrolet],321216505838340,19.25,781,628,7,2.75,Conversas por mensagem iniciadas,4,4.8125,2026-07-07,2026-07-07,
[JUL]_[N]_Card_Consórcio Day [Permanente],2026-07-06,active,campaign,Autoshow Mafra [Chevrolet],321216505838340,13.74,766,595,3,4.58,Conversas por mensagem iniciadas,3,4.58,2026-07-06,2026-07-06,
[JUL]_[N]_Card_Oferta [Chance única][E:1307],2026-07-06,inactive,campaign,Autoshow Mafra [Chevrolet],321216505838340,70.91,4655,2930,27,26.262.963,Conversas por mensagem iniciadas,3,2.363.666.667,2026-07-06,2026-07-06,
[AGO]_[SN]_Carrossel_Oferta,2026-07-06,active,campaign,Autoshow Mafra [Chevrolet],321216505838340,70.39,3492,2277,61,115.393.443,Conversas por mensagem iniciadas,1,70.39,2026-07-06,2026-07-06,
[JUL]_[N]_Card_Oferta [Chance única][E:1307],2026-07-05,inactive,campaign,Autoshow Mafra [Chevrolet],321216505838340,42.55,4624,3164,25,1.702,Conversas por mensagem iniciadas,1,42.55,2026-07-05,2026-07-05,
[AGO]_[SN]_Carrossel_Oferta,2026-07-05,active,campaign,Autoshow Mafra [Chevrolet],321216505838340,51.97,4109,2657,72,72.180.556,Conversas por mensagem iniciadas,3,1.732.333.333,2026-07-05,2026-07-05,
[JUL]_[N]_Card_Consórcio Day [Permanente],2026-07-05,active,campaign,Autoshow Mafra [Chevrolet],321216505838340,11.15,566,457,,,,,,2026-07-05,2026-07-05,
[JUL]_[N]_Card_Oferta [Chance única][E:1307],2026-07-04,inactive,campaign,Autoshow Mafra [Chevrolet],321216505838340,68.66,5648,3752,44,156.045.455,Conversas por mensagem iniciadas,1,68.66,2026-07-04,2026-07-04,
[AGO]_[SN]_Carrossel_Oferta,2026-07-04,active,campaign,Autoshow Mafra [Chevrolet],321216505838340,94.38,8126,5093,143,0.66,Conversas por mensagem iniciadas,12,7.865,2026-07-04,2026-07-04,
[JUL]_[N]_Card_Consórcio Day [Permanente],2026-07-04,active,campaign,Autoshow Mafra [Chevrolet],321216505838340,14.39,837,693,8,179.875,Conversas por mensagem iniciadas,5,2.878,2026-07-04,2026-07-04,
[JUL]_[N]_Card_Oferta [Chance única][E:1307],2026-07-03,inactive,campaign,Autoshow Mafra [Chevrolet],321216505838340,52.68,3814,2604,28,188.142.857,Conversas por mensagem iniciadas,2,26.34,2026-07-03,2026-07-03,
[AGO]_[SN]_Carrossel_Oferta,2026-07-03,active,campaign,Autoshow Mafra [Chevrolet],321216505838340,64.21,4609,2795,79,81.278.481,Conversas por mensagem iniciadas,5,12.842,2026-07-03,2026-07-03,
[JUL]_[N]_Card_Consórcio Day [Permanente],2026-07-03,active,campaign,Autoshow Mafra [Chevrolet],321216505838340,14.49,733,615,4,3.6225,Conversas por mensagem iniciadas,3,4.83,2026-07-03,2026-07-03,
[AGO]_[SN]_Carrossel_Oferta,2026-07-02,active,campaign,Autoshow Mafra [Chevrolet],321216505838340,26.34,1972,1207,36,73.166.667,Conversas por mensagem iniciadas,5,5.268,2026-07-02,2026-07-02,
[JUL]_[N]_Card_Consórcio Day [Permanente],2026-07-02,active,campaign,Autoshow Mafra [Chevrolet],321216505838340,5.39,295,262,3,179.666.667,,,,2026-07-02,2026-07-02,
[JUL]_[N]_Card_Oferta [Chance única][E:1307],2026-07-02,inactive,campaign,Autoshow Mafra [Chevrolet],321216505838340,52.97,3816,2518,29,182.655.172,Conversas por mensagem iniciadas,4,132.425,2026-07-02,2026-07-02,
[AGO]_[SN]_Carrossel_Oferta,2026-07-01,active,campaign,Autoshow Mafra [Chevrolet],321216505838340,32.68,13182,9759,290,11.268.966,,,,2026-07-01,2026-07-01,
[JUL]_[N]_Card_Consórcio Day [Permanente],2026-07-01,active,campaign,Autoshow Mafra [Chevrolet],321216505838340,8.39,405,306,,,,,,2026-07-01,2026-07-01,
[JUL]_[N]_Card_Oferta [Chance única][E:1307],2026-07-01,inactive,campaign,Autoshow Mafra [Chevrolet],321216505838340,21.59,1426,1069,12,179.916.667,,,,2026-07-01,2026-07-01,
[JUN]_[N]_Card_Chance Única - 06/2026,2026-07-01,inactive,campaign,Autoshow Mafra [Chevrolet],321216505838340,8.4,450,391,3,2.8,Conversas por mensagem iniciadas,1,8.4,2026-07-01,2026-07-01,